!!!!!!
!"â£$%^
!@#$%^
!@#$%^&*
!@#$%^&*()
!qaz1qaz
!qaz2wsx
#1angel
#1baby
#1babygirl
#1bitch
#1cutie
#1girl
#1hottie
#1love
#1lover
#1mommy
#1pimp
#1princess
#1sexy
#1stunna
$$$$$$
$money
$money$
&hearts;
*****
******
*******
********
*********
**********
*love*
*star*
++++++
.....
......
/.,mnbvcxz
//////
0000
00000
000000
0000000
00000000
000000000
0000000000
000000000000000
0000001
0000007
000001
000002
000003
000005
000006
000007
000008
000009
00001
000011
00001111
000012
000013
000018
00005
00007
000111
000123
000222
000333
000555
000666
000777
000888
000999
001001
001002
001002003
001100
001122
00112233
00123
001234
00123456
001981
001982
001983
001984
001985
001986
001987
001988
001989
001990
001991
001992
001994
002526
007007
007007007
007008
007700
007bond
009900
009988
010101
01010101
010102
010103
010104
010105
010106
010107
010108
010109
01011985
01011987
01011989
01011991
010180
010181
010182
010183
010184
010185
010186
010187
010188
010189
010190
010191
010192
010193
010194
010195
010196
010203
01020304
0102030405
010203040506
010204
010205
010206
010207
010208
01021990
010283
010284
010285
010286
010287
010288
010289
010290
010291
010292
010293
010294
010295
010304
010305
010306
010307
010308
010383
010384
010385
010386
010387
010388
010389
010390
010391
010392
010393
010394
010395
010396
010403
010405
010406
010407
010408
010482
010483
010484
010485
010486
010487
010488
010489
010490
010491
010492
010493
010494
010495
010496
010504
010505
010506
010507
010508
010509
01051986
010584
010585
010586
010587
010588
010589
010590
010591
010592
010593
010594
010595
010596
010605
010606
010607
010608
010682
010683
010684
010685
010686
010687
010688
010689
010690
010691
010692
010693
010694
010695
010696
010705
010706
010707
010708
010782
010784
010785
010786
010787
010788
010789
010790
010791
010792
010793
010794
010795
010805
010806
010807
010808
010883
010884
010885
010886
010887
010888
010889
010890
010891
010892
010893
010894
010895
010896
010903
010905
010906
010907
010984
010985
010986
010987
010988
010989
010990
010991
010992
010993
011004
011005
011006
011007
011080
011083
011084
011085
011086
011087
011088
011089
011090
011091
011092
011093
011094
011105
011106
011107
011184
011185
011186
011187
011188
011189
011190
011191
011192
011193
011205
011206
011207
011282
011283
011284
011285
011286
011287
011288
011289
011290
011291
011292
011293
011294
011388
011389
011390
011406
011407
011408
011489
011587
011588
011589
011590
011591
011607
011689
011690
011691
011789
011790
011791
011792
011806
011807
011892
011982
011984
011985
011986
011987
011988
011989
011990
011991
011992
011993
012006
012007
012012
012088
012089
012090
012093
012105
012106
012107
012186
012187
012188
012189
012190
012191
012205
012207
012285
012286
012287
012288
012289
012290
012291
012292
01230123
012306
01233210
01234
012345
0123456
01234567
012345678
0123456789
01234567890
012345678910
0123654
0123654789
012369
012386
012387
012388
012389
012390
012391
012405
012406
012484
012485
012487
012488
012489
012490
012491
012492
012493
012506
012587
012588
012589
012591
012592
012593
012606
012607
012685
012686
012688
012689
012690
012786
012788
012789
012790
012792
012806
012807
012887
012888
012890
012891
012892
012893
012988
012989
012990
012992
013088
013090
013181
013186
013187
013188
013189
013190
013579
014344
01470147
01470258
0147258
0147258369
0147852
01478520
0147852369
014789
01478963
0147896325
019283
0192837465
01love
020103
020104
020105
020106
020107
020108
020183
020185
020186
020187
020188
020189
020190
020191
020192
020193
020194
020195
020202
02020202
020203
020204
020205
020206
020207
020208
020278
020282
020283
020284
020285
020286
020287
020288
020289
020290
020291
020292
020293
020294
020295
020296
020304
020305
020306
020307
020308
02031989
020382
020384
020385
020386
020387
020388
020389
020390
020391
020392
020393
020394
020395
020404
020405
020406
020407
020408
020481
020483
020484
020485
020486
020487
020488
020489
020490
020491
020492
020493
020494
020496
020506
020507
020508
020581
020582
020583
020584
020585
020586
020587
020588
020589
020590
020591
020592
020593
020594
020595
020596
020605
020606
020607
020680
020683
020684
020685
020686
020687
020688
020689
020690
020691
020692
020693
020694
020695
020696
020703
020705
020706
020707
020708
02071991
020783
020784
020785
020786
020787
020788
020789
020790
020791
020792
020793
020794
020803
020804
020805
020806
020807
020808
020883
020884
020885
020886
020887
020888
020889
020890
020891
020892
020893
020894
020896
020905
020906
020907
02091988
02091991
020983
020984
020985
020986
020987
020988
020989
020990
020991
020992
020993
020994
020995
021004
021006
021007
021021
021081
021084
021085
021086
021087
021088
021089
021090
021091
021092
021093
021094
021095
021105
021106
021107
021181
021182
021183
021184
021185
021186
021187
021188
021189
021190
021191
021192
021193
021194
021195
021202
021204
021205
021206
021207
021280
021281
021282
021283
021284
021285
021286
021287
021288
021289
021290
021291
021292
021293
021294
021306
021387
021388
021389
021390
021391
021402
021403
021404
021405
021406
021407
021408
021484
021485
021486
021487
021488
021489
021490
021491
021492
021496
021506
021507
021588
021589
021590
021591
021607
021686
021687
021688
021689
021690
021692
021787
021788
021789
021790
021805
021806
021807
021888
021889
021906
021979
021980
021981
021982
021983
021984
021985
021986
021987
021988
021989
021990
021991
021992
021993
021994
022006
022007
022086
022087
022089
022090
022091
022189
022190
022288
022291
022307
022385
022387
022389
022390
022406
022407
022486
022487
022489
022492
022505
022506
022587
022588
022589
022590
022685
022688
022689
022690
022786
022789
022790
022792
022888
022889
022890
023536333
02468
024680
0246810
030105
030106
030107
030184
030185
030186
030187
030188
030189
030190
030191
030192
030193
030194
030195
030201
030206
030207
030286
030287
030288
030289
030290
030291
030292
030293
030294
030295
030303
03030303
030304
030305
030306
030307
030308
030380
030382
030383
030384
030385
030386
030387
030388
030389
030390
030391
030392
030393
030394
030395
030405
030406
030407
030484
030485
030486
030487
030488
030489
030490
030491
030492
030493
030494
030495
030503
030505
030506
030507
030508
030582
030583
030584
030585
030586
030587
030588
030589
030590
030591
030592
030593
030594
030595
030606
030607
030609
030683
030684
030685
030686
030687
030688
030689
030690
030691
030692
030693
030694
030707
030780
030783
030784
030785
030786
030787
030788
030789
030790
030791
030792
030793
030794
030803
030805
030806
030807
030808
030883
030884
030885
030886
030887
030888
030889
030890
030891
030892
030893
030894
030905
030906
030907
030982
030983
030984
030985
030986
030987
030988
030989
030990
030991
030992
030993
030995
031005
031006
031007
031082
031083
031084
031085
031086
031087
031088
031089
031090
031091
031092
031093
031094
031095
031104
031105
031106
031107
031181
031182
031183
031184
031185
031186
031187
031188
031189
031190
031191
031192
031193
031194
031195
031204
031205
031206
031207
031280
031282
031283
031284
031285
031286
031287
031288
031289
031290
031291
031292
031293
031294
031388
031389
031390
031405
031406
031486
031487
031488
031489
031490
031492
031587
031588
031589
031590
031607
031685
031687
031689
031690
031789
031790
031791
031806
031890
031892
031905
031982
031983
031984
031985
031986
031987
031988
031989
031990
031991
031992
031995
032007
032087
032089
032091
032105
032106
032107
032186
032187
032188
032189
032190
032192
032203
032206
032288
032289
032290
032291
032306
032386
032388
032389
032390
032391
032392
032406
032407
032489
032490
032506
032585
032586
032588
032589
032590
032592
032606
032687
032688
032689
032690
032691
032692
032706
032784
032788
032789
032790
032791
032806
032889
032891
032906
032986
032988
032989
033090
040105
040106
040107
040186
040187
040188
040189
040190
040191
040192
040193
040205
040206
040207
040208
040285
040286
040287
040288
040289
040290
040291
040292
040293
040294
040304
040305
040306
040307
040386
040387
040388
040389
040390
040391
040392
040393
040404
040405
040406
040407
040408
04041988
040480
040483
040484
040485
040486
040487
040488
040489
040490
040491
040492
040493
040494
040505
040506
040507
040508
040582
040583
040584
040585
040586
040587
040588
040589
040590
040591
040592
040593
040594
040595
040605
040606
040607
040608
040682
040684
040685
040686
040687
040688
040689
040690
040691
040692
040693
040694
040706
040707
040708
040784
040785
040786
040787
040788
040789
040790
040791
040792
040793
040794
040804
040805
040806
040807
040808
040882
040884
040885
040886
040887
040888
040889
040890
040891
040892
040893
040894
040895
040904
040905
040906
040907
040983
040984
040985
040986
040987
040988
040989
040990
040991
040992
040993
040994
041004
041005
041006
041007
041084
041085
041086
041087
041088
041089
041090
041091
041092
041093
041095
041103
041104
041105
041106
041107
041180
041181
041182
041183
041184
041185
041186
041187
041188
041189
041190
041191
041192
041193
041194
041195
041203
041204
041205
041206
041207
041282
041284
041285
041286
041287
041288
041289
041290
041291
041292
041293
041294
041295
041307
041389
041390
041406
041407
041487
041488
041489
041490
041507
041585
041586
041587
041588
041590
041688
041689
041690
041788
041789
041790
041791
041806
041807
041889
041890
041906
041981
041982
041983
041984
041985
041986
041987
041988
041989
041990
041991
041992
041993
041994
042006
042007
042088
042089
042090
042091
042106
042107
042188
042190
042191
042206
042285
042286
042287
042288
042289
042291
042292
042306
042388
042389
042390
042392
042404
042487
042489
042490
042491
042587
042588
042589
042591
042688
042689
042690
042691
042788
042790
042791
042806
042889
042890
042891
042906
042988
042989
042990
043088
050105
050106
050107
050185
050186
050187
050188
050189
050190
050191
050192
050193
050194
050205
050206
050207
050283
050284
050285
050286
050287
050288
050289
050290
050291
050292
050293
050294
050305
050306
050307
050308
050382
050383
050384
050386
050387
050388
050389
050390
050391
050392
050393
050405
050406
050407
050408
05041990
050483
050485
050487
050488
050489
050490
050491
050492
050493
050494
050501
050504
050505
050506
050507
050508
05051989
050582
050583
050584
050585
050586
050587
050588
050589
050590
050591
050592
050593
050594
050595
050600
050604
050605
050606
050607
050608
050683
050684
050685
050686
050687
050688
050689
050690
050691
050692
050693
050694
050695
050705
050706
050707
050785
050786
050787
050788
050789
050790
050791
050792
050793
050804
050805
050806
050807
050884
050885
050886
050887
050888
050889
050890
050891
050892
050893
050894
050895
050903
050905
050906
050907
050983
050984
050985
050986
050987
050988
050989
050990
050991
050992
050993
051005
051006
051007
051083
051084
051085
051086
051087
051088
051089
051090
051091
051092
051093
051094
051095
051105
051106
051107
051180
051181
051182
051183
051184
051185
051186
051187
051188
051189
051190
051191
051192
051193
051194
051203
051204
051205
051206
051207
051283
051284
051285
051286
051287
051288
051289
051290
051291
051292
051293
051294
051295
051387
051388
051389
051390
051391
051405
051406
051488
051489
051490
051491
051505
051585
051587
051588
051589
051590
051592
051688
051689
051690
051789
051790
051791
051806
051889
051890
051906
051979
051981
051982
051983
051984
051985
051986
051987
051988
051989
051990
051991
051992
051993
051994
051995
052005
052006
052007
052087
052105
052186
052187
052188
052189
052190
052191
052192
052204
052289
052290
052291
052292
052305
052385
052387
052388
052389
052390
052391
052403
052485
052486
052488
052502
052505
052585
052588
052589
052590
052687
052689
052690
052788
052790
052805
052806
052887
052890
052988
052989
052990
053087
053088
053091
053188
053189
053190
053191
060102
060106
060107
060181
060183
060184
060185
060187
060188
060189
060190
060191
060192
060193
060194
060204
060205
060206
060207
060281
060286
060287
060288
060289
060290
060291
060292
060293
060294
060304
060306
060307
060385
060386
060387
060388
060389
060390
060391
060392
060393
060394
060395
060405
060406
060482
060483
060484
060485
060486
060487
060488
060489
060490
060491
060492
060493
060494
060504
060506
060584
060585
060586
060587
060588
060589
060590
060591
060592
060593
060603
060604
060605
060606
060607
060680
060683
060684
060685
060686
060687
060688
060689
060690
060691
060692
060693
060694
060695
060696
060703
060706
060707
060708
060783
060784
060785
060786
060787
060788
060789
060790
060791
060792
060793
060794
060802
060804
060805
060806
060807
060808
060885
060886
060887
060888
060889
060890
060891
060892
060893
060894
060906
060907
060981
060983
060984
060985
060986
060987
060988
060989
060990
060991
060992
060993
060994
060995
061006
061007
061083
061084
061085
061086
061087
061088
061089
061090
061091
061092
061093
061094
061104
061105
061106
061107
061180
061182
061183
061184
061185
061186
061187
061188
061189
061190
061191
061192
061193
061194
061195
061203
061204
061205
061206
061207
061282
061283
061284
061285
061286
061287
061288
061289
061290
061291
061292
061293
061294
061388
061389
061390
061391
061403
061406
061488
061489
061491
061506
061587
061589
061590
061606
061689
061690
061706
061783
061788
061789
061805
061886
061892
061906
061979
061981
061982
061983
061984
061985
061986
061987
061988
061989
061990
061991
061992
061993
061996
062003
062006
062088
062089
062090
062103
062185
062187
062188
062189
062191
062202
062286
062287
062288
062289
062290
062293
062301
062306
062387
062388
062389
062391
062406
062488
062489
062490
062491
062492
062505
062589
062590
062591
062604
062686
062689
062690
062691
062788
062790
062803
062890
062987
062988
062989
062990
062991
063088
063090
070105
070106
070107
070185
070186
070187
070188
070189
070190
070191
070192
070193
070194
070205
070207
070208
070285
070286
070287
070288
070289
070290
070291
070292
070293
070294
070304
070305
070307
070308
070385
070386
070387
070388
070389
070390
070391
070392
070393
070395
070401
070405
070406
070407
070484
070485
070486
070487
070488
070489
070490
070491
070492
070495
070503
070505
070506
070507
070584
070585
070586
070587
070588
070589
070590
070591
070592
070593
070595
070605
070607
070685
070686
070687
070688
070689
070690
070691
070692
070693
070694
070704
070705
070706
070707
070708
07071989
07071990
07072007
070781
070782
070783
070784
070785
070786
070787
070788
070789
070790
070791
070792
070793
070794
070795
070804
070805
070806
070807
070809
070884
070885
070886
070887
070888
070889
070890
070891
070892
070893
070905
070906
070907
070982
070984
070985
070986
070987
070988
070989
070990
070991
070992
070993
071006
071007
071082
071084
071085
071086
071087
071088
071089
071090
071091
071092
071093
071104
071105
071106
071107
071180
071181
071182
071183
071184
071185
071186
071187
071188
071189
071190
071191
071192
071193
071194
071203
071205
071206
071207
071283
071284
071285
071286
071287
071288
071289
071290
071291
071292
071293
071294
071295
071389
071390
071406
071407
071484
071489
071490
071506
071587
071588
071589
071590
071605
071688
071727
071789
071790
071906
071982
071983
071984
071985
071986
071987
071988
071989
071990
071991
071992
071993
071994
072187
072188
072189
072190
072205
072206
072287
072288
072289
072292
072305
072306
072307
072389
072486
072490
072586
072587
072588
072589
072591
072690
072786
072787
072789
072806
072807
072889
072890
072986
072988
072992
073189
073190
073191
080103
080104
080105
080106
080107
080108
080185
080186
080187
080188
080189
080190
080191
080192
080193
080194
080206
080208
080280
080283
080285
080287
080288
080289
080290
080291
080292
080293
080294
080305
080306
080307
080308
080385
080386
080387
080388
080389
080390
080391
080392
080393
080394
080395
080405
080406
080407
080408
080485
080486
080487
080488
080489
080490
080491
080492
080493
080494
080495
080505
080506
080507
080583
080584
080585
080586
080587
080588
080589
080590
080591
080592
080593
080594
080605
080606
080684
080685
080686
080687
080688
080689
080690
080691
080692
080693
080694
080705
080706
080785
080786
080787
080788
080789
080790
080791
080792
080793
080794
080802
080803
080804
080805
080806
080807
080808
08080808
080880
080881
080882
080883
080884
080885
080886
080887
080888
080889
080890
080891
080892
080893
080894
080895
080896
080902
080903
080905
080906
080907
080908
080982
080983
080984
080985
080986
080987
080988
080989
080990
080991
080992
080993
080994
081005
081006
081081
081083
081084
081085
081086
081087
081088
081089
081090
081091
081092
081093
081094
081104
081105
081106
081107
081180
081182
081183
081184
081185
081186
081187
081188
081189
081190
081191
081192
081193
081194
081195
081205
081206
081207
081281
081282
081283
081284
081285
081286
081287
081288
081289
081290
081291
081292
081293
081294
081305
081388
081389
081404
081405
081406
081488
081489
081490
081588
081589
081590
081690
081706
081784
081787
081788
081790
081791
081805
081806
081828
081887
081888
081889
081890
081906
081981
081982
081983
081984
081985
081986
081987
081988
081989
081990
081991
081992
081993
081994
082005
082006
082090
082104
082106
082185
082188
082189
082190
082205
082206
082287
082288
082289
082303
082388
082389
082390
082391
082407
082487
082488
082489
082492
082506
082584
082588
082589
082592
082606
082688
082689
082690
082691
082787
082788
082789
082790
082804
082806
082887
082889
082890
082891
082892
082986
082989
082990
083087
083089
083090
083188
083189
083190
090105
090106
090107
090182
090185
090186
090187
090188
090189
090190
090191
090192
090205
090206
090207
090208
090283
090285
090286
090287
090288
090289
090290
090291
090292
090293
090294
090305
090306
090384
090385
090386
090387
090388
090389
090390
090391
090392
090393
090405
090406
090484
090485
090486
090487
090488
090489
090490
090491
090492
090493
090494
090505
090506
090507
090583
090584
090585
090586
090587
090588
090589
090590
090591
090592
090593
090603
090606
090683
090684
090685
090686
090687
090688
090689
090690
090691
090692
090693
090694
090705
090706
090707
090782
090783
090784
090785
090786
090787
090788
090789
090790
090791
090792
090793
090801
090803
090804
090805
090806
090807
090884
090885
090886
090887
090888
090889
090890
090891
090892
090893
090895
090904
090905
090906
090907
090909
09090909
090979
090980
090981
090983
090984
090985
090986
090987
090988
090989
090990
090991
090992
090993
090994
090995
091005
091006
091081
091082
091084
091085
091086
091087
091088
091089
091090
091091
091092
091093
091094
091095
091101
091104
091106
091107
091180
091183
091184
091185
091186
091187
091188
091189
091190
091191
091192
091193
091204
091205
091206
091207
091281
091282
091283
091284
091285
091286
091287
091288
091289
091290
091291
091292
091293
091294
091386
091387
091388
091389
091390
091391
091487
091488
091489
091586
091588
091589
091590
091606
091686
091687
091688
091690
091691
091784
091785
091787
091788
091789
091790
091804
091806
091889
091890
091891
091892
091977
091979
091980
091982
091983
091984
091985
091986
091987
091988
091989
091990
091991
091992
091993
092006
092084
092086
092087
092088
092089
092090
092091
092182
092184
092185
092187
092189
092190
092191
092204
092206
092287
092288
092289
092290
092291
092305
092306
092382
092386
092387
092388
092389
092390
092391
092405
092484
092486
092487
092488
092489
092490
092491
092504
092587
092589
092590
092603
092685
092686
092687
092688
092689
092787
092788
092789
092790
092791
092889
092890
092891
092906
092986
092987
092988
092989
092990
093087
093088
093089
098098
09876
098765
0987654
09876543
0987654321
0range
100%angel
100%bitch
100%sexy
10000
100000
1000000
100001
10008000
100100
100101
100103
100105
100106
100107
100180
100181
100182
100183
100184
100185
100186
100187
100188
100189
100190
100191
100192
100193
100194
100195
100196
100200
100200300
100203
100204
100205
100206
100207
100208
10021990
10021991
100278
100280
100281
100282
100283
100284
100285
100286
100287
100288
100289
100290
100291
100292
100293
100294
100295
100296
100305
100306
100307
100378
100380
100381
100382
100383
100384
100385
100386
100387
100388
100389
100390
100391
100392
100393
100394
100395
100404
100405
100406
100407
100408
100480
100482
100483
100484
100485
100486
100487
100488
100489
100490
100491
100492
100493
100494
100495
100496
100502
100503
100505
100506
100507
100580
100581
100582
100583
100584
100585
100586
100587
100588
100589
100590
100591
100592
100593
100594
100595
100596
100604
100605
100606
100607
100680
100681
100682
100683
100684
100685
100686
100687
100688
100689
100690
100691
100692
100693
100694
100695
100696
100705
100706
100707
100782
100783
100784
100785
100786
100787
100788
100789
100790
100791
100792
100793
100794
100804
100805
100806
100807
100881
100882
100883
100884
100885
100886
100887
100888
100889
100890
100891
100892
100893
100894
100895
100904
100905
100906
100907
100980
100981
100982
100983
100984
100985
100986
100987
100988
100989
100990
100991
100992
100993
100994
100pre
100preteamare
1010
101001
101002
101003
101004
101005
101006
101007
101008
10101
101010
10101010
1010101010
10101986
10101987
10101988
10101989
10101991
10101992
10101993
101020
1010220
101077
101078
101079
101080
101081
101082
101083
101084
101085
101086
101087
101088
101089
101090
101091
101092
101093
101094
101095
101096
101098
101099
101100
101101
101102
101103
101104
101105
101106
101107
10111011
101112
10111213
10111987
101178
101179
101180
101181
101182
101183
101184
101185
101186
101187
101188
101189
101190
101191
101192
101193
101194
101195
101196
101197
101201
101202
101203
101204
101205
101206
101207
101210
10121012
101213
101214
10121988
10121989
10121990
10121991
10121992
101277
101278
101279
101280
101281
101282
101283
101284
101285
101286
101287
101288
101289
101290
101291
101292
101293
101294
101295
101296
101300
101301
101305
101306
101307
10131013
101380
101381
101382
101383
101385
101386
101387
101388
101389
101390
101391
101392
101393
101400
101403
101404
101405
101406
101481
101482
101483
101484
101485
101486
101487
101488
101489
101490
101491
101492
101493
101494
101502
101504
101505
101506
101520
101581
101583
101584
101585
101586
101587
101588
101589
101590
101591
101592
101593
101603
101604
101605
101606
101681
101682
101684
101685
101686
101687
101688
101689
101690
101691
101692
101693
101695
101699
101703
101705
101706
101707
101782
101783
101784
101785
101786
101787
101788
101789
101790
101791
101792
101795
101802
101803
101804
101805
101806
101807
101882
101883
101884
101886
101887
101888
101889
101890
101891
101892
101893
101894
101902
101905
101907
101976
101977
101978
101979
101980
101981
101982
101983
101984
101985
101986
101987
101988
101989
101990
101991
101992
101993
101994
101995
101996
102000
102001
102003
102004
102005
102006
102007
102008
102010
10201020
102030
10203040
1020304050
102030405060
102080
102081
102082
102083
102084
102085
102086
102087
102088
102089
102090
102091
102092
102093
102094
102095
102100
102102
102103
102104
102105
102106
102107
102181
102182
102183
102184
102185
102186
102187
102188
102189
102190
102191
102192
102193
102202
102203
102204
102205
102206
10221022
102279
102281
102282
102283
102284
102285
102286
102287
102288
102289
102290
102291
102292
102293
102303
102304
102305
102306
102307
10231023
102380
102382
102383
102384
102385
102386
102387
102388
102389
102390
102391
102392
102393
102403
102405
102406
102407
10241024
102480
102481
102482
102483
102484
102485
102486
102487
102488
102489
102490
102491
102492
102498
102500
102501
102502
102503
102505
102506
10251025
102578
102579
102581
102582
102583
102584
102585
102586
102587
102588
102589
102590
102591
102592
102593
102594
102601
102602
102605
102606
102679
102680
102681
102682
102684
102685
102686
102687
102688
102689
102690
102691
102692
102693
102694
102696
102704
102705
102706
102707
102780
102781
102783
102784
102785
102786
102787
102788
102789
102790
102791
102792
102793
102800
102803
102804
102805
102806
102880
102882
102884
102885
102886
102887
102888
102889
102890
102891
102892
102893
102894
102904
102905
102906
102938
1029384756
102980
102981
102984
102985
102986
102987
102988
102989
102990
102991
102992
102993
102994
103004
103005
103006
103080
103081
103082
103084
103085
103087
103088
103089
103090
103091
103092
103102
103103
103104
103105
103181
103182
103184
103185
103186
103187
103188
103189
103190
103191
103192
103193
103194
108108
109876
10987654321
110011
110104
110106
110107
110108
110110
110180
110183
110184
110185
110186
110187
110188
110189
110190
110191
110192
110193
110194
110195
110202
110204
110205
110206
110207
110277
110280
110282
110283
110284
110285
110286
110287
110288
110289
110290
110291
110292
110293
110294
110295
110296
110303
110304
110305
110306
110307
110379
110381
110382
110383
110384
110385
110386
110387
110388
110389
110390
110391
110392
110393
110394
110395
110396
110404
110405
110406
110407
110480
110481
110482
110483
110484
110485
110486
110487
110488
110489
110490
110491
110492
110493
110494
110495
110503
110504
110505
110506
110507
110578
110580
110581
110582
110583
110584
110585
110586
110587
110588
110589
110590
110591
110592
110593
110594
110595
110596
110603
110604
110605
110606
110607
110678
110680
110681
110682
110683
110684
110685
110686
110687
110688
110689
110690
110691
110692
110693
110694
110695
110704
110705
110706
110707
110780
110781
110782
110783
110784
110785
110786
110787
110788
110789
110790
110791
110792
110793
110794
110795
110802
110803
110804
110805
110806
110807
110808
110879
110882
110883
110884
110885
110886
110887
110888
110889
110890
110891
110892
110893
110894
110895
110902
110904
110905
110906
110907
11091989
110980
110981
110982
110983
110984
110985
110986
110987
110988
110989
110990
110991
110992
110993
110994
110995
110996
111000
111004
111005
111006
111007
111081
111082
111084
111085
111086
111087
111088
111089
111090
111091
111092
111093
111094
111095
1111
111100
111103
111104
111105
111106
111107
11111
111110
111111
1111111
11111111
111111111
1111111111
11111111111
111111111111111
111111a
111112
111116
11111991
11111a
11112
111122
11112222
111180
111181
111182
111183
111184
111185
111186
111187
111188
111189
111190
111191
111192
111193
111194
111195
111203
111204
111205
111206
111207
111208
11121112
111213
11121314
11121990
11121991
11122
111222
111222333
111279
111281
111282
111283
111284
111285
111286
111287
111288
111289
111290
111291
111292
111293
111294
111295
111333
111385
111386
111387
111388
111389
111390
111391
111403
111444
111486
111487
111488
111489
111490
111491
111506
111555
111586
111587
111588
111589
111590
111591
111592
111593
111606
111666
111687
111688
111689
111690
111691
111692
111705
111706
111777
111782
111786
111787
111788
111789
111792
111805
111806
111882
111884
111886
111887
111888
111889
111890
111891
111893
111905
111906
111975
111976
111977
111979
111980
111981
111982
111983
111984
111985
111986
111987
111988
111989
111990
111991
111992
111993
111994
111995
111996
111997
111999
111aaa
112003
112004
112005
112006
112007
112008
112081
112085
112086
112087
112088
112089
112090
112091
112092
112093
112102
112103
112104
112105
112106
112112
112143
112180
112181
112182
112183
112184
112185
112186
112187
112188
112189
112190
112191
112192
1122
112200
112202
112203
112204
112205
112206
112211
11221122
11223
112233
11223300
1122334
11223344
1122334455
112233445566
112234
112244
112255
112277
112280
112281
112282
112283
112284
112285
112286
112287
112288
112289
112290
112291
112292
112293
112294
112295
112299
112303
112304
112305
112306
112307
11231123
11234
112345
1123456
112358
11235813
1123581321
112381
112383
112384
112385
112386
112387
112388
112389
112390
112391
112392
112393
112404
112405
112406
11241124
112479
112480
112481
112483
112484
112485
112486
112487
112488
112489
112490
112491
112492
112493
112500
112503
112504
112505
112506
112525
112526
112578
112580
112583
112584
112585
112586
112587
112588
112589
112590
112591
112592
112605
112606
112681
112682
112683
112684
112685
112686
112687
112688
112689
112690
112691
112692
112693
112702
112704
112705
112706
112781
112783
112784
112785
112786
112787
112788
112789
112790
112791
112792
112795
112803
112804
112805
112806
112807
11281128
112882
112883
112884
112885
112886
112887
112888
112889
112890
112891
112892
112893
112894
112895
112903
112905
112906
112982
112983
112984
112985
112986
112987
112988
112989
112990
112991
112993
113082
113084
113085
113086
113087
113088
113089
113090
113091
113092
113093
113094
113355
1133557799
114433
114477
11501112
11501150
115115
115599
118118
120000
120101
120102
120103
120104
120105
120106
120107
120120
120179
120180
120181
120182
120183
120184
120185
120186
120187
120188
120189
120190
120191
120192
120193
120194
120195
120202
120204
120205
120206
120207
120280
120281
120282
120283
120284
120285
120286
120287
120288
120289
120290
120291
120292
120293
120294
120295
120296
120303
120304
120305
120306
120307
120308
12031990
120379
120381
120382
120383
120384
120385
120386
120387
120388
120389
120390
120391
120392
120393
120394
120395
120403
120404
120405
120406
120407
120408
12041989
120476
120479
120480
120481
120482
120483
120484
120485
120486
120487
120488
120489
120490
120491
120492
120493
120494
120495
120496
120502
120503
120504
120505
120506
120507
120508
12051988
120578
120579
120580
120581
120582
120583
120584
120585
120586
120587
120588
120589
120590
120591
120592
120593
120594
120595
120596
120597
120600
120602
120603
120604
120605
120606
120607
120608
120678
120679
120680
120681
120682
120683
120684
120685
120686
120687
120688
120689
120690
120691
120692
120693
120694
120695
120696
120703
120704
120705
120706
120707
120779
120780
120781
120782
120783
120784
120785
120786
120787
120788
120789
120790
120791
120792
120793
120794
120795
120802
120803
120804
120805
120806
120807
12081208
120878
120879
120880
120881
120882
120883
120884
120885
120886
120887
120888
120889
120890
120891
120892
120893
120894
120895
120903
120904
120905
120906
120907
12091209
12091990
120981
120982
120983
120984
120985
120986
120987
120988
120989
120990
120991
120992
120993
120994
120995
121003
121004
121005
121006
121007
121008
12101210
12101988
12101990
12101991
12101993
121075
121077
121078
121079
121080
121081
121082
121083
121084
121085
121086
121087
121088
121089
121090
121091
121092
121093
121094
121095
121103
121104
121105
121106
121107
121121
121178
121180
121181
121182
121183
121184
121185
121186
121187
121188
121189
121190
121191
121192
121193
121194
121199
1212
121200
121201
121202
121203
121204
121205
121206
121207
121208
12121
121212
1212121
12121212
1212121212
1212123
121213
12121985
12121986
12121988
12121989
12121990
12121991
121221
121224
12123
1212312121
121232
121233
121234
121277
121278
121279
121280
121281
121282
121283
121284
121285
121286
121287
121288
121289
121290
121291
121292
121293
121294
121295
121296
121297
121300
121303
121304
121306
121312
12131213
121314
12131415
1213141516
121383
121384
121385
121386
121387
121388
121389
121390
121391
121393
121402
121404
121405
121406
121407
12141214
121415
121416
121480
121481
121482
121484
121485
121486
121487
121488
121489
121490
121491
121492
121493
121495
121500
121501
121503
121504
121505
121506
12151215
121518
121580
121583
121585
121586
121587
121588
121589
121590
121591
121592
121593
121594
121600
121603
121605
121606
121607
121680
121681
121682
121683
121684
121685
121686
121687
121688
121689
121690
121691
121692
121693
121694
121703
121704
121705
121706
121781
121783
121784
121785
121786
121787
121788
121789
121790
121791
121792
121793
121802
121803
121804
121805
121806
121807
121883
121884
121885
121886
121887
121888
121889
121890
121891
121892
121893
121894
121895
121902
121903
121904
121905
121906
121907
121974
121975
121976
121977
121978
121979
121980
121981
121982
121983
121984
121985
121986
121987
121988
121989
121990
121991
121992
121993
121994
121995
121996
121997
122002
122003
122004
122005
122006
122007
122008
122081
122083
122084
122085
122086
122087
122088
122089
122090
122091
122092
122093
122094
1221
122101
122102
122103
122104
122105
122106
122107
122112
12211221
122122
122123
122181
122182
122183
122184
122185
122186
122187
122188
122189
122190
122191
122192
122193
122194
122195
122205
122206
122222
122280
122283
122284
122285
122286
122287
122288
122289
122290
122291
122292
122293
122303
122304
122305
122306
12231223
122333
1223334444
122334
122345
1223456
122381
122382
122383
122385
122386
122387
122388
122389
122390
122391
122392
122393
122400
122402
122403
122404
122405
122406
12241224
122479
122480
122481
122483
122484
122485
122486
122487
122488
122489
122490
122491
122492
122493
122494
122503
122504
122505
122506
122507
122508
122525
122529
122578
122579
122580
122581
122582
122583
122584
122585
122586
122587
122588
122589
122590
122591
122592
122593
122602
122603
122604
122605
122606
122682
122684
122685
122686
122687
122688
122689
122690
122691
122692
122702
122703
122704
122705
122706
122779
122780
122783
122784
122785
122786
122787
122788
122789
122790
122791
122792
122793
122801
122804
122805
122806
122807
122880
122881
122882
122883
122884
122885
122886
122887
122888
122889
122890
122891
122892
122893
122894
122900
122906
122980
122982
122983
122984
122985
122986
122987
122988
122989
122990
122991
122992
122993
123
12300
123000
123005
123006
123007
1230123
12301230
1230456
123082
123083
123084
123085
123086
123087
123088
123089
123090
123091
123092
123093
123098
123104
123105
12312
123123
1231230
1231231
12312312
123123123
123123123123
1231234
123123456
123123a
123147
123159
123182
123183
123184
123185
123186
123187
123188
123189
123190
123191
123192
12321
1232123
123258
123321
1233210
123321123
123345
1233456
123369
1234
12340
123400
12341
123412
1234123
12341234
1234321
12344
12344321
123445
1234456
12345
12345+
123450
123451
1234512345
123454
123454321
123455
1234554321
1234556
123456
123456*
123456+
123456.
1234560
12345600
1234561
12345612
123456123
123456123456
1234565
12345654321
1234566
123456654321
12345666
1234567
12345677
12345678
123456789
123456789*
123456789+
1234567890
1234567890-=
12345678900
12345678901
123456789012345
1234567891
12345678910
1234567891011
123456789101112
123456789123
12345678912345
123456789123456
123456789123456789
12345678987654321
1234567899
123456789987654321
123456789a
123456789abc
123456789b
123456789c
123456789d
123456789j
123456789k
123456789l
123456789m
123456789o
123456789p
123456789q
123456789r
123456789s
123456789t
12345678a
12345679
123456798
1234567a
1234567j
1234567k
1234567m
1234568
12345687
12345689
1234569
123456987
123456a
123456ab
123456abc
123456b
123456c
123456d
123456e
123456f
123456g
123456h
123456i
123456j
123456k
123456l
123456m
123456n
123456p
123456q
123456r
123456s
123456t
123456v
123456w
123456x
123456y
123456z
123457
1234578
12345789
123458
123459
12345a
12345abc
12345abcde
12345b
12345c
12345d
12345e
12345f
12345g
12345h
12345j
12345k
12345l
12345m
12345n
12345p
12345q
12345qwert
12345r
12345s
12345t
12345v
12345z
12346
123465
123467
12346789
1234abc
1234abcd
1234asdf
1234love
1234me
1234qwer
12351235
12354
123546
123555
12356
123567
12356789
1235789
123579
12358
1235813
123581321
12365
123654
1236547
12365478
123654789
123654987
123666
123678
12369
123698
1236987
12369874
123698741
123698745
123700
123789
123789456
1237895
123852
123890
123963
123987
123987456
123abc
123abc123
123abcd
123asd
123baby
123cat
123dog
123four
123kdd
123kid
123lol
123love
123pink
123qaz
123qwe
123qweasd
123qweasdzxc
123qwerty
123red
123sexy
123smile
123xyz
123zxc
124124
124356
12456
124563
124578
124578963
125125
12541254
125478
125678
125689
12589
126126
128128
12hat93
12love
12many
12monkeys
12qwas
12qwaszx
12roses
12step
12stones
130186
130187
130188
130189
130190
130191
130192
130193
130285
130286
130287
130288
130289
130290
130291
130292
130293
130385
130387
130388
130389
130390
130391
130392
130393
130394
130486
130487
130488
130489
130490
130491
130492
130493
130494
130506
130583
130585
130586
130587
130588
130589
130590
130591
130592
130593
130594
130684
130685
130686
130687
130688
130689
130690
130691
130692
130693
130694
130786
130787
130788
130789
130790
130791
130792
130793
130884
130885
130886
130887
130888
130889
130890
130891
130892
130893
130894
130984
130985
130986
130987
130988
130989
130990
130991
130993
130994
131084
131086
131087
131088
131089
131090
131091
131092
131093
131094
131131
131184
131185
131186
131187
131188
131189
131190
131191
131192
131193
131211
131284
131285
131286
131287
131288
131289
131290
131291
131292
131293
1313
131313
13131313
13141314
131415
131416
131420
1314520
131983
131984
131985
131986
131987
131988
131989
131990
131991
131992
131993
131994
131995
13211321
132132
13241324
132435
13243546
13245
132456
132465
132465798
133113
13311331
13456
134567
134679
134679258
1346795
134679852
1346798520
135135
135246
13572468
135789
13579
135790
135791
1357911
1357913579
135792
135792468
1357924680
135795
135799
13691369
13791379
13795
13love
140185
140186
140187
140188
140189
140190
140191
140192
140193
140194
140203
140204
140205
140206
140207
140208
140283
140284
140285
140286
140287
140288
140289
140290
140291
140292
140293
140294
140385
140386
140387
140388
140389
140390
140391
140392
140394
14041990
140484
140485
140486
140487
140488
140489
140490
140491
140492
140493
140583
140585
140586
140587
140588
140589
140590
140591
140592
140593
140685
140686
140687
140688
140689
140690
140691
140692
140693
140694
140786
140787
140788
140789
140790
140791
140792
140793
140794
140885
140886
140887
140888
140889
140890
140891
140892
140893
140984
140985
140986
140987
140988
140989
140990
140991
140992
140993
141084
141085
141086
141087
141088
141089
141090
141091
141092
141093
141094
141184
141185
141186
141187
141188
141189
141190
141191
141192
141194
141206
14121412
14121990
141284
141285
141286
141287
141288
141289
141290
141291
141292
141293
14141
141414
14141414
141516
141982
141984
141985
141986
141987
141988
141989
141990
141991
141992
141993
141994
141995
14231423
142536
143123
143143
143143143
143214
14321432
14324
143244
14325
143256
143341
14344
143440
143441
143442
143443
143444
143445
143445254
143446
1435254
143637
143baby
143chris
143god
143jesus
143love
143mom
145145
145236
14531453
145632
147123
147147
147147147
14725
147258
14725836
147258369
1472583690
147369
1475369
1475963
147741
147789
14785
147852
1478520
1478523
14785236
147852369
147852963
14789
147896
1478963
14789632
147896321
147896325
1478965
147963
14defebrero
150150
150184
150187
150188
150189
150190
150191
150192
150193
150286
150287
150288
150289
150290
150291
150292
150293
150294
150385
150386
150387
150388
150389
150390
150391
150392
150393
150485
150486
150487
150488
150489
150490
150491
150492
150493
150494
150585
150586
150587
150588
150589
150590
150591
150592
150595
150684
150685
150686
150687
150688
150689
150690
150691
150692
150693
150783
150785
150786
150787
150788
150789
150790
150791
150792
150793
150794
150884
150885
150886
150887
150888
150889
150890
150891
150892
150893
150906
150984
150986
150987
150988
150989
150990
150991
150992
150993
151085
151086
151087
151088
151089
151090
151091
151092
151093
151094
151183
151184
151185
151186
151187
151188
151189
151190
151191
151192
151193
151194
151206
151207
151284
151285
151286
151287
151288
151289
151290
151291
151292
151293
15151
151515
15151515
151617
151980
151983
151984
151985
151986
151987
151988
151989
151990
151991
151992
151993
151994
152207
152526
152535
153153
153426
153624
153759
156156
159123
159159
159159159
159263
159357
159357258
159357456
159357852
159456
159487
15951
15963
159632
1596321
159753
1597530
159753123
159753258
159753456
159753456852
15975346
1597535
159753852
159789
159852
15987
159874
1598741
1598753
159875321
159951
159963
160185
160186
160187
160188
160189
160190
160191
160192
160286
160287
160288
160289
160290
160291
160292
160293
160385
160387
160388
160389
160390
160391
160392
160393
160486
160487
160488
160489
160490
160491
160492
160493
160585
160586
160587
160588
160589
160590
160591
160592
160593
160594
160606
160685
160686
160687
160688
160689
160690
160691
160692
160693
160694
160785
160786
160787
160788
160789
160790
160791
160792
160793
160884
160885
160886
160887
160888
160889
160890
160891
160892
160893
160906
160985
160986
160987
160988
160989
160990
160991
160992
16101992
161086
161087
161088
161089
161090
161091
161092
161093
161182
161184
161185
161186
161187
161188
161189
161190
161191
161192
161193
161194
161206
161284
161285
161286
161287
161288
161289
161290
161291
161292
161293
161294
161616
16161616
161718
161982
161984
161986
161987
161988
161989
161990
161991
161992
161993
161994
161995
162534
167943
168168
170186
170188
170189
170190
170191
170192
170194
170284
170286
170287
170288
170289
170290
170292
170293
170386
170387
170388
170389
170390
170391
170392
170394
170486
170487
170488
170489
170490
170491
170492
170584
170585
170586
170587
170588
170589
170590
170591
170592
170593
170594
170682
170687
170688
170689
170690
170691
170692
170693
170695
170784
170785
170786
170787
170788
170789
170790
170791
170792
170793
17081945
170845
170885
170886
170887
170888
170889
170890
170891
170892
170893
170894
170984
170985
170986
170987
170988
170989
170990
170991
170992
170993
171084
171085
171086
171087
171088
171089
171090
171091
171092
171093
171094
171106
171184
171185
171186
171187
171188
171189
171190
171191
171192
171193
171205
171284
171285
171286
171287
171288
171289
171290
171291
171292
171293
171295
171717
17171717
171819
171983
171984
171985
171986
171987
171988
171989
171990
171991
171992
171993
171994
171995
172839
180188
180189
180190
180191
180192
180286
180287
180288
180289
180290
180291
180292
180293
180306
180385
180386
180387
180388
180389
180390
180391
180392
180393
180394
180484
180485
180487
180488
180489
180490
180491
180492
180493
180495
180583
180585
180587
180588
180589
180590
180591
180593
180594
180606
180684
180685
180687
180688
180689
180690
180691
180692
180693
180787
180788
180789
180790
180791
180792
180807
180885
180886
180887
180888
180889
180890
180891
180892
180893
180894
180906
180985
180986
180987
180988
180989
180990
180991
180992
180993
181087
181088
181089
181090
181091
181092
181093
181094
181106
181181
181185
181186
181187
181188
181189
181190
181191
181192
181193
181194
181285
181286
181287
181288
181289
181290
181291
181292
181293
181818
18181818
181920
181984
181985
181986
181987
181988
181989
181990
181991
181992
181993
181994
182182
182530
182838
183461
18436572
187187
187211
19001900
190187
190188
190189
190190
190191
190193
190194
190286
190287
190288
190289
190290
190291
190292
190293
19031903
190386
190387
190388
190389
190390
190391
190392
190393
190485
190487
190488
190489
190490
190491
190492
190493
190494
19051905
190586
190587
190588
190589
190590
190591
190592
190593
190684
190685
190686
190687
190688
190689
190690
190691
190692
19071907
190786
190787
190788
190789
190790
190791
190792
190807
190886
190887
190888
190889
190890
190891
190892
190893
190894
190984
190985
190986
190987
190988
190989
190990
190991
190992
190994
190995
19101990
19101992
191084
191085
191086
191087
191088
191089
191090
191091
191092
191093
191094
191095
191185
191186
191187
191188
191189
191190
191191
191192
191193
191285
191286
191287
191288
191289
191290
191291
191292
191919
19191919
191984
191985
191986
191987
191988
191989
191990
191991
191992
191993
191994
192021
192530
192837
19283746
192837465
19631963
19661966
19671967
19681968
19691969
19701970
19711971
19721972
19731973
19741974
19751975
197600
19761976
19771977
197777
197800
19781978
197900
19791979
197979
198000
198011
19801980
19802523
198026
198100
198111
19811981
198123
19812524
1982
198200
19821982
198222
198224
198225
198226
1983
198300
198310
198312
19831983
198321
198322
198323
198324
198325
1984
198400
198410
198411
198412
19841984
198421
198422
198423
198424
1985
198500
198502
198510
198511
198512
198519
19851985
198520
198521
198522
198523
198525
19852528
198555
198585
1986
198600
198605
198610
198611
198612
198613
198617
198618
198619
19861986
198620
198621
198622
198623
198686
1987
198700
198703
198705
198706
198707
198710
198711
198712
198716
198717
198718
198719
19871987
198720
198721
198722
198723
19872530
198787
1988
198800
198806
198807
198808
198810
198811
198812
198816
198817
198818
198819
19881988
198820
198821
198822
198824
19888
198888
1989
19890
198900
198903
198905
198907
198908
198909
198910
198911
198912
198913
198914
198915
198916
198917
198918
198919
19891989
198920
198922
198923
198925
198927
198928
198989
1990
19900
199000
199010
199011
199012
199015
199016
199017
199018
199019
19901990
199020
199022
199025
1991
199100
199103
199106
199108
19911
199110
199111
199112
199113
199114
199115
199116
199117
199118
199119
19911991
199121
199122
199123
199125
199126
199129
1992
199200
199203
199205
199206
199208
199210
199211
199212
199213
199214
199215
199216
199217
199219
19921992
19922
199222
199223
199224
199225
199226
199228
199292
199300
199306
199310
199311
199312
199313
199314
199315
199316
199318
199319
19931993
199321
199323
199324
199325
199328
19933
199393
199400
199408
199410
199411
199412
199413
199414
199415
199417
199418
199419
19941994
199420
199421
199422
199423
199424
199494
199500
199510
199511
199512
199513
199514
199515
199516
19951995
199520
199522
199600
199610
199611
199612
199613
19961996
19971997
19981998
19991999
199999
1a2a3a4a
1a2b3c
1a2b3c4d
1a2b3c4d5e
1a2s3d
1a2s3d4f
1abcdefg
1alexis
1amanda
1andonly
1andrew
1angel
1anthony
1apple
1ashley
1asshole
1babyboy
1babygirl
1babygurl
1badass
1badbitch
1badgirl
1baller
1banana
1baseball
1basketball
1beautiful
1beauty
1bitch
1black
1blood
1booboo
1bowwow
1brandon
1bubbles
1butterfly
1carlos
1chance
1charlie
1cheer
1cherry
1chick
1chicken
1chocolate
1chris
1chrisbrown
1christ
1christian
1computer
1cookie
1cutie
1daddy
1dancer
1daniel
1danielle
1daughter
1david
1destiny
1diamond
1dollar
1dolphin
1dragon
1dream
1dreamer
1elizabeth
1faith
1family
1flower
1football
1freedom
1friend
1fucker
1fuckyou
1gangsta
1grandma
1hateyou
1heart
1heaven
1honey
1horse
1hotchick
1hotdog
1hotgirl
1hotmama
1hotmomma
1hottie
1hunter
1iloveu
1iloveyou
1inlove
1jackson
1james
1jasmine
1jason
1jessica
1jesus
1jordan
1joseph
1joshua
1justin
1killer
1kisses
1kitty
1ladybug
1life1love
1life2live
1lilmama
1loser
1love
1love1
1love4me
1lovehim
1lovely
1loveme
1lover
1lovers
1loves
1loveu
1loveyou
1madison
1marie
1matthew
1mexican
1michael
1michelle
1mickey
1million
1mommy
1money
1monkey
1monster
1moretime
1mother
1mustang
1myspace
1newlife
1nicole
1nigga
1nonly
1ofakind
1onelove
1orange
1password
1peaches
1peanut
1pimpin
1playa
1player
1poohbear
1prince
1princess
1purple
1pussy
1q1q1q
1q2w3e
1q2w3e4
1q2w3e4r
1q2w3e4r5
1q2w3e4r5t
1q2w3e4r5t6y
1q2w3e4r5t6y7u8i9o0p
1qa2ws
1qa2ws3ed
1qaz!qaz
1qaz1qaz
1qaz2wsx
1qaz2wsx3edc
1qaz@wsx
1qazwsx
1qazxsw2
1queen
1qwert
1qwerty
1raiders
1redrose
1robert
1rockstar
1secret
1sexybitch
1sexygirl
1sexylady
1sexymama
1shadow
1shorty
1sister
1smile
1soccer
1spongebob
1stborn
1steven
1stlady
1stlove
1stunna
1summer
1sunshine
1superman
1superstar
1sweetie
1taylor
1thomas
1tigger
1tinkerbell
1travis
1treehill
1truelove
1truluv
1tweety
1william
1yellow
1zxcvbnm
20000
200000
20002000
2001
20012001
200187
200188
200189
200190
200191
200192
200193
200194
200200
20022002
200284
200286
200287
200288
200289
200290
200291
200292
200293
200295
200300
20032003
20032004
200385
200386
200387
200388
200389
200390
200391
200392
200393
200394
20042004
200485
200486
200487
200488
200489
200490
200491
200492
200493
200494
2005
200506
20052005
20052006
200585
200586
200587
200588
200589
200590
200591
200592
200593
200594
2006
200600
200606
20062006
20062007
200685
200686
200687
200688
200689
200690
200691
200692
200693
2007
200707
20072007
20072008
200784
200785
200786
200787
200788
200789
200790
200791
200792
200793
200794
20082008
20082009
200885
200886
200887
200888
200889
200890
200891
200892
200893
20092009
200984
200985
200986
200987
200988
200989
200990
200991
200992
200993
201020
20102010
201083
201084
201085
201086
201087
201088
201089
201090
201091
201092
201093
201094
201184
201185
201186
201187
201188
201189
201190
201191
201192
201193
201201
20121990
201283
201284
201285
201286
201287
201288
201289
201290
201291
201292
201293
201314
201985
201986
201987
201988
201989
201992
201993
201994
201995
20202
202020
20202020
202122
202526
203040
204060
210185
210186
210187
210188
210189
210190
210191
210192
210193
210194
210210
210285
210286
210287
210288
210289
210290
210291
210292
210293
210295
210384
210385
210386
210387
210388
210389
210390
210391
210392
210393
210394
210395
210485
210486
210487
210488
210489
210490
210491
210492
210493
210494
210495
210582
210585
210586
210587
210588
210589
210590
210591
210592
210593
210594
210683
210685
210686
210687
210688
210689
210690
210691
210692
210693
210694
210785
210786
210787
210788
210789
210790
210791
210792
210793
210795
210806
210884
210885
210886
210887
210888
210889
210890
210891
210892
210893
210894
210984
210985
210986
210987
210988
210989
210990
210991
210992
210993
211084
211085
211086
211087
211088
211089
211090
211091
211092
211093
211094
211185
211186
211187
211188
211189
211190
211191
211192
211193
211205
211211
211221
21122112
211284
211285
211286
211287
211288
211289
211290
211291
211292
211293
211294
211984
211985
211986
211987
211988
211989
211990
211991
211992
211993
211994
2121
212121
21212121
212212
212223
212224
212224236
212224236248
212529
213141
213213
213456
214143
214214
214365
215487
220022
220185
220186
220187
220188
220189
220190
220191
220192
220193
220285
220286
220287
220288
220289
220290
220291
220292
220293
220294
220295
220385
220386
220387
220388
220389
220390
220391
220392
220394
220485
220486
220487
220488
220489
220490
220491
220492
220493
220584
220585
220586
220587
220588
220589
220590
220591
220592
220593
220685
220686
220687
220688
220689
220690
220691
220692
220693
220694
220706
220785
220786
220787
220788
220789
220790
220791
220792
220793
220884
220885
220886
220887
220888
220889
220890
220891
220892
220893
220984
220985
220986
220987
220988
220989
220990
220991
220992
22101991
221083
221084
221085
221086
221087
221088
221089
221090
221091
221092
221093
221094
221100
221122
221133
221184
221185
221186
221187
221188
221189
221190
221191
221192
221193
221194
221206
221207
22121988
221282
221283
221284
221285
221286
221287
221288
221289
221290
221291
221292
221293
221982
221983
221984
221985
221986
221987
221988
221989
221990
221991
221992
221993
221994
221995
222000
222111
2222
22222
222222
2222222
22222222
222222222
2222222222
222324
222333
222444
222555
222666
222777
222888
222999
223223
223311
223322
223344
22334455
223366
224422
224455
224466
22446688
224488
225522
225566
225588
230186
230187
230188
230189
230190
230191
230192
230193
230285
230287
230288
230289
230290
230291
230292
230293
230383
230385
230386
230387
230388
230389
230390
230391
230392
230393
230394
230484
230485
230486
230487
230488
230489
230490
230491
230492
230493
230494
230506
230584
230585
230586
230587
230588
230589
230590
230591
230592
230593
230594
230686
230687
230688
230689
230690
230691
230692
230693
230694
230784
230785
230786
230787
230788
230789
230790
230791
230792
230793
230884
230885
230886
230887
230888
230889
230890
230891
230892
230893
230894
230906
230983
230984
230985
230986
230987
230988
230989
230990
230991
230992
230993
230994
231007
23102310
231083
231084
231085
231086
231087
231088
231089
231090
231091
231092
231093
231094
231095
231183
231184
231185
231186
231187
231188
231189
231190
231191
231192
231193
231194
231195
231205
231206
231231
231284
231285
231286
231287
231288
231289
231290
231291
231292
231294
231982
231984
231985
231986
231987
231988
231989
231990
231991
231992
231993
231994
231995
2323
232323
23232323
23242324
232425
232526
232629
234234
23456
234567
2345678
23456789
235689
23isback
23jordan
240184
240186
240187
240188
240189
240190
240191
240192
240194
240286
240287
240288
240289
240290
240291
240293
240294
240386
240387
240388
240389
240390
240391
240392
240393
240394
240484
240485
240486
240487
240488
240489
240490
240491
240492
240494
240585
240586
240587
240588
240589
240590
240591
240592
240593
240682
240686
240687
240688
240689
240690
240691
240692
240693
240784
240785
240786
240787
240788
240789
240790
240791
240792
240793
240883
240886
240887
240888
240889
240890
240891
240892
240893
240894
240985
240986
240987
240988
240989
240990
240991
240992
240993
241084
241085
241086
241087
241088
241089
241090
241091
241092
241093
241094
241106
241183
241184
241186
241187
241188
241189
241190
241191
241192
241193
241194
241285
241286
241287
241288
241289
241290
241291
241292
241293
241294
241983
241984
241985
241986
241987
241988
241989
241990
241991
241992
241993
241994
241995
242424
24242424
242524
242526
242528
246246
2468
24680
246800
246801
246810
24681012
2468101214
246812
246813
24681357
246813579
246824
24682468
24685
24688642
24689
246890
247247
248248
24862486
24992499
249999
250188
250189
250190
250191
250192
250193
250194
250250
250285
250286
250287
250288
250289
250290
250291
250292
250293
250384
250387
250388
250389
250390
250391
250392
250393
250485
250486
250487
250488
250489
250490
250491
250492
250493
250505
250584
250585
250586
250587
250588
250589
250590
250591
250592
250593
250594
250595
250685
250686
250687
250688
250689
250690
250691
250692
250693
250785
250786
250787
250788
250789
250790
250791
250792
250793
250885
250886
250887
250888
250889
250890
250891
250892
250893
250894
250985
250986
250987
250988
250989
250990
250991
250992
251006
25101990
25102510
251084
251085
251086
251087
251088
251089
251090
251091
251092
251093
251094
251106
251107
25112511
251182
251184
251185
251186
251187
251188
251189
251190
251191
251192
251193
251194
251200
251205
251206
251207
25122512
251284
251285
251286
251287
251288
251289
251290
251291
251292
251293
25132513
25142514
25152515
25162516
25172517
25182518
25192519
251979
251982
251984
251985
251986
251987
251988
251989
251990
251991
251992
251993
251994
251995
25202520
25212521
252222
25222522
25231980
25232523
25241981
25242524
252500
25251325
25252
252525
25252525
252526
252527
252530
252600
25261983
252625
25262526
252627
25271984
25272527
25282528
25292529
253000
25301987
25302530
25312531
25322532
25332533
25342534
25352535
25362536
25372537
25382538
25392539
25800
258000
25802580
258147
258258
258369
258456
258654
258741
258789
258852
258963
260186
260187
260188
260189
260190
260191
260192
260193
260286
260287
260288
260289
260290
260291
260292
260293
260385
260386
260387
260388
260389
260390
260391
260392
26041990
260484
260486
260487
260488
260489
260490
260491
260492
260493
260494
260587
260588
260589
260590
260591
260592
260593
260606
260685
260686
260687
260688
260689
260690
260691
260692
260693
260785
260786
260788
260789
260790
260791
260792
260885
260886
260887
260888
260889
260890
260891
260892
260893
260894
260984
260985
260986
260987
260988
260989
260990
260991
260992
260994
261084
261085
261086
261087
261088
261089
261090
261091
261092
261093
261094
261184
261185
261186
261187
261188
261189
261190
261191
261192
261193
261194
26121990
261284
261285
261286
261287
261288
261289
261290
261291
261292
261293
261294
261295
261983
261984
261985
261986
261987
261988
261989
261990
261991
261992
261993
261994
262626
26262626
262632
262728
270186
270187
270188
270189
270190
270191
270192
270193
270287
270288
270289
270290
270291
270292
270293
270384
270386
270387
270389
270390
270391
270393
270395
270485
270486
270487
270488
270489
270490
270491
270492
270493
270494
270586
270588
270589
270590
270591
270592
270593
270594
270685
270687
270688
270689
270690
270691
270692
270693
270694
270784
270786
270787
270788
270789
270790
270791
270792
270793
270794
270885
270886
270887
270888
270889
270890
270891
270892
270893
270984
270986
270987
270988
270989
270990
270991
270992
270993
270994
271084
271086
271087
271088
271089
271090
271091
271092
271093
271094
271095
271184
271185
271186
271187
271188
271189
271190
271191
271192
271193
271195
271284
271285
271286
271288
271289
271290
271291
271985
271986
271987
271988
271989
271990
271991
271992
271993
271994
271995
272727
27272727
272829
280186
280188
280189
280190
280191
280192
280193
280285
280288
280289
280290
280291
280292
280385
280386
280387
280388
280389
280390
280391
280485
280486
280487
280488
280489
280490
280491
280492
280493
280495
280585
280586
280587
280588
280589
280590
280591
280592
280593
280685
280687
280688
280689
280690
280691
280692
280693
280786
280787
280788
280789
280790
280791
280792
280886
280887
280888
280889
280890
280891
280892
280893
280986
280987
280988
280989
280990
280991
280992
280993
280994
281006
281084
281085
281086
281087
281088
281089
281090
281091
281092
281093
281094
281184
281185
281186
281187
281188
281189
281190
281191
281192
281193
281194
281284
281285
281286
281287
281288
281289
281290
281291
281292
281293
281294
2813308004
281985
281986
281987
281988
281989
281990
281991
281992
281993
281994
281995
282828
28282828
282930
290186
290187
290188
290190
290191
290192
290193
290288
290292
290385
290386
290387
290388
290389
290390
290391
290392
290487
290488
290489
290490
290491
290492
290494
290584
290586
290587
290588
290589
290590
290591
290592
290684
290685
290686
290687
290688
290689
290690
290691
290692
290693
290785
290786
290787
290788
290789
290790
290791
290792
290793
290885
290886
290887
290888
290889
290890
290891
290893
290894
290985
290986
290987
290988
290989
290990
290991
290992
290993
291084
291086
291087
291088
291089
291090
291091
291092
291093
291094
291184
291185
291186
291187
291188
291189
291190
291191
291192
291193
291284
291285
291286
291287
291288
291289
291290
291291
291292
291294
291982
291984
291985
291986
291987
291988
291989
291990
291991
291992
291993
291994
291995
292929
29292929
2angels
2babies
2babyboys
2bad4u
2bitches
2blessed
2bornot2b
2brothers
2children
2cool4u
2crazy
2cute
2cute4u
2cute4you
2daughters
2fast2furious
2fast4u
2fine4u
2fly4u
2fresh
2friends
2gether
2gether4ever
2girls
2good4u
2happy
2hearts
2hot2handle
2hot4u
2hot4you
2hott4u
2inlove
2kisses
2kool4u
2lovely
2loveme
2lovers
2loves
2monkeys
2morrow
2much4u
2pac4life
2pacshakur
2password
2pretty
2sexy
2sexy4u
2short
2sisters
2sweet
2sweet4u
2thick
2twins
2xtreme
3.1416
300000
3000gt
300186
300188
300189
300190
300192
300193
300300
300386
300387
300388
300389
300390
300391
300392
300393
300394
300486
300487
300488
300489
300490
300491
300492
300586
300587
300588
300589
300590
300591
300592
300686
300687
300688
300689
300690
300691
300692
300693
300786
300787
300788
300789
300790
300791
300792
300887
300888
300889
300890
300891
300892
300986
300987
300988
300989
300990
300991
300992
300993
301084
301085
301086
301087
301088
301089
301090
301091
301092
301093
301094
301185
301186
301187
301188
301189
301190
301191
301192
301193
301194
301284
301285
301286
301287
301288
301289
301290
301291
301292
301293
302010
303030
30303030
303677
305305
305mia
30seconds
30secondstomars
310187
310188
310189
310190
310191
310192
310193
310387
310388
310389
310390
310391
310392
310393
310394
310585
310587
310588
310589
310590
310591
310592
310593
310594
310785
310786
310787
310788
310789
310790
310791
310792
310793
310885
310886
310887
310888
310889
310890
310891
310892
310893
310895
311084
311085
311086
311087
311088
311089
311090
311091
311092
311094
311285
311286
311287
311288
311289
311290
311291
311292
311293
311311
311989
311993
312312
313131
31313131
313313
313326
313326339
316316
316497
317537
321123
321321
321321321
321456
321456987
321654
321654987
321987
321cba
323232
326159487
326435
326598
332211
333000
333222
3333
33333
333333
3333333
33333333
333333333
3333333333
333444
333555
333666
333666999
333777
333888
333999
334455
335577
336699
342435
343434
345345
34567
345678
3456789
353535
3571138
357159
357357
357753
357911
357951
360360
360flip
362436
362514
363636
3691215
369147
369258
369258147
369369
369852
369852147
36987
369874
3698741
369874125
369963
36mafia
373737
383838
393939
3amigos
3angels
3babies
3brothers
3children
3daysgrace
3doorsdown
3girls
3kings
3monkeys
3p1c1zzle
3rdward
3sisters
3stars
404040
405060
414141
415263
420000
420247
420420
420420420
420666
42069
4206969
420weed
4221466
424242
43214321
434343
4444
44444
444444
4444444
44444444
444444444
4444444444
44448888
444555
444888
445566
454545
45454545
45612
456123
4561230
456123789
456258
456321
456456
456456456
456654
45678
456789
4567890
456789123
456838
45683968
456852
456987
464646
474747
475869
4815162342
484848
494949
4angels
4babies
4brothers
4children
4christ
4ever
4everlove
4everme
4everurs
4everyoung
4everyours
4family
4friends
4getmenot
4girls
4given
4jesus
4me2know
4me2no
4meonly
4money
4mykids
4mylove
4myself
4myspace
4runner
4seasons
4sisters
4twenty
4u2nvme
4wheeler
50 cent
50-cent
500000
500500
501501
504boy
505050
50cent
50cent1
50cents
5101520
5121314
512512
5150
51505150
51515
515151
515253
515515
5155210
5201314
520520
5211314
521521
525252
5254143
52hoova
535353
54321
543210
543216
545454
554433
5550123
5551212
555222
555333
555444
55555
555555
5555555
55555555
555555555
5555555555
555555555555555
555556
555666
555777
555888
555999
556644
556655
55665566
556677
55667788
565656
56565656
567567
56789
567890
5678910
5678dance
56835683
5683love
575757
57chevy
5845201314
585858
595959
5children
5fingers
5poppin
5stars
5thward
606060
615243
616161
61892
619316
619619
619916
619rey
626262
635241
636363
646464
64impala
654123
654312
65432
654321
6543210
654321a
654456
654654
654789
654987
656565
65mustang
665544
666000
666333
666555
66666
666666
6666666
66666666
666666666
6666666666
666777
666888
666999
667788
66mustang
676767
678678
67890
678910
67mustang
686868
68camaro
6969
696969
69696969
699669
69camaro
69mustang
6poppin
707070
708090
709394
711711
7127000
717171
7177214
718293
727272
737373
74107410
7410852
74108520
7410852963
741147
74123
741236
7412369
74123698
741236985
741258
741258963
7415963
741741
741852
74185296
741852963
7418529630
741953
741963
747474
748159263
748596
753159
753357
753753
753951
753951456
753951852
753951852456
757575
765432
7654321
767676
774411
775533
7758258
7758521
777333
777555
777666
7777
77777
777777
7777777
77777777
777777777
7777777777
777888
777888999
7779311
777999
778899
784512
785612
786786
786786786
787878
78787878
787898
78910
7891011
789123
789123456
789321
78945
789456
7894561
78945612
789456123
7894561230
7895123
789520
789521
78963
789632
7896321
78963214
789632145
789654
789654123
789789
789789789
789852
789963
789987
794613
794613852
797979
7eleven
7heaven
7seven
7seven7
7thheaven
808080
808808
81237
818181
8188216
82465
824655
828282
831831
838383
84268426
848484
85208520
852123
852147
852258
852369
852456
852654
852741
852852
852963
858585
8675309
868686
870621345
876543
87654321
878787
880808
881001
881030
881216
881988
885522
888555
888666
888777
8888
88888
888888
8888888
88888888
888888888
8888888888
88889999
888999
889900
890890
890909
891011
895623
898989
89898989
8;k,iyd
8oojkiyd
8seconds
900000
90210
902100
906090
909090
90909090
9110024
911111
911911
918273
918273645
919191
919293
9199218
929292
939393
949494
951159
951236
951357
951753
951753852
951951
959595
96321
963210
963214
9632147
96321478
963258
963258741
963369
963741
963852
963852741
9638527410
963963
968574
969696
976431
979797
986532
987123
987321
987410
9874123
987412365
987456
987456321
9874563210
98765
987654
9876543
98765432
987654321
9876543210
987654321a
987789
987987
987987987
989898
98989898
98degrees
990099
995511
996633
998877
99887766
999000
999111
999333
999555
999666
999777
999888
99999
999999
9999999
99999999
999999999
9999999999
99problems
9lives
9thward
<div><embed src=\\
??????
@@@@@@
@hotmail.com
@yahoo.com
a11111
a111111
a123123
a12345
a123456
a1234567
a12345678
a123456789
a1a1a1
a1a2a3
a1a2a3a4
a1b2c3
a1b2c3d
a1b2c3d4
a1b2c3d4e5
a1s2d3
a1s2d3f4
a23456
a4tech
a654321
a;sldkfj
aa123456
aaa111
aaa123
aaaaa
aaaaa1
aaaaaa
aaaaaa1
aaaaaaa
aaaaaaaa
aaaaaaaaa
aaaaaaaaaa
aaaaaaaaaaaaaaa
aaabbb
aaasss
aabbcc
aaliyah
aaliyah1
aaliyah2
aangel
aardvark
aaron
aaron01
aaron06
aaron07
aaron1
aaron11
aaron12
aaron123
aaron13
aaron14
aaron15
aaron17
aaron18
aaron2
aaron21
aaron22
aaron23
aaron3
aaron5
aaron7
aaronb
aaronc
aaroncarter
aarond
aaronj
aaronm
aaronp
aarons
aassdd
ab1234
abacus
abagail
abalos
abang
abbey
abbey1
abbie
abbie1
abbie123
abbigail
abbott
abby
abby06
abby07
abby1
abby11
abby12
abby123
abbygail
abbygirl
abc-123
abc.123
abc123
abc123!
abc123.
abc1234
abc12345
abc123456
abc123abc
abc123abc123
abc321
abc456
abc_123
abcabc
abcd
abcd12
abcd123
abcd1234
abcde
abcde1
abcde123
abcde12345
abcdef
abcdef1
abcdefg
abcdefg1
abcdefg123
abcdefgh
abcdefghi
abcdefghij
abcdefghijk
abcdefghijkl
abcdefghijklmno
abcdefghijklmnop
abcdefghijklmnopqrstuvwxyz
abcxyz
abdallah
abdiel
abdul
abdullah
abegail
abejita
abelardo
abelito
abella
abellana
abercrombie
aberdeen
aberdeen1
abhishek
abigael
abigail
abigail1
abigail2
abigale
abimael
abiola
abner
abnormal
abogada
abogado
aboutme
abracadabra
abraham
abraham1
abrakadabra
abraxas
abrete
abretesesamo
abril
abscbn
absolut
absolute
abster
abstract
abubakar
abuela
abuelita
abuelito
abuelo
abygail
acacia
academia
academy
acapulco
acceber
accent
access
accord
account
account1
accountancy
accountant
accounting
accounts
acdc123
ace123
aceace
aceman
acevedo
achilles
acidburn
acilegna
acinom
acinorev
acissej
acmilan
acores
acosta
acoustic
acting
action
actionman
active
actress
actress1
acts238
acuario
acura1
adaaja
adadech
adadeh
adalberto
adam
adam01
adam06
adam07
adam1
adam11
adam12
adam123
adam13
adam14
adam21
adam22
adamadam
adambrody
adamlee
adams
adamson
addict
addicted
addiction
addidas
addie
addison
addison1
address
adela
adelaida
adelaide
adelante
adele
adelia
adelin
adelina
adeline
adelita
adelle
adelyn
adeola
adgjmp
adgjmptw
adiadi
adidas
adidas1
adikako
adilene
adilson
adina
adinda
ading
adinutza
adios
adisor
adita
aditya
aditza
adivina
adm!n
admin
admin1
administracion
administrator
adnama
adnerb
adolfo
adonai
adonay
adonis
adorable
adoro-te
adorote
adrain
adrenalina
adrenaline
adria
adrian
adrian01
adrian1
adrian12
adrian123
adrian2
adrian21
adrian22
adrian3
adriana
adriana1
adriancito
adriane
adrianita
adrianna
adrianna1
adrianne
adriano
adrianteamo
adriel
adrien
adrienne
adrienne1
adris
adryan
adryana
advance
advent
adventist
adventure
adytza
aeiou
aekara
aeonflux
aerdna
aerial
aero87
aeron
aeroplane
aeropostale
aerosmith
aerosmith1
aezakmi
afghan
afghanistan
afifah
afiqah
afireinside
afonso
africa
africa1
african
afrika
afrodita
afrodite
afroman
aftermath
aftershock
agape
agapito
agatha
agenda
agent007
agente
agente007
agentx44
aggie
aggies
aggies1
agnes
agnieszka
agosto
aguacate
aguila
aguilar
aguilas
aguilera
aguinaldo
aguirre
agung
agustin
agustina
agustus
ahmad
ahmed
ahmed1
aidan
aidan1
aidee
aiden
aiden05
aiden06
aiden07
aiden1
aiesha
aikido
aileen
ailene
ailyn
aiman
aimee
aimee1
aimee123
aimhigh
ainokea
ainsley
aioria
airam
airborne
airbus
aireen
airene
airforce
airforce1
airhead
airish
airjordan
airman
airmax
airplane
airport
airsoft
airwalk
airwolf
aisha
aisha1
aishah
aishiteru
aishteru
aishwarya
aisling
aislinn
aisteru
aisyah
aiurea
aiyana
aiyanna
ajajaj
ajedrez
ajeng
ajmclean
aka1908
akamaru
akanishi
akasha
akatsuki
akeem
akiko
akilah
akinto
akintoh
akira
akira1
akire
akmal
akoako
akoito
akolang
akomismo
akoto
akotoh
akp1973
akrho
akshay
akucantik
akucintakamu
akulah
akulupa
akusayangkamu
alabala
alabama
alabama1
alacran
alacranes
aladdin
aladin
aladino
alain
alaina
alaine
alaiza
alakazam
alamak
alameda
alamierda
alan12
alana
alana1
alanah
alancito
alanis
alanna
alanna1
alannah
alansmith
alanteamo
alarcon
alaska
alaska1
alastair
alayna
albania
albany
albastru
albert
albert1
alberta
albertina
alberto
alberto1
albertz
albina
albino
albinutza
albion
albita
alcala
alcantara
alcapone
alcaraz
alcatel
alcatraz
alchemist
alchemy
alcides
alcohol
alcoholic
aldair
aldana
aldebaran
alden
aldito
aldous
aldred
aldren
aldrich
aldrin
aldrine
aldwin
ale123
aleahim
aleale
alecia
alecita
alecsandra
aleena
aleesha
aleeya
alegna
alegre
alegria
aleida
aleinad
aleisha
aleja
alejan
alejandra
alejandra1
alejandrina
alejandrita
alejandrito
alejandro
alejandro1
alejandrosanz
alejandroteamo
alejita
alejito
alejo
aleksandar
aleksandra
aleli
aleluia
aleluya
aleman
alemanha
alemania
alemap
alena
alentejo
alesana
alesha
alesia
alesita
alessa
alessandra
alessandro
alessia
alessio
aleteamo
alex
alex00
alex01
alex02
alex03
alex04
alex05
alex06
alex07
alex08
alex09
alex1
alex10
alex101
alex11
alex12
alex123
alex1234
alex13
alex14
alex15
alex16
alex17
alex18
alex19
alex1992
alex20
alex2004
alex2006
alex2007
alex21
alex22
alex23
alex24
alex25
alex26
alex27
alex28
alex33
alex4ever
alex69
alex77
alex88
alex89
alex91
alex99
alexa
alexa1
alexalex
alexan
alexander
alexander1
alexander2
alexander3
alexandra
alexandra1
alexandre
alexandrea
alexandria
alexandro
alexandru
alexas
alexband
alexei
alexi
alexia
alexia1
alexie
alexis
alexis00
alexis01
alexis02
alexis03
alexis04
alexis05
alexis06
alexis07
alexis08
alexis1
alexis10
alexis11
alexis12
alexis123
alexis13
alexis14
alexis15
alexis2
alexis21
alexis23
alexis3
alexis4
alexis5
alexis6
alexis7
alexis8
alexis99
alexita
alexito
alexs
alexsandra
alexteamo
alexubago
alexus
alexus1
alexutza
alexutzu
alexx
alexxa
alexxx
alexys
alexzander
aleyda
alfalfa
alfaro
alfaromeo
alfian
alfie
alfie1
alfie123
alfiemoon
alfonso
alfonso1
alfonzo
alfred
alfred1
alfredito
alfredo
alfredo1
algarve
algebra
alhamdulillah
ali123
aliali
aliana
alianza
alianzalima
alias
alibaba
alicante
alicat
alice
alice1
alice123
alicia
alicia1
alicia123
alicia2
aliciakeys
alien
aliens
aligator
alijah
alika
alina
alina1
alinaa
aline
alinus
alinush
alinuta
alinutza
alipin
alisa
alisha
alisha1
alishia
alisia
alison
alison1
alissa
alissa1
alisson
alistair
alister
alita
alive
alivia
aliyah
aliyah1
aliza
alize
alize1
alizee
aljane
aljean
aljohn
aljon
alkaline
all4him
all4love
all4me
all4one
all4you
allaboutme
alladin
allah
allah1
allah786
allahakbar
allahswt
allahu
allahuakbar
allain
allaine
allalone
allan
allan1
allana
allanah
allblacks
allday
allegra
allen
allen1
allen123
allen2
allen3
alleniverson
allens
alley
alleycat
allgood
alliah
alliance
allie
allie1
alliecat
alligator
allison
allison1
allison3
allister
alliyah
allmine
allmine1
allmylife
allmylove
allsaints
allsop
allstar
allstar1
allstars
allthat
allure
ally
ally123
allycat
allysa
allyson
allyson1
allyssa
almada
almario
almazan
almeida
almendra
almera
almighty
almighty1
almira
almita
almond
almonte
almost
aloha
aloha1
alohamora
alohomora
alona
alondra
alondra1
alone
alone1
along
alonsito
alonso
alonso1
alonso14
alonzo
alonzo1
aloysius
alpacino
alpha
alpha1
alphabet
alphaomega
alphaphi
alphie
alphonse
alphonso
alpine
alquimia
alquimista
already
alright
alston
altagracia
altamirano
alteclansing
alterego
alternative
alternativo
althea
altima
altoids
altosax
alucard
alvarado
alvarez
alvarez1
alvarito
alvaro
alvin
alvin1
alvina
alvino
alvins
always
always1
alwaysandforever
alwaysme
alwayz
alwina
alyana
alyanna
alycia
alynutza
alysha
alysia
alyson
alyssa
alyssa01
alyssa02
alyssa05
alyssa06
alyssa07
alyssa1
alyssa11
alyssa12
alyssa123
alyssa13
alyssa2
alyssa3
alyssa4
alyssa5
alyssa7
alyssa8
alyssia
alyzza
amada
amadeo
amadeus
amado
amador
amadora
amadou
amairani
amalia
amalina
amanda
amanda!
amanda01
amanda06
amanda07
amanda08
amanda1
amanda10
amanda11
amanda12
amanda123
amanda13
amanda14
amanda15
amanda16
amanda17
amanda18
amanda2
amanda21
amanda22
amanda23
amanda3
amanda4
amanda5
amanda69
amanda7
amanda8
amandine
amanecer
amani
amante
amantes
amapola
amaral
amarelo
amari
amari1
amarie
amarilis
amarillo
amaris
amarte
amarteduele
amauri
amaury
amaya
amaya1
amazed
amazing
amazing1
amazon
amazona
amazonas
ambar
amber
amber06
amber07
amber08
amber1
amber10
amber11
amber12
amber123
amber13
amber14
amber15
amber17
amber2
amber21
amber22
amber23
amber3
amber4
amber5
amber69
amber7
amberb
amberd
amberlee
amberly
amberlynn
ambers
ambition
ambot
ambotlang
ambrose
ambrosia
ambulance
ameera
amelia
amelia1
amelie
amelita
america
america1
america10
america12
america123
america13
america2
america7
american
american1
americana
americaneagle
americangirl
americanidiot
americanista
americano
americanpie
americas
americayya
americo
amerie
amerik
amerika
amethyst
amidala
amidamaru
amiel
amiga
amigable
amigamia
amigas
amigas4ever
amigasporsiempre
amigasx100pre
amigasxsiempre
amigo
amigos
amiguis
amiguita
amihan
amilcar
amina
aminah
aminata
amira
amirah
amirul
amisha
amistad
amistades
amitaf
amitie
amiyah
amizade
amnesia
amo-te
amoadios
amoamifamilia
amolavida
amomivida
amor
amor1
amor10
amor12
amor123
amor13
amor14
amor15
amor16
amor17
amor18
amor21
amor22
amor23
amora
amoramor
amorcito
amordelbueno
amordemae
amordemivida
amore
amoree
amoremio
amores
amores1
amoreterno
amorimposible
amorlindo
amorloco
amorlove
amormio
amorosa
amoroso
amorporsiempre
amorr
amorreal
amors
amorsito
amorsote
amorteamo
amorverdadero
amoryodio
amorypaz
amorzinho
amote
amotemuito
amour
amoure
amoureuse
amoureux
amours
amparito
amparo
amrita
amsterdam
amy123
amyamy
amybaby
amylee
amylee1
amyleigh
amylou
amylouise
amylynn
amymarie
amyrose
ana123
anaana
anabanana
anabel
anabela
anabelen
anabell
anabella
anabelle
anacecilia
anaconda
anacristina
anafilipa
anaheim
anahera
anahi
anahi1
anaid
anairam
anairda
anais
anaisabel
anakaren
anakin
anakko
anakku
anakonda
analaura
anali
analia
analie
analilia
analisa
analise
analiza
analou
analsex
analu
analucia
analuisa
analy
analyn
anamae
anamaria
anamarie
anamika
ananas
ananda
anapaula
anarchy
anarchy1
anarita
anarkia
anarosa
anarose
anarquia
anasofia
anastacia
anastasia
anastasia1
anasus
anateamo
anathema
anatomia
anatomy
anaxor
anaya
anayeli
ancheta
anchor
ancuta
ancutza
and123
andaya
andebol
andeng
ander
anders
andersen
anderson
anderson1
andhika
andie
andika
andina
andini
andone
andorinha
andr3w
andra
andrada
andrade
andrae
andre
andre1
andre12
andre123
andre2
andrea
andrea06
andrea1
andrea11
andrea12
andrea123
andrea13
andrea14
andrea15
andrea16
andrea17
andrea18
andrea2
andrea21
andrea22
andrea23
andrea3
andrea7
andreas
andreateamo
andree
andreea
andrei
andreia
andreina
andreita
andreiutza
andrej
andres
andres1
andres12
andres123
andresfelipe
andresito
andress
andresteamo
andreutza
andrew
andrew!
andrew.
andrew01
andrew02
andrew03
andrew04
andrew05
andrew06
andrew07
andrew08
andrew1
andrew10
andrew11
andrew12
andrew123
andrew13
andrew14
andrew15
andrew16
andrew17
andrew18
andrew2
andrew20
andrew21
andrew22
andrew23
andrew24
andrew25
andrew3
andrew4
andrew5
andrew6
andrew69
andrew7
andrew8
andrew9
andrew99
andrews
andrey
andri
andria
andrian
andrie
android
andromeda
andrusca
andrutza
andry
andutza
andy
andy01
andy1
andy11
andy12
andy123
andy13
andy21
andyandy
andypandy
andys
anelka
anerol
anette
anewlife
anewor
anfernee
anfield
angah
angcuteko
angel
angel!
angel#1
angel*
angel.
angel00
angel007
angel01
angel02
angel03
angel04
angel05
angel06
angel07
angel08
angel09
angel1
angel10
angel100
angel101
angel11
angel111
angel12
angel123
angel1234
angel13
angel14
angel143
angel15
angel16
angel17
angel18
angel19
angel1994
angel2
angel20
angel2000
angel2005
angel2006
angel2007
angel2008
angel21
angel22
angel23
angel24
angel25
angel26
angel27
angel28
angel29
angel3
angel30
angel31
angel32
angel33
angel4
angel44
angel45
angel4eva
angel4ever
angel4life
angel4u
angel5
angel55
angel6
angel66
angel666
angel69
angel7
angel77
angel777
angel78
angel79
angel8
angel83
angel84
angel85
angel86
angel87
angel88
angel89
angel9
angel90
angel91
angel92
angel93
angel94
angel95
angel96
angel97
angel98
angel99
angela
angela1
angela12
angela123
angela13
angela2
angelangel
angelb
angelbabe
angelbaby
angelbaby1
angelbear
angelblue
angelboy
angelc
angelcake
angelcat
angelcute
angeld
angeldeamor
angeldevil
angeldust
angele
angeles
angeleye
angeleyes
angeleyes1
angeleyez
angelface
angelface1
angelfire
angelfish
angelg
angelgabriel
angelgirl
angelgirl1
angelgurl
angelheart
angeli
angelia
angelic
angelic1
angelica
angelica1
angelical
angelico
angelie
angelik
angelika
angelin
angelina
angelina1
angelinajolie
angeline
angelique
angelis
angelita
angelito
angelito1
angelitos
angelj
angelk
angelkiss
angelkisses
angelko
angelkoh
angell
angella
angelle
angello
angellocsin
angellove
angelm
angelmae
angelme
angelnegro
angelo
angelo1
angelofdeath
angelofmine
angelou
angelove
angelr
angelrose
angels
angels1
angels11
angels12
angels123
angels13
angels2
angels21
angels22
angels3
angels4
angels5
angels7
angelstar
angelteamo
angelu
angelus
angeluz
angelwings
angelx
angely
angelyn
angelz
angga
anggandako
anggi
anggie
anggun
angharad
anghel
angie
angie1
angie12
angie123
angie2
angies
angle
angle1
angles
anglia
angola
angpogiko
angulo
angus
angus1
angyal
angyalka
anhyeuem
anibal
anicka
aniger
anika
anillo
anilorac
animais
animal
animal1
animal123
animale
animales
animallover
animals
animals1
animalx
animation
animax
anime
anime1
anime123
animefan
animefreak
animegirl
animelover
animes
aning
aninha
aninhas
anirak
aniram
anisa
anisah
anisha
anisoara
anissa
anita
anita1
anita123
anitas
anitha
aniversario
aniyah
aniyah1
anjali
anjana
anjanette
anjela
anjelica
anjing
anjinha
anjinho
anjink
ankara
ankita
ann123
anna
anna1
anna11
anna12
anna123
anna14
anna21
annabanana
annabel
annabell
annabella
annabelle
annabelle1
annakay
annalee
annalisa
annalise
annaliza
annalyn
annamae
annamaria
annamarie
annann
annarose
anne
anne08
anne12
anne123
anne21
anneanne
annecute
anneke
anneliese
annelise
annemarie
annette
annette1
annick
annie
annie1
annie12
annie123
annie2
annieb
annies
annika
annisa
annita
annmarie
annoying
anocas
anointed
anokas
anonim
anonimo
anonymous
anorexia
another
another1
anselmo
ansley
answer
ant123
antares
antelope
anth0ny
anthea
anthem
anthon
anthoney
anthony
anthony!
anthony.
anthony01
anthony02
anthony03
anthony04
anthony05
anthony06
anthony07
anthony08
anthony09
anthony1
anthony10
anthony11
anthony12
anthony123
anthony13
anthony14
anthony15
anthony16
anthony17
anthony18
anthony19
anthony2
anthony20
anthony21
anthony22
anthony23
anthony3
anthony4
anthony5
anthony6
anthony69
anthony7
anthony8
anthony9
anthrax
antichrist
antiflag
antigua
antione
antionette
antipolo
antique
antisocial
antivirus
antman
antoine
antoine1
antoinette
antologia
anton
antone
antonela
antonella
antonette
antoni
antonia
antonia1
antonieta
antonio
antonio1
antonio12
antonio2
antonio21
antonio3
antonio7
antony
antrax
antunes
antwan
antwan1
antwon
anubis
anusca
anusha
anuska
anutza
anyela
anyone
anything
anything1
aoife
aol123
aol1234
aotearoa
apaaja
apache
apache1
apaixonada
aparicio
aphrodite
apocalipsa
apocalipsis
apocalypse
apolinar
apolinario
apollo
apollo1
apollo13
apollon
apolo
apologize
apolonia
apostol
appaloosa
apple
apple1
apple10
apple11
apple12
apple123
apple13
apple15
apple2
apple21
apple22
apple23
apple24
apple3
apple4
apple5
apple6
apple7
apple8
applebees
applebottom
applehead
applejacks
applejuice
applepie
applepie1
apples
apples!
apples1
apples12
apples123
apples2
apples3
applesauce
appletree
applez
apricot
april
april01
april03
april04
april05
april06
april07
april08
april09
april1
april10
april11
april12
april123
april13
april14
april15
april16
april17
april18
april19
april2
april20
april21
april22
april23
april24
april25
april26
april27
april28
april29
april3
april30
april4
april5
april6
april7
april8
april88
april9
april92
aprile
aprilia
aprilie
apriljoy
aprill
aprille
aprilmay
aprilrose
aprils
aprilyn
aptx4869
aqilah
aquafina
aquamarine
aquario
aquarium
aquarius
aquarius1
aquila
aquiles
aquinas
aquino
arabella
arabian
araceli
aracelis
aracelly
aracely
aragon
aragorn
aramis
aranda
arantxa
aranza
arashi
araujo
arcade
arcadia
arcangel
archangel
archer
archers
archery
archibald
archie
archie1
architect
architecture
archuleta
arcoiris
arden
ardian
ardilla
ardillita
ardnaxela
area51
areli
arelis
arellano
arely
aremania
arenas
arenita
arequipa
aretha
arevalo
arfarf
argelia
argenis
argentina
argentina1
argie
argyle
ariadna
ariadne
arian
ariana
ariana1
ariane
arianita
arianna
arianna1
arianne
arias
arief
ariel
ariel1
ariela
arielito
ariell
arielle
arielle1
aries
aries1
ariesgirl
ariess
arifin
arigato
arista
aristotle
arita
arizona
arizona1
arjay
arjhay
arjona
arjuna
arkangel
arkansas
arleen
arlene
arlene1
arleth
arlette
arline
arlington
arlyn
armada
armadillo
armageddon
armagedon
armagh
arman
armand
armandito
armando
armando1
armani
armani1
armenia
armida
armie
armin
arminda
armonia
armstrong
armybrat
armygirl
armyman
armyof1
armywife
arnaldo
arnaud
arnel
arnie
arnold
arnold1
arnoldo
arnulfo
arod13
arohanui
arquitectura
arriane
arrianne
arrolladora
arron
arrowhead
arrows
arroyo
arschloch
arsehole
arsenal
arsenal07
arsenal1
arsenal10
arsenal11
arsenal12
arsenal123
arsenal13
arsenal14
arsenalfc
arsenalrule
arsenio
artart
arteaga
artemio
artemis
artemisa
arthur
arthur1
artilugia
artist
artist1
artista
artistic
artur
arturito
arturo
arturo1
arturoteamo
artwork
aruba
arvie
arvin
arwen
aryana
aryanna
as1234
as123456
asa123
asaasa
asaka
asakaboy
asakapa
asakura
asanes
asaness
asasas
asasasas
asasin
asawa
asawacoh
asawako
asawakoh
asawaq
asawaqoh
asd123
asd456
asdasd
asdasd1
asdasdasd
asddsa
asdewq
asdf
asdf12
asdf123
asdf1234
asdf;lkj
asdfasdf
asdffdsa
asdfg
asdfg1
asdfg123
asdfgh
asdfgh1
asdfghj
asdfghjk
asdfghjkl
asdfghjkl1
asdfghjkl;
asdfghjkl;'
asdfghjkl;\\'
asdfjk
asdfjkl
asdfjkl;
asdfzxcv
asdjkl
asdqwe
asdqwe123
asdzxc
asecret
aseret
asero
asesino
asgard
ash123
ashanti
ashanti1
ashanty
ashash
ashbash
ashely
asher
ashers
ashes
ashes1
ashford
ashish
ashiteru
ashl3y
ashland
ashlea
ashlee
ashlee1
ashlei
ashleigh
ashleigh1
ashley
ashley!
ashley01
ashley03
ashley04
ashley05
ashley06
ashley07
ashley08
ashley09
ashley1
ashley10
ashley101
ashley11
ashley12
ashley123
ashley13
ashley14
ashley15
ashley16
ashley17
ashley18
ashley19
ashley2
ashley20
ashley21
ashley22
ashley23
ashley24
ashley3
ashley4
ashley5
ashley6
ashley69
ashley7
ashley8
ashley87
ashley88
ashley89
ashley9
ashley99
ashleynicole
ashleytisdale
ashlie
ashling
ashly
ashlyn
ashlyn1
ashlynn
ashlynn1
ashole
ashraf
ashtin
ashton
ashton1
ashton2
ashtray
ashtyn
ashwin
asia123
asian
asian1
asianpride
asians
asieslavida
asisoyyo
askim
aslan
aslpls
asmara
asparagus
aspen
aspen1
aspire
aspirina
aspirine
asroma
ass123
assalamualaikum
assasin
assass
assass1
assassin
assclown
assenav
assface
assh0le
asshole
asshole!
asshole1
asshole12
asshole123
asshole2
asshole3
asshole69
asshole7
assholes
assilem
asskicker
assman
assmonkey
assumption
asswhole
asswipe
asswipe1
assword
assyla
astalavista
astaroth
aster
asterix
astig
astigako
astigin
astigs
astigz
aston
astonmartin
astonvilla
astoria
astra
astral
astrid
astro
astro1
astroboy
astros
astros1
asturias
astuti
asuncion
aswang
asyraf
ataahua
ataris
atasha
atekuya
atenas
atenea
ateneo
athan
athena
athena1
athens
athina
athirah
athlete
athletic
athletics
athlon
athome
athrun
atienza
atikah
atilla
atiqah
atkins
atkinson
atlanta
atlanta1
atlante
atlantic
atlantis
atlas
atletismo
atomic
atrevete
atrevida
atreyu
atreyu1
attack
atticus
attila
attitude
attitude1
attorney
aubree
aubrey
aubrey1
aubrie
auburn
auburn1
auckland
audia3
audia4
audioslave
audition
auditt
audrey
audrey1
auggie
august
august05
august06
august07
august08
august1
august10
august11
august12
august13
august14
august15
august16
august17
august18
august19
august2
august20
august21
august22
august23
august24
august25
august26
august27
august28
august29
august3
august30
august31
august4
august5
august6
august7
august8
august88
august9
augusta
augustin
augustine
augusto
augustus
aulia
aundrea
aunteamo
auntie
aurelia
aurelian
aurelie
aurelio
aurica
aurora
aurora1
aussie
aussie1
austen
austin
austin!
austin01
austin02
austin03
austin04
austin05
austin06
austin07
austin08
austin1
austin10
austin11
austin12
austin123
austin13
austin2
austin21
austin22
austin23
austin3
austin316
austin4
austin5
austin6
austin7
austin8
austin98
austin99
australia
australia1
austria
austyn
authentic
autobots
automatic
autumn
autumn1
auxiliadora
available
avalanche
avalon
avalon1
avalos
avamarie
avatar
avatar1
avefenix
aveiro
avelina
avelino
avemaria
avenged
avenged7x
avengedsevenfold
avenger
aventura
aventura1
avenue
avery
avery1
aviation
avila
aviles
avinash
avocado
avondale
avril
avril1
avrill
avrillavigne
avrilrocks
avrils
awawaw
awesome
awesome!
awesome1
awesome2
awesomeness
awsome
awsome1
axelito
axelrose
axlrose
ayala
ayana
ayanami
ayang
ayanna
ayden
ayden1
ayesha
ayessa
aylabyu
aylin
ayokona
ayomide
ayrton
ayumi
azabache
azalea
azalia
azaria
azazaz
azerty
azertyuiop
azizah
azkaban
azlina
aznpride
azrael
azriel
azsxdc
azsxdcfv
azteca
aztig
azucar
azucena
azulazul
azulcrema
azules
azulita
azulito
azulyoro
azumi
azzahra
b-ball
b00b00
b00ger
b12345
b123456
b1234567
b123456789
b2kishot
bababa
babaero
babalu
babas
babasonicos
babbie
babby
babbygirl
babe
babe01
babe1
babe10
babe101
babe11
babe12
babe123
babe13
babe14
babe15
babe21
babe22
babe23
babe24
babe69
babebabe
babee
babegirl
babegurl
babeko
babes
babes1
babesko
babess
babette
babey
babez
babhie
babiboi
babie
babie1
babiegurl
babies
babies1
babies2
babies3
babies4
babigirl
babigrl
babigurl
babigurl1
babii
babii1
babiigurl
babilonia
babita
babolat
baboon
babosa
baboso
baboy
baby
baby girl
baby#1
baby-girl
baby00
baby01
baby02
baby03
baby04
baby05
baby06
baby07
baby08
baby09
baby1
baby10
baby101
baby11
baby12
baby123
baby1234
baby13
baby14
baby143
baby15
baby16
baby17
baby18
baby19
baby2
baby20
baby2000
baby2005
baby2006
baby2007
baby2008
baby2009
baby21
baby22
baby23
baby24
baby25
baby26
baby27
baby28
baby29
baby3
baby30
baby33
baby44
baby45
baby55
baby69
baby77
baby86
baby87
baby88
baby89
baby90
baby91
baby92
baby93
baby94
baby99
baby_girl
baby_gurl
babyaj
babyalex
babyangel
babyangel1
babyb
babybaby
babybaby1
babybash
babybear
babybear1
babybee
babyben
babybird
babybitch
babyblu
babyblue
babyblue1
babyblue12
babyblue2
babyblues
babybo
babyboi
babyboi1
babyboo
babyboo1
babyboo12
babyboo13
babyboo2
babyboom
babybop
babyboy
babyboy01
babyboy07
babyboy08
babyboy1
babyboy12
babyboy123
babyboy13
babyboy2
babyboy3
babyboy4
babyboy7
babyboys
babybrat
babybunny
babyc
babycake
babycakes
babycakes1
babycat
babychick
babychris
babycj
babyco
babycoh
babycute
babyd
babyd1
babydaddy
babydee
babydog
babydoll
babydoll1
babydoll2
babyduck
babyface
babyface1
babyface2
babyfat
babyg
babyg1
babyg1rl
babygal
babygee
babygirl
babygirl!
babygirl#1
babygirl.
babygirl01
babygirl02
babygirl03
babygirl04
babygirl05
babygirl06
babygirl07
babygirl08
babygirl09
babygirl1
babygirl10
babygirl101
babygirl11
babygirl12
babygirl123
babygirl13
babygirl14
babygirl15
babygirl16
babygirl17
babygirl18
babygirl19
babygirl2
babygirl20
babygirl21
babygirl22
babygirl23
babygirl24
babygirl25
babygirl26
babygirl28
babygirl3
babygirl33
babygirl4
babygirl5
babygirl6
babygirl69
babygirl7
babygirl8
babygirl88
babygirl89
babygirl9
babygirl91
babygirl92
babygirl93
babygirl94
babygirl95
babygirl96
babygirl99
babygirls
babygril
babygrl
babygrl1
babygurl
babygurl!
babygurl01
babygurl06
babygurl07
babygurl08
babygurl09
babygurl1
babygurl10
babygurl101
babygurl11
babygurl12
babygurl123
babygurl13
babygurl14
babygurl15
babygurl16
babygurl17
babygurl18
babygurl2
babygurl21
babygurl22
babygurl23
babygurl3
babygurl4
babygurl5
babygurl69
babygurl7
babygurl8
babygyrl
babyhon
babyiloveyou
babyj
babyj1
babyjack
babyjade
babyjake
babyjames
babyjane
babyjay
babyjj
babyjo
babyjoe
babyjohn
babyjosh
babyjoy
babyjr
babyk
babykay
babykitty
babyko
babykoh
babykyle
babylee
babylon
babylon5
babylou
babylove
babylove1
babylove2
babyluv
babylyn
babymama
babymama1
babymark
babyme
babymilo
babymine
babymomma
babyphat
babyphat1
babyphat12
babyphat2
babypink
babypooh
babyq
babyqoh
babyred
babyrose
babyruth
babyryan
babys
babysam
babysean
babysis
babysitter
babyspice
babystar
babyt
babytaz
babythug
babytweety
babyv
babyy
babyz
bacardi
bacardi1
bachata
bachelor
backflip
backoff
backpack
backspace
backspace1
backstreet
backstreetboys
backup
backyard
bacolod
bacon
bacon1
bacteria
bad123
badang
badangel
badass
badass1
badass2
badazz
badazz1
badbad
badbitch
badbitch1
badboi
badboy
badboy1
badboy12
badboy123
badboy2
badboy4life
badboy69
badboys
badboys2
badboyz
badchick
badday
baddest
baddog
badeth
badette
badgal
badger
badger1
badgers
badgirl
badgirl1
badgirls
badgurl
badguy
bading
badkitty
badman
badminton
badong
badtrip
badtzmaru
baggies
baggins
baggio
baghdad
bagheera
bagong
bagpipes
bagpuss
bagtit
baguio
bagus
bahagia
bahala
bahalaka
bahalana
bahamas
bahamut
bahrain
bailar
bailarina
bailee
bailey
bailey01
bailey02
bailey03
bailey04
bailey05
bailey06
bailey07
bailey1
bailey11
bailey12
bailey123
bailey13
bailey2
bailey21
bailey22
bailey3
bailey5
bailey6
bailey7
bailey99
baileys
baillie
baixinha
bajingan
bakedbeans
bakekang
baker
baker1
baker3
bakero
bakers
bakery
bakla
bakugan
bakulaw
bakura
balamory
balance
balanta
balboa
balderas
balderdash
baldwin
balerina
balikpapan
baliw
baliwako
ball123
balla
balla1
balla23
balla3
ballababy
ballack
ballack13
ballard
ballas
ballbag
ballball
ballen
baller
baller1
baller10
baller11
baller12
baller123
baller13
baller14
baller15
baller2
baller20
baller21
baller22
baller23
baller24
baller3
baller32
baller33
baller4
baller4life
baller5
baller7
ballerina
ballerina1
ballers
ballesteros
ballet
ballet1
ballin
ballin07
ballin1
ballin12
ballin123
ballin2
ballin23
ballin3
balling
ballon
balloon
balloons
ballroom
balls
balls1
ballsack
baloncesto
balong
baloon
balot
balqis
baltazar
baltimore
baluga
bam123
bama12
bamagirl
bamako
bamargera
bambam
bambam1
bambam2
bambang
bambi
bambi1
bambie
bambina
bambini
bambino
bambola
bamboo
bamboocha
bambucha
bammargera
banaan
banana
banana1
banana12
banana123
banana13
banana2
banana3
banana5
banana7
bananaboat
bananaman
bananas
bananas!
bananas1
bananas2
bananasplit
banane
bananna
banano
banban
banda
bandaid
bandana
bandera
banderas
bandgeek
bandgeek1
bandida
bandido
bandit
bandit01
bandit1
bandit12
bandit123
bandit13
bandit2
bandits
bandnerd
bandolero
bandung
bangag
bangbang
banger
bangers
banget
bangin
bangkok
bangladesh
bangor
bangsat
banjer
banjo
banjo1
bankai
bankbank
banker
bankhead
banks
banks1
bannana
banner
banshee
bansot
bantot
banzai
baobei
baptist
baptista
baptiste
baracuda
barahona
barajas
barako
barata
barbados
barbar
barbara
barbara1
barbarita
barber
barbi
barbie
barbie01
barbie1
barbie10
barbie11
barbie12
barbie123
barbie13
barbie14
barbie16
barbie2
barbie21
barbie22
barbie3
barbie5
barbie7
barbie8
barbiedoll
barbiegirl
barbies
barbosa
barbra
barby
barbye
barca
barcalona
barcelona
barcelona1
barcelona10
barclay
barefoot
baritone
barkada
barker
barkley
barkley1
barley
barlow
barnaby
barnes
barnett
barney
barney1
barney12
barney123
barney2
barnie
barnsley
baron
barosanu
barracuda
barragan
barranquilla
barrera
barreto
barrett
barrie
barrientos
barrio
barriofino
barrios
barron
barros
barry
barry1
barselona
bart123
bartender
bartlett
bartman
bartolo
bartolome
barton
bartsimpson
baschet
baseball
baseball08
baseball1
baseball10
baseball11
baseball12
baseball13
baseball14
baseball15
baseball2
baseball21
baseball22
baseball23
baseball24
baseball25
baseball3
baseball4
baseball5
baseball6
baseball7
baseball8
baseball9
basement
basher
bashful
bashment
basil
basil1
basilio
basket
basket1
basketbal
basketbal1
basketball
basketball1
basketball10
basketball11
basketball12
basketball13
basketball15
basketball21
basketball22
basketball23
basketball32
basketcase
bassett
bassguitar
basshunter
bassie
bassist
bassman
bassoon
bastard
bastard1
bastardo
bastards
basted
bastet
bastian
bastos
basura
batangas
batata
bateria
batgirl
bathroom
bathtub
batista
batista1
batistuta
batman
batman!
batman1
batman11
batman12
batman123
batman13
batman2
batman21
batman22
batman23
batman3
batman5
batman69
batman7
batosai
battery
battle
battle1
battlefield
battleon
battousai
battyboy
batusai
batzmaru
baubau
bautista
bawbag
baxter
baxter1
bayani
bayarea
baybay
baybay1
baybee
bayern
baylee
baylee1
bayleigh
bayley
baylon
baylor
bayot
bayron
bayside
bayview
baywatch
bazooka
bb1234
bball
bball1
bball10
bball11
bball12
bball123
bball13
bball14
bball15
bball2
bball20
bball21
bball22
bball23
bball24
bball25
bball3
bball30
bball31
bball32
bball33
bball34
bball4
bball44
bball4life
bball5
bball8
bballer
bbbbb
bbbbbb
bbbbbbb
bbbbbbbb
bbteamo
beabea
beach
beach1
beach2
beachbabe
beachball
beachbum
beachbum1
beaches
beaches1
beachgirl
beachy
beacon
beagle
beagle1
beaker
beamer
beanbag
beaner
beaner1
beaners
beanhead
beanie
beanie1
beanies
beans
beans1
bear
bear10
bear11
bear12
bear123
bear13
bear22
bearbear
bearbear1
bearcat
bearcats
beardog
bearhug
bears
bears1
bears54
beasley
beast
beast1
beastboy
beastie
beastmode
beasty
beatbox
beatiful
beatle
beatles
beatles1
beatrice
beatrice1
beatris
beatrix
beatriz
beatriz1
beattie
beaubeau
beaufort
beaumont
beaute
beautiful
beautiful!
beautiful1
beautiful2
beautiful3
beautiful7
beautifulgirl
beautifull
beautifulme
beauty
beauty1
beautyful
beautyqueen
beaver
beaver1
beavers
beavis
beba12
beba123
bebalinda
bebang
bebe
bebe01
bebe07
bebe1
bebe10
bebe11
bebe12
bebe123
bebe13
bebe14
bebe15
bebe17
bebe18
bebe21
bebe22
bebe23
bebe24
bebebe
bebebebe
bebecita
bebecito
bebeh
bebek
bebeko
bebekoh
bebelinda
bebelindo
bebelus
bebelusa
bebelusha
bebemeu
bebemic
bebeng
bebes
bebesita
bebesito
bebeteamo
bebeth
bebeto
bebita
bebitalinda
bebito
bebitza
bebo.com
bebo1
bebo12
bebo123
bebobebo
beborocks
bebot
becali
because
because1
becauseofyou
becbec
becca
becca1
becca123
beccaboo
becerra
beckam
becker
beckham
beckham1
beckham23
beckham7
beckie
becks
becky
becky1
becky12
becky123
beckyboo
becool
bedford
bedhead
bedroom
bedtime
bee123
beebee
beebop
beechwood
beefcake
beehappy
beehive
beejay
beemer
beenie
beepbeep
beeper
beer
beerbeer
beertje
beethoven
beetle
beetlejuice
beetroot
beezer
before
befree
begood
behappy
behappy1
behave
behbeh
beijing
beijos
beisbol
bekah
bekasi
belair
belanova
belen
belencita
beleza
belfast
belgica
belgium
believe
believe1
believer
belinda
belinda1
belinea
belinha
belita
belive
belize
belkin
belkis
bella
bella01
bella04
bella05
bella06
bella07
bella08
bella1
bella10
bella11
bella12
bella123
bella13
bella16
bella2
bella21
bella22
bella23
bella3
bella4
bella5
bella7
bellababy
bellabella
bellaboo
belladonna
bellagio
bellamia
bellamy
bellas
bellatrix
bellbell
belldandy
belle
belle1
belle123
belle2
belles
bellevue
belleza
bellisima
bellissima
bello
bellota
bellsouth
belly
belly1
bellybutton
bellydance
belmont
belong
belove
beloved
beloved1
beltran
bembem
bemine
ben10
ben123
benadams
benavides
benben
bench
bender
bendicion
bendiciones
benedict
benedicto
benetton
benfica
benfica1
benfika
bengal
bengals
bengals1
bengbeng
bengie
benhur
benice
benidorm
benigno
benita
benitez
benito
benjamin
benjamin1
benjamin2
benji
benji1
benji123
benjie
benjim
benjimadden
benjo
bennett
bennett1
bennie
benny
benny1
benny123
bennyboy
benoit
benson
benson1
bentedos
benten
bentetres
benteuno
bentley
bentley1
bently
benton
bentong
bentot
beograd
beowulf
berbatov
berbec
berber
bereal
berenice
beretta
bergen
berger
bergkamp
berkeley
berkley
berlin
berlyn
bermuda
bermudez
berna
bernabe
bernadeth
bernadette
bernadine
bernal
bernard
bernard1
bernarda
bernardino
bernardo
bernice
bernie
bernie1
berries
berry
berry1
berrys
bertha
bertha1
bertie
berto
bertrand
beruang
beruska
besame
besiktas
besito
besitos
besos
bespren
bessie
bessy
best123
bestbest
bestbuds
bestbuy
bestfren
bestfrend
bestfriend
bestfriends
bestfriends4ever
bestfriendsforever
bestgirl
bestia
bestie
besties
bestko
bestmates
bestrong
betania
betcha
betchay
beth
beth12
beth123
bethan
bethanie
bethann
bethany
bethany1
bethel
bethie
bethoven
bethy
betina
betinha
betita
betito
betlog
betoben
betoteamo
betoven
betrayed
betsabe
betsy
betsy1
better
better1
bettie
bettina
betty
betty1
betty123
bettyb
bettyboo
bettyboop
bettyboop1
bettyboop2
beutiful
beverley
beverly
beverly1
beware
bewitched
bexter
beyblade
beyonce
beyonce1
beyond
beyourself
bezzies
bf4ever
bff123
bff4ever
bff4life
bh90210
bhabe
bhabes
bhabez
bhabhie
bhabhy
bhabie
bhaby
bhaby08
bhabycoh
bhabygurl
bhabyko
bhabykoh
bhabyq
bhabyqoh
bhadz
bhappy
bharat
bhaybhie
bhaybie
bhebe
bhebhe
bhebhecoh
bhebheko
bhebhekoh
bhebheq
bhebie
bheby
bhebz
bhecoh
bheibhie
bheiby
bheko
bhekoh
bhelat
bhelle
bheng
bheqoh
bhest
bheybhie
bheybi
bheybie
bhezt
bhie08
bhieko
bhing
bhong
bhutan
biabia
bianca
bianca1
bianka
biatch
biatch1
biatriz
bibby10
bibiana
bible
bible1
bibles
biblia
biblioteca
biboy
bichita
bichito
bicho
bichon
bicicleta
bicycle
bidadari
bienvenido
big123
bigapple
bigass
bigass1
bigbaby
bigballa
bigballer
bigballs
bigbang
bigbear
bigbear1
bigben
bigben7
bigbig
bigbird
bigbird1
bigbitch
bigblue
bigbob
bigboi
bigboi1
bigboobs
bigbooty
bigbooty1
bigboss
bigboy
bigboy1
bigboy12
bigboy2
bigbro
bigbrother
bigbuck
bigbum
bigbutt
bigbutt1
bigcat
bigcock
bigdaddy
bigdaddy1
bigdave
bigdawg
bigdick
bigdick1
bigdog
bigdog1
bigears
bigeyes
bigfish
bigflirt
bigfoot
bigfoot1
bigger
biggie
biggie1
biggirl
biggles
bigguy
bighead
bighead1
bigjoe
bigjohn
biglips
bigmac
bigmac1
bigmama
bigmama1
bigmamma
bigman
bigman1
bigmike
bigmomma
bigmoney
bigmoney1
bigmouth
bignasty
bignose
bigone
bigotes
bigpapa
bigpimp
bigpimp1
bigpimpin
bigpimpin1
bigpoppa
bigpun
bigred
bigred1
bigsexy
bigsexy1
bigshow
bigsis
bigsis1
bigsister
bigtime
bigtits
bigtoe
bigtruck
bigwilly
bijoux
bikerboy
bikers
biking
bikini
bilabong
billabong
billabong1
billandben
billbill
billie
billie1
billiejo
billiejoe
billiejoe1
billkaulitz
billtom
billy
billy1
billy12
billy123
billy2
billy3
billy5
billy69
billy7
billybob
billybob1
billyboy
billygoat
billyjoe
billym
billys
bimbim
bimbo
bimmer
binbin
bingbing
bingbong
bingham
bingo
bingo1
bingo123
bingos
bingung
binita
binkie
binky
binky1
binladen
bintang
biohazard
biologi
biologia
biologie
biology
bionicle
biotch
bipolar
birdbird
birdhouse
birdie
birdie1
birdman
birdman1
birds
birdy
birmingham
birthday
birthday1
bisbal
biscocho
biscuit
biscuit1
biscuits
bisexual
bishop
bishop1
biskit
bismarck
bismilah
bismillah
bisous
bitanem
bitbit
bitch
bitch!
bitch#1
bitch.
bitch01
bitch05
bitch06
bitch07
bitch08
bitch09
bitch1
bitch101
bitch11
bitch12
bitch123
bitch1234
bitch13
bitch14
bitch15
bitch16
bitch17
bitch18
bitch2
bitch21
bitch22
bitch23
bitch24
bitch25
bitch3
bitch4
bitch420
bitch4life
bitch5
bitch6
bitch666
bitch69
bitch7
bitch8
bitch88
bitch89
bitch9
bitchass
bitchass1
bitchbitch
bitches
bitches!
bitches1
bitches2
bitchez
bitchface
bitchin
bitchplease
bitchs
bitchs1
bitchy
bitchy1
bitchyme
bitchz
bitcoin
biteme
biteme!
biteme1
biteme123
biteme2
biteme69
bitter
bittersweet
bituin
bizarre
bizkit
bizzle
bizzybone
blabla
blabla1
blablabla
black
black07
black1
black10
black12
black123
black13
black14
black15
black18
black2
black21
black22
black23
black25
black3
black4
black5
black6
black666
black69
black7
black9
blackandwhite
blackangel
blackass
blackbear
blackbeauty
blackbelt
blackberry
blackbird
blackboy
blackburn
blackcat
blackcat1
blackdevil
blackdog
blackdragon
blackey
blackeye
blackeyedpeas
blackfire
blackgirl
blackhawk
blackheart
blackhole
blackice
blackie
blackie1
blackjack
blackjack1
blacklab
blacklabel
blacklist
blackmagic
blackmamba
blackman
blackman1
blackmetal
blackmoon
blackness
blackout
blackpanther
blackparade
blackpearl
blackpool
blackpower
blackrose
blackroses
blacks
blacksabbath
blacksheep
blacksmith
blackstar
blackstone
blackwell
blackwidow
blacky
blacky1
blade
blade1
blade2
blader
blades
bladimir
blah
blah1
blah12
blah123
blahblah
blahblah1
blahblahblah
blahh
blaine
blaine1
blair
blair1
blaire
blaise
blake
blake1
blake12
blake123
blake2
blakey
blanca
blanca1
blancanieves
blanchard
blanche
blanco
blank
blanka
blanket
blankie
blanquita
blaque
blaster
blayne
blaze
blaze1
blaze123
blaze420
blazed
blazer
blazer1
blazers
blaziken
blazin
blazing
bleach
bleach1
bleeding
bleedinglove
bless
bless1
blessed
blessed1
blessed2
blessed7
blessedbe
blessie
blessing
blessings
blessme
blessy
blinblin
blind
blind1
blinds
blindside
bling
bling1
blingbling
blings
blink
blink-182
blink1
blink182
blink_182
blinker
blinkme
blinks
blinky
bliss
blitz
blitzkrieg
blizzard
blizzard1
blobby
blockbuster
bloemen
blonda
blonde
blonde1
blonde2
blondebabe
blondebimbo
blondee
blondes
blondey
blondi
blondie
blondie!
blondie1
blondie101
blondie12
blondie123
blondie13
blondie2
blondie21
blondie3
blondie5
blondie7
blondina
blondu
blondutza
blondy
blondy1
blood
blood1
blood123
blood13
blood4life
blood5
bloodline
bloodlust
bloodred
bloods
bloods1
bloods5
bloody
bloody1
bloodyhell
bloodz
bloodz1
bloom
blooming
blooms
blossom
blossom1
blossoms
blowfish
blowjob
blowjob1
blowme
blowme1
blowme69
blowpop
blubber
blue
blue00
blue01
blue02
blue03
blue04
blue05
blue06
blue07
blue08
blue09
blue1
blue10
blue101
blue11
blue12
blue123
blue1234
blue13
blue14
blue15
blue16
blue17
blue18
blue19
blue20
blue21
blue22
blue23
blue24
blue25
blue26
blue27
blue28
blue30
blue32
blue33
blue34
blue42
blue44
blue45
blue456
blue4u
blue52
blue55
blue56
blue66
blue69
blue72
blue77
blue777
blue82
blue85
blue88
blue89
blue92
blue94
blue99
blueangel
bluebabe
bluebaby
blueballs
bluebear
bluebell
bluebells
blueberry
blueberry1
bluebird
bluebird1
bluebirds
blueblue
blueboy
bluebunny
bluecar
bluecat
bluecrush
bluedevil
bluedevils
bluedog
bluedragon
blueeyes
blueeyes1
bluefairy
bluefire
bluefish
bluegirl
bluegrass
bluegreen
blueice
bluejay
bluejays
bluejeans
bluelove
bluelover
bluemagic
blueman
bluemonkey
bluemoon
bluemoon1
bluenose
bluepink
blueprint
bluered
bluerose
blues
blues1
bluesclues
bluesea
blueskies
bluesky
bluesky1
bluess
bluestar
bluestar1
bluestars
bluetooth
bluewater
blueyes
bluish
blunt420
blunts
blurry
blythe
bmw123
bmw325
bmw325i
bmwbmw
bmx4life
bmxbmx
bnmbnm
boang
boarder
boarding
boavista
boazona
bob
bob101
bob123
bob1234
bobafett
bobbi
bobbie
bobbie1
bobbin
bobble
bobbob
bobbob1
bobby
bobby1
bobby12
bobby123
bobby13
bobby2
bobby3
bobby5
bobby69
bobby7
bobbyb
bobbyboy
bobbyjack
bobbyjoe
bobbys
bobcat
bobcat1
bobcats
bobcats1
bobdole
bobdylan
bobert
bobesponja
bobita
bobito
bobmarley
bobmarley1
bobmarly
bobo
bobo12
bobo123
bobobo
bobobobo
bobocel
bobong
boboy
bobster
bobthebuilder
bocephus
bodoque
bodyslam
boeing
bogart
bogdan
bogdanel
boggie
bogota
boiboi
bojangles
bokbok
boknoy
bolang
bolero
bolillo
bolinha
bolinhas
bolita
bolivar
bolivia
bollocks
bollox
bollywood
bologna
bologna1
bolton
bomba
bombas
bombay
bombeiro
bombeiros
bomber
bomberman
bombers
bombom
bombon
bombona
bomboncito
bombonel
bombonica
bombonik
bombshell
bonanza
bonbon
bonbon1
bond007
bondage
bondoc
boneca
bonehead
boneka
bonekinha
boner
bones
bones1
bonethug
bonethugs
bonethugz
bongbong
bongga
bongo
bongo1
bonheur
bonifacio
bonilla
bonita
bonita1
bonitas
bonito
bonjing
bonjour
bonjour1
bonjovi
bonjovi1
bonkers
bonkers1
bonner
bonnie
bonnie1
bonnie12
bonnie123
bonny
bonsai
bonzai
boo
boo-boo
boo123
boob
booba
boobaby
boobah
boobear
boobear1
boobee
boober
boobie
boobie1
boobies
boobies1
boobies2
booboo
booboo1
booboo11
booboo12
booboo123
booboo13
booboo2
booboo22
booboo3
booboo4
booboo5
booboo7
booboo9
booboobear
boobs
boobs1
booby
boochie
boodie
boofhead
boogaloo
booger
booger1
booger12
booger2
boogers
boogers1
boogeyman
boogie
boogie1
boogie2
boogieman
boohoo
booker
bookert
bookie
bookie1
bookmark
books
bookworm
booman
boomboom
boomboom1
boombox
boomer
boomer1
boomer2
boomerang
boomting
boondocks
boone
booney
boonie
boooo
booooo
booper
boopie
boosie
boosie1
booster
booter
bootie
bootiful
boots
boots1
boots123
bootsie
bootsie1
bootsy
booty
booty1
booty2
booty69
bootycall
bootyful
bootylicious
booya
booyah
booyaka
boozer
bopper
borabora
boracay
borboleta
border
boreanaz
bored
bored1
boredom
borges
boricua
boricua1
boricua2
boring
boriqua
boriqua1
boris
boris1
bornagain
borneo
bornok
borracho
borrega
borrego
borreguito
borris
borromeo
bosco
bosco1
boselecta
bosing
bosley
bosnia
bossing
bosslady
bossman
bossman1
bossy
bossy1
boston
boston1
boswell
botbot
botchok
bottle
bottom
boubou
bounce
bounce1
bouncer
bouncer1
bouncy
bounty
bourbon
bourne
bouvier
bow wow
bowbow
bowers
bowie
bowler
bowling
bowling1
bowman
bowser
bowtie
bowwow
bowwow1
bowwow11
bowwow12
bowwow123
bowwow13
bowwow18
bowwow2
bowwow3
bowwow87
boxer
boxer1
boxers
boxing
boxing1
boy123
boybawang
boyboy
boycrazy
boycrazy1
boyet
boyfriend
boyfriend1
boyfriends
boylover
boyong
boyracer
boys
boys123
boysboys
boyscout
boyslie
boysoverflowers
boysrule
boyssuck
boyssuck1
boysuck
boytoy
boyz
boyzone
br00ke
br00klyn
br0ken
braceface
bracelet
braces
bracken
brad
brad12
brad123
braden
braden1
bradford
bradlee
bradley
bradley1
bradley2
bradly
bradpit
bradpitt
bradpitt1
bradshaw
brady
brady1
brady12
braeden
braiden
brain
brains
brainy
bramble
brambles
branca
branch
branco
brand0n
brandan
brandee
branden
branden1
brandi
brandi1
brandie
brandin
brandnew
brando
brandon
brandon!
brandon01
brandon04
brandon05
brandon06
brandon07
brandon08
brandon09
brandon1
brandon10
brandon11
brandon12
brandon123
brandon13
brandon14
brandon15
brandon16
brandon17
brandon18
brandon19
brandon2
brandon21
brandon22
brandon23
brandon3
brandon4
brandon5
brandon6
brandon69
brandon7
brandon8
brandon9
brandonlee
brandy
brandy1
brandy12
brandy123
brandy2
brandyn
brannon
branson
brasil
brasil1
brasov
brat12
brat123
bratgirl
bratinela
bratinella
bratty
bratz
bratz1
bratz10
bratz11
bratz12
bratz123
bratz2
bratz8
bratz9
bratzgirl
bratzs
bratzz
braulio
brave
braveheart
braves
braves1
braves10
bravo
bravo1
braxton
braxton1
brayan
brayden
brayden1
braydon
braylon
brazil
brazil1
brazilia
bre123
bread
break
breakaway
breakdance
breakdown
breaker
breakers
breakfast
breaking
breaks
breana
breann
breanna
breanna1
breanne
breast
breath
breathe
brebre
brebre1
brebre12
breeanna
breebree
breeding
breeding5
breeze
breeze1
breezer
breezy
breezy1
brenda
brenda1
brenda12
brenda123
brendan
brendan1
brendateamo
brenden
brenden1
brendis
brendita
brendon
brendon1
brendy
brengsek
brenna
brennan
brennan1
brennen
brent
brent1
brentford
brenton
brentwood
breona
breonna
brett
brett1
brewer
brewster
brezzy
bri123
brian
brian01
brian05
brian06
brian07
brian1
brian11
brian12
brian123
brian13
brian14
brian2
brian21
brian22
brian23
brian24
brian3
brian69
brian7
briana
briana1
brianc
brianda
brianl
brianm
briann
brianna
brianna01
brianna1
brianna12
brianna123
brianna2
brianna3
brianna4
brianna5
brianna7
brianne
brianne1
brians
briant
bribri
bribri1
brice
bricks
bridge
bridges
bridget
bridget1
bridgett
bridgette
bridie
brielle
brigette
briggs
bright
brighteyes
brighton
brigitta
brigitte
brilliant
brillo
brina
brina1
bringit
bringiton
bringmetolife
brinkley
briones
brionna
briony
brisa
brisbane
bristol
bristolcity
brit123
britain
britany
britbrat
britbrit
british
britnee
britney
britney1
britneys
britneyspears
britni
britny
britt
britt06
britt07
britt08
britt09
britt1
britt11
britt12
britt123
britt13
britt14
britt2
britta
brittani
brittanie
brittany
brittany1
brittany12
brittany13
brittany2
brittany7
brittnee
brittney
brittney1
brittni
brittnie
brittny
britton
britty
broadband
broadband1
broadway
broadway1
broasca
broccoli
brock
brock1
broderick
brodie
brodie1
brody
brody1
brogan
broken
broken1
broken2
brokenheart
brokenhearted
bronagh
bronco
bronco1
broncos
broncos1
broncos7
bronson
bronte
bronwyn
bronx
bronx1
bronze
brook
brook1
brooke
brooke01
brooke05
brooke07
brooke1
brooke10
brooke11
brooke12
brooke123
brooke13
brooke2
brooke22
brooke3
brooke7
brookie
brookie1
brooklin
brooklyn
brooklyn1
brooklyn2
brooklynn
brooklynn1
brooks
brooks1
brooky
brother
brother1
brother2
brotherhood
brothers
brotown
brown
brown1
brown13
brown2
browne
browneye
browneyes
browneyes1
brownie
brownie1
brownie2
brownies
browning
brownpride
browns
browns1
brownskin
brownstyle
brownsuga
brownsugar
browny
bruce
bruce1
brucelee
brucey
brucie
bruha
bruins
bruiser
bruiser1
bruja
brujas
brujis
brujita
bruna
bruneta
brunette
brunette1
bruninha
bruninho
brunito
bruno
bruno1
bruno123
brunos
brutal
brutis
brutus
brutus1
bruxinha
bryan
bryan01
bryan08
bryan1
bryan12
bryan123
bryan13
bryan2
bryan5
bryana
bryanb
bryann
bryanna
bryanna1
bryans
bryant
bryant1
bryant24
bryant8
brybry
bryce
bryce1
brylle
bryony
bryson
bryson1
bsb4ever
buang
bubba
bubba01
bubba1
bubba12
bubba123
bubba13
bubba2
bubba22
bubba3
bubba4
bubba5
bubba7
bubbagump
bubbah
bubbas
bubbas1
bubbie
bubble
bubble1
bubble123
bubble2
bubble3
bubblebutt
bubblegum
bubblegum1
bubblegum2
bubbles
bubbles!
bubbles.
bubbles01
bubbles06
bubbles07
bubbles08
bubbles1
bubbles10
bubbles101
bubbles11
bubbles12
bubbles123
bubbles13
bubbles14
bubbles15
bubbles2
bubbles21
bubbles22
bubbles23
bubbles3
bubbles4
bubbles5
bubbles6
bubbles69
bubbles7
bubbles8
bubbles9
bubbless
bubblez
bubblez1
bubbly
bubby
bubby1
bubles
buboy
bububu
bubulina
bubulubu
buburuza
buccaneers
buchanan
buckaroo
bucket
buckeye
buckeye1
buckeyes
buckeyes1
buckfast
buckie
buckley
buckshot
buckwheat
bucky
bucky1
bucuresti
bud420
budang
budapest
budbud
budda1
buddah
buddah1
buddha
buddha1
buddie
buddie1
buddies
buddy
buddy01
buddy05
buddy06
buddy07
buddy08
buddy1
buddy10
buddy11
buddy12
buddy123
buddy13
buddy14
buddy2
buddy22
buddy3
buddy4
buddy5
buddy6
buddy7
buddyboy
buddyboy1
buddydog
buddylee
buddylove
buddys
budget
budgie
budiman
buding
budlight
budlight1
budlite
budman
budong
budweiser
budweiser1
budwiser
bueno
buffalo
buffalo1
buffet
buffett
buffie
buffness
buffon
buffy
buffy1
buffy123
buffy7
buffys
buford
bug123
bugaboo
bugaboo1
bugatti
bugbug
buggaboo
bugger
bugger1
buggie
buggy
buggy1
bugjuice
bugmafia
bugoy
bugsbunny
bugsbunny1
bugsy
bugsy1
bugzbunny
builder
building
bujang
buknoy
bulacan
bulaklak
bulate
bulbul
buldog
bulgaria
bulilit
bulldawg
bulldawgs
bulldog
bulldog1
bulldogs
bulldogs1
bulldozer
buller
bullet
bullet1
bulletproof
bullets
bullfrog
bullock
bullrider
bulls
bulls23
bullseye
bullshit
bullshit1
bullwinkle
bully
bulmers
bulshit
bumbay
bumble
bumblebee
bumblebee1
bumbum
bumchum
bumface
bumfluff
bumhead
bumhole
bummer
bumper
bunbun
bunbury
bunches
bunda
bunga
bunghole
bungle
bunica
bunker
bunkers
bunnie
bunnies
bunnies1
bunny
bunny1
bunny11
bunny12
bunny123
bunny13
bunny14
bunny2
bunny3
bunny5
bunny69
bunny7
bunnyboo
bunnygirl
bunnyhop
bunnyrabbit
bunnys
bunso
bunsoy
buraot
burat
burberry
burbuja
burbujas
burbujita
burger
burger1
burgerking
burgers
burgess
burgos
burgundy
burhan
burner
burnett
burning
burnley
burnout
burnside
burrito
burro
burrows
bursuc
burton
burton1
burundis
burung
busdriver
bush25
bushido
business
business1
busta
bustamante
busted
busted1
buster
buster01
buster07
buster1
buster10
buster101
buster11
buster12
buster123
buster13
buster2
buster21
buster22
buster3
buster4
buster5
buster7
buster8
busybee
butch
butch1
butcher
butchie
butchoy
butchy
buterfly
buthead
butiki
butler
butler1
butlins
butt
butt3rfly
buttbutt
buttcrack
butter
butter1
butter2
butterball
butterbean
buttercup
buttercup1
buttercup2
butterfinger
butterflies
butterfly
butterfly!
butterfly07
butterfly1
butterfly12
butterfly123
butterfly13
butterfly2
butterfly21
butterfly22
butterfly23
butterfly3
butterfly4
butterfly5
butterfly6
butterfly69
butterfly7
butterfly8
butterfly9
butterflykisses
butterflys
butters
butters1
butterscotch
buttface
buttface1
butthead
butthead1
butthole
butthole1
buttmunch
button
button1
buttons
buttons1
buttsex
buzzard
buzzer
buzzin
buzzybee
bvlgari
byakugan
byakuya
byebye
byron
byron1
byteme
c.ronaldo
c00kie
c00kies
c0mputer
c12345
c123456
c1234567
c123456789
caballero
caballito
caballo
caballos
cabana
cabbage
cabello
cabeza
cabezon
caboverde
cabral
cabrera
cabrio
cabron
cabrona
cabrones
caca
caca123
cacaca
cacacaca
cacahuate
cacaroto
cacas
cacat
cacatua
caceres
cachero
cachetes
cacheton
cachetona
cachita
cachito
cacho
cachonda
cachondo
cachorra
cachorrita
cachorrito
cachorro
cactus
cadaver
cadbury
cadela
caden
caden1
cadena
cadence
cadence1
cadete
cadets
cadillac
cadillac1
caesar
caetano
cafetacuba
cagada
cagayan
caguioa
cahaya
cahill
caicai
caiden
caifanes
cailin
caine
caitlin
caitlin1
caitlyn
caitlyn1
caitlynn
cajamarca
cake123
cakep
cakes
calabar
calabaza
calabria
calais
calamardo
calavera
calculator
calculus
calderon
caldwell
caleb
caleb06
caleb1
caleb123
caleb2
calendar
calendario
calender
calgary
calhoun
cali
cali06
cali07
cali123
cali4nia
calibra
caliche
calico
caliente
califas
california
californication
caligirl
caligula
calimero
calin
calipso
calista
calito
calixto
call911
callahan
callalily
callan
callao
callate
callaway
calle13
callie
callie1
calling
callme
callofduty
callum
callum1
callum123
cally
calum
calvary
calvin
calvin1
calypso
cam123
camacho
camaleon
camara
camarena
camaro
camaro1
camaro69
camaron
camaroz28
cambio
cambodia
cambria
cambridge
camcam
camden
camden1
camel
camel1
camela
camelia
camello
camelo
camelot
camels
cameltoe
camera
camera1
camero
cameron
cameron01
cameron02
cameron05
cameron06
cameron1
cameron12
cameron123
cameron2
cameron3
cameron4
cameron5
cameron6
cameron7
cameron8
cameroon
camil
camila
camila1
camile
camilita
camilito
camilla
camille
camille1
camilo
camiloteamo
camino
camion
camisa
cammie
cammy
camogie
camote
campana
campanita
campbell
campbell1
campeon
campeones
camper
camping
campion
campos
camprock
campus
camren
camron
camron1
camryn
canaan
canabis
canada
canada1
canadian
canales
canario
canary
canberra
cancan
cancel
cancer
cancer1
cancer69
cancerian
cancion
cancun
cancun1
candace
candace1
candee
candela
candelaria
candi
candi1
candice
candice1
candida
candido
candie
candie1
candies
candies1
candii
candis
candle
candle1
candles
candra
candy
candy!
candy01
candy07
candy08
candy1
candy10
candy101
candy11
candy12
candy123
candy13
candy14
candy15
candy16
candy18
candy2
candy21
candy22
candy23
candy24
candy3
candy4
candy5
candy6
candy69
candy7
candy8
candy9
candyapple
candyass
candybaby
candybar
candycandy
candycane
candycane1
candyfloss
candygirl
candygirl1
candygurl
candykisses
candyland
candyman
candyman1
candys
candyshop
candyy
canela
canelita
canelo
caneta
canete
cangrejo
cangri
cangry
canguro
canica
canito
canlas
cannabis
cannavaro
cannibal
cannon
cannon1
canon
canser
cantante
cantar
canterbury
cantik
cantika
cantiq
cantique
canton
cantona
cantona7
cantrell
canucks
canuto
canyon
caoimhe
caolan
capcom
capecod
capedeh
capetown
capital
capital1
capitan
capoeira
capone
capone1
capri
caprice
capricho
caprichosa
capricorn
capricorn1
capricornio
caprisun
capslock
capsunica
captain
captain1
capuchino
capullo
car123
caracas
caracol
caracola
caracoles
caracter
caradeperro
carajo
caralho
caraluna
caramba
caramel
caramel1
caramela
caramelito
caramelo
caramelos
caranguejo
caravan
carbajal
carbon
carcar
cardcaptor
cardenas
cardiff
cardiffcity
cardinal
cardinals
cardinals1
cardona
cardoso
cards
carebear
carebear1
carebear2
carebear3
carebears
carebears1
careca
career
carefree
careful
caregiver
careless
caren
caress
carey
caribbean
caribe
caridad
carina
carine
caring
carinho
carino
carioca
carisa
carisma
carissa
carissa1
carita
caritas
carito
cariã±o
carla
carla1
carla123
carlangas
carlas
carlee
carleen
carleigh
carlene
carley
carlie
carlin
carlina
carling
carlinha
carlinhos
carlisle
carlita
carlito
carlitos
carlitos1
carlo
carloncho
carlos
carlos01
carlos05
carlos1
carlos10
carlos11
carlos12
carlos123
carlos13
carlos14
carlos15
carlos16
carlos17
carlos18
carlos19
carlos2
carlos21
carlos22
carlos23
carlos24
carlos3
carlos5
carlos69
carlos7
carlosalberto
carlosandres
carloss
carlosteamo
carlota
carlotta
carlow
carlsberg
carlson
carlton
carlton1
carly
carly1
carlyn
carman
carmel
carmel1
carmela
carmelina
carmelita
carmella
carmello
carmelo
carmelo1
carmelo15
carmen
carmen1
carmen123
carmencita
carmex
carmie
carmina
carmine
carmona
carnage
carnal
carnation
carnaval
carneiro
carnell
carnell1
carnival
carol
carol1
carol123
carola
carolann
carolay
carole
caroli
carolin
carolina
carolina1
carolina12
carolina2
caroline
caroline1
carolinita
carolita
caroll
carolyn
carolyn1
carousel
carpediem
carpenter
carpet
carpio
carranza
carrasco
carren
carreon
carrera
carrick
carrie
carrie1
carrillo
carrington
carrion
carrito
carro
carroll
carros
carrot
carrot1
carrots
cars123
carson
carson1
cartagena
cartago
cartel
carteldesanta
carter
carter1
carter15
carter2
carter3
cartera
cartier
cartman
cartman1
cartoon
cartoon1
cartoons
cartwright
carvajal
carvalho
carver
carwash
caryl
casablanca
casaca
casada
casamento
casandra
casanova
casas
cascada
cascade
cascais
casey
casey1
casey12
casey123
casey2
casey3
casey7
caseys
cashdogg
cashew
cashflow
cashmere
cashmoney
cashmoney1
casillas
casimiro
casino
casino1
casio
casita
casper
casper01
casper1
casper11
casper12
casper123
casper13
casper2
caspian
cassandra
cassandra1
cassanova
cassey
cassia
cassidy
cassidy1
cassie
cassie01
cassie1
cassie11
cassie12
cassie123
cassie13
cassie2
cassie3
cassiopeia
cassius
cassy
cassy1
castaneda
castellanos
castelo
caster
castillo
castillo1
castle
castle1
castor
castravete
castro
casual
cat101
cat123
cat1234
catalan
catalin
catalina
catalina1
catanddog
catarina
catcat
catcat1
catcatcat
catch22
catcher
catchme
catdaddy
catdog
catdog1
catdog12
catdog123
catdog2
catelus
cater2u
caterina
catering
caterpillar
cateyes
catfish
catfish1
catfood
catgirl
cathal
cathedral
catherin
catherine
catherine1
cathie
cathleen
cathlyn
catholic
cathrine
cathryn
cathy
cathy1
cathys
catia
catie
catinthehat
catita
catlover
catlover1
catman
catnip
catolica
catracha
catracho
catrin
catrina
catriona
cats
cats12
cats123
catsanddogs
catscats
catsdogs
catseye
catsrock
catsrule
cattle
cattleya
catty
catwalk
catwoman
catwomen
caution
cavalier
cavaliers
cavalo
cavalos
caveman
cavite
cayang
cayank
caycay
cayden
cayden1
cayenne
cayetano
cayman
cazador
cba321
cbr600
cbr600rr
cbrown
cbrown1
cc1234
ccccc
cccccc
cdplayer
ceasar
ceaser
ceballos
cebucity
cecelia
cecil
cecile
cecilia
cecilia1
cecilio
cecille
cecily
cedie
cedric
cedric1
cedrick
ceecee
ceejay
celebrate
celebrity
celene
celeron
celest
celeste
celeste1
celestial
celestina
celestine
celestino
celia
celica
celina
celine
celinedion
cellphone
cellphone1
cellular
celso
celtic
celtic01
celtic06
celtic07
celtic1
celtic12
celtic123
celtic1888
celtic1967
celtic2007
celtic67
celtic7
celtic88
celticfc
celticfc1
celticno1
celtics
celula
celular
cena12
cena123
cena54
cena619
cenicienta
ceniza
centeno
center
centil
central
central1
centrino
centro
century
cerasela
cerberus
cereal
cerebro
cereza
cerise
cerote
certified
cervantes
cerveza
cesar
cesar1
cesar123
cesarin
cesarito
cesarteamo
cesitar
cespedes
cessna
cfc1888
ch0c0late
ch33s3
ch3rry
chabela
chabelita
chabelo
chacal
chacha
chacha1
chachacha
chachi
chachi1
chaching
chachis
chachita
chacho
chacon
chad
chad123
chaddy
chadmm
chadwick
chaichai
chaingang
chainsaw
chair
chairman
chairs
chaka
chale
chalky
challenge
challenger
chalupa
chamber
chambers
chamcham
chameleon
chamillionaire
chammy
chamorro
champ
champ1
champagne
champi
champion
champion1
champions
champoy
champs
champy
chana
chance
chance01
chance1
chance12
chance123
chance2
chance3
chancer
chancey
chanchan
chanchito
chancho
chanda
chandler
chandler1
chandra
chandy
chanel
chanel1
chanel5
chanell
chanelle
chaney
chang
changa
change
change1
changed
changeme
changeme1
changes
changmin
chango
changoleon
changos
changuito
chanice
chanita
channel
channing
channing1
channingtatum
channy
chano
chantal
chante
chantel
chantel1
chantell
chantelle
chantelle1
chantique
chanty
chaos
chaos1
chaotic
chaparra
chaparrita
chaparrito
chaparro
chapel
chapin
chapina
chapis
chapita
chaplin
chapman
chapman1
chappy
chapstick
chapulin
character
characters
charchar
charcoal
chard
chardonnay
charger
charger1
chargers
chargers1
chargers21
charie
charina
charing
charis
charise
charish
charisma
charissa
charisse
charito
charity
charity1
chariz
charizard
charl
charl1e
charla
charle
charlee
charleen
charlene
charlene1
charles
charles1
charles2
charles3
charles7
charleston
charley
charley1
charli
charlie
charlie!
charlie01
charlie06
charlie07
charlie08
charlie1
charlie10
charlie11
charlie12
charlie123
charlie13
charlie14
charlie15
charlie16
charlie2
charlie23
charlie3
charlie4
charlie5
charlie6
charlie7
charlie8
charlie9
charlieboy
charliebrown
charlies
charline
charlize
charlo
charlot
charlote
charlotte
charlotte1
charls
charlton
charly
charlyn
charlz
charm
charm1
charmaine
charmander
charmed
charmed1
charmed2
charmed3
charmedone
charmedp3
charmer
charmie
charmin
charmine
charming
charms
charmy
charmz
charo
charro
charry
charter
chase
chase1
chase12
chase123
chase2
chaser
chaser1
chasey
chasez
chasity
chasity1
chastity
chata
chatita
chatito
chato
chaton
chatter
chatterbox
chatting
chatty
chaucer
chauncey
chava
chavarria
chavela
chavelita
chaves
chavette
chavez
chavez1
chavita
chavito
chavo
chayank
chayanne
chaychay
chazza
chazzy
chealsea
cheater
cheater1
cheaters
cheche
checho
checker
checkers
checkers1
checkmate
checo
cheddar
chedder
cheeba
cheech
cheech1
cheechee
cheeko
cheeks
cheeks1
cheeky
cheeky1
cheeky123
cheekygirl
cheekymonkey
cheena
cheenee
cheer
cheer!
cheer01
cheer03
cheer04
cheer05
cheer06
cheer07
cheer08
cheer09
cheer1
cheer10
cheer101
cheer11
cheer12
cheer123
cheer13
cheer14
cheer15
cheer16
cheer17
cheer18
cheer2
cheer21
cheer22
cheer23
cheer24
cheer3
cheer4
cheer4life
cheer4u
cheer5
cheer7
cheer8
cheer88
cheer9
cheerbabe
cheerchic
cheerchick
cheerful
cheergirl
cheergirl1
cheering
cheerio
cheerios
cheerleader
cheerleading
cheers
cheers1
cheery
cheese
cheese!
cheese1
cheese11
cheese12
cheese123
cheese13
cheese2
cheese3
cheese4
cheese5
cheese7
cheeseball
cheeseburger
cheesecake
cheesehead
cheesey
cheesy
cheeta
cheetah
cheetah1
cheetahgirls
cheetahs
cheeto
cheetos
cheetos1
cheeze
cheezy
cheguevara
cheila
cheito
chela
chelas
cheli
chelita
chelito
chelito19
chell
chella
chellam
chelle
chelle1
chellie
chello
chelly
chelo
chels
chels1
chelse
chelsea
chelsea01
chelsea06
chelsea07
chelsea1
chelsea10
chelsea11
chelsea12
chelsea123
chelsea13
chelsea14
chelsea2
chelsea3
chelsea4
chelsea7
chelsea8
chelseafc
chelsearule
chelsee
chelsey
chelsey1
chelsi
chelsie
chelsie1
chelski
chelsy
chely
chema
chemical
chemicalromance
chemistry
chenchen
chencho
chenee
cheng
chenoa
chepito
cheree
cherelle
cherie
cherilyn
cherise
cherish
cherish1
cherokee
cherokee1
cherri
cherrie
cherries
cherries1
cherry
cherry!
cherry01
cherry06
cherry07
cherry08
cherry1
cherry10
cherry101
cherry11
cherry12
cherry123
cherry13
cherry14
cherry15
cherry16
cherry17
cherry2
cherry21
cherry22
cherry23
cherry3
cherry4
cherry5
cherry6
cherry69
cherry7
cherry8
cherryann
cherryblossom
cherrybomb
cherrycoke
cherryl
cherrylips
cherrymae
cherrypie
cherrypop
cherrys
cherrytree
cherub
chery
cheryl
cheryl1
chesca
cheshire
cheska
chesney
chesney1
chess
chesse
chessie
chessy
chester
chester1
chester123
chester2
chester7
chestnut
chetos
cheval
chevelle
chevelle1
chevere
chevrolet
chevrolet1
chevy
chevy1
chevy2
chevy69
chevys
chevys10
chevyz71
chewbacca
chewey
chewie
chewy
chewy1
cheyanne
cheyanne1
cheychey
cheyenne
cheyenne1
cheyenne2
chezka
chi-town
chiara
chibi
chica
chica1
chica13
chicafresa
chicago
chicago1
chicago2
chicago23
chicalinda
chicaloca
chicana
chicana1
chicano
chicas
chicasexi
chicasexy
chicca
chicco
chicha
chicharo
chichay
chichi
chichi1
chicho
chick
chick1
chicka
chickadee
chickboy
chicken
chicken!
chicken1
chicken11
chicken12
chicken123
chicken13
chicken2
chicken3
chicken4
chicken5
chicken7
chickenbutt
chickenhead
chickenlittle
chickens
chickens1
chickenwing
chickie
chicklet
chicks
chicky
chicky1
chiclayo
chicle
chico
chico1
chico123
chicos
chicosci
chido
chidori
chief
chief1
chiefs
chihiro
chihuahua
chihuahua1
chika
chiken
chiki
chikilla
chikis
chikita
chikita1
chikitita
chikito
chikka
chilanga
chilango
childcare
childhood
childofgod
children
children1
children2
children3
children4
children5
chile
chilena
chili
chilindrina
chilis
chill
chiller
chilli
chillie
chillin
chillin1
chilling
chillout
chilly
chimaira
chimera
chimie
china
china1
china123
chinadoll
chinas
chinatown
chinchan
chinchilla
chinchin
chinee
chinese
ching
chinga
chingatumadre
chingching
chinggay
chingon
chingona
chingy
chingy1
chinita
chinita1
chinito
chinky
chinny
chino
chino1
chinook
chinos
chinta
chiomega
chipie
chipmunk
chipmunks
chipper
chipper1
chipper10
chippie
chippy
chips
chiqui
chiquilin
chiquilla
chiquis
chiquita
chiquita1
chiquitin
chiquitita
chiquititas
chiquito
chiripa
chirris
chispa
chispas
chispita
chitara
chito
chitown
chitown1
chiva
chivas
chivas#1
chivas01
chivas1
chivas10
chivas100
chivas11
chivas12
chivas123
chivas13
chivas2
chivas9
chivis
chivita
chiwawa
chloe
chloe01
chloe02
chloe04
chloe05
chloe06
chloe07
chloe1
chloe10
chloe11
chloe12
chloe123
chloe13
chloe2
chloe3
chloe4
chloe5
chloe7
chloeann
chloeb
chloee
chloem
chloes
chloie
chobit
chobits
chocalate
chocha
chochang
choche
chocho
chocky
choclate
choco
choco1
chocobo
chococat
chocoholic
chocol8
chocola
chocolat
chocolate
chocolate!
chocolate1
chocolate11
chocolate12
chocolate123
chocolate13
chocolate2
chocolate3
chocolate4
chocolate5
chocolate6
chocolate7
chocolate8
chocolate9
chocolatecake
chocolates
chocolatito
choctaw
chofis
choice
choices
chokolate
cholita
cholito
cholo
cholos
chomper
chompoo
chona
chooch
choochoo
chooky
choose
chopchop
choper
chopin
choppa
chopper
chopper1
choppers
choppy
chopsuey
chorizo
chorva
chosen
chosen1
chosenone
chouchou
chowchow
chowder
chowking
chris
chris brown
chris!
chris#1
chris.
chris01
chris02
chris03
chris04
chris05
chris06
chris07
chris08
chris09
chris1
chris10
chris101
chris11
chris12
chris123
chris1234
chris13
chris14
chris143
chris15
chris16
chris17
chris18
chris19
chris2
chris20
chris2006
chris21
chris22
chris23
chris24
chris25
chris26
chris27
chris28
chris3
chris33
chris4
chris4eva
chris4ever
chris4life
chris5
chris6
chris69
chris7
chris77
chris8
chris87
chris88
chris89
chris9
chris92
chrisa
chrisb
chrisb1
chrisb2
chrisbaby
chrisbreezy
chrisbrown
chrisbrown1
chrisc
chrisd
chrisg
chrish
chrisj
chrisk
chrisl
chrism
chrisp
chrisr
chriss
chrissie
chrissy
chrissy1
christ
christ1
christ7
christa
christain
christal
christan
christel
christelle
christen
christi
christian
christian1
christian2
christian3
christian5
christian7
christiana
christiano
christie
christin
christina
christina1
christine
christine1
christine2
christiu
christmas
christmas1
christo
christoper
christophe
christopher
christopher1
christy
christy1
chrisw
chrisy
chriz
chrome
chronic
chronic1
chronic420
chrono
chrysler
chrystal
chubba
chubbs
chubby
chubby1
chubchub
chuby
chucha
chuchay
chuchi
chuchin
chuchis
chuchito
chucho
chuchu
chuck
chuck1
chuckie
chuckie1
chuckles
chucks
chucky
chucky1
chuky
chula
chula1
chula13
chuleta
chulis
chulita
chulito
chulo
chulo1
chummy
chunk
chunks
chunky
chunky1
chunkymonkey
chupa
chupachups
church
church1
churchill
churro
churva
chutima
chyanne
chychy
chyna
chyna1
chynna
ciaobella
ciaociao
ciara
ciara1
ciara123
ciaran
ciarra
ciccio
cicero
cicuska
cielito
cielo
cieloazul
cielos
cienciano
ciencias
ciera
cierra
cierra1
cigano
cigarro
cilacap
cillian
cimbom
cincin
cincinnati
cinco
cinco5
cinder
cinder1
cinderela
cinderella
cinders
cindie
cindrella
cindy
cindy1
cindy123
cindylou
cindys
cinema
cingular
cingular1
cinnamon
cinnamon1
cinta
cintaku
cintaq
cintasejati
cinthia
cinthya
cintia
cintya
cioara
ciocolata
ciprian
cipriano
circle
circus
cirebon
cirilo
cisco
cisco1
cisneros
citizen
citlali
citlalli
citra
citroen
citrus
civic
civic1
civicsi
claire
claire1
clairebear
clancy
clang
clapton
clara
clara1
clare
clarence
claret
claribel
clarice
clarinet
clarinet1
clarinete
clarion
claris
clarisa
clarise
clarissa
clarissa1
clarisse
clarita
clariz
clariza
clark
clark1
clarke
clarkey
clarkie
clarkkent
clarkson
clarky
claro
clase406
class03
class04
class05
class06
class07
class08
class09
class10
class11
class2005
class2006
class2007
class2008
class2009
class2010
class2011
classic
classic1
classical
classified
classmate
classof04
classof05
classof06
classof07
classof08
classof09
classof10
classof11
classof2004
classof2005
classof2006
classof2007
classof2008
classof2009
classof2010
classof2011
classof2012
classroom
classy
classy1
claude
claudette
claudi
claudia
claudia1
claudia123
claudine
claudio
claudita
claudiu
claudy
claus
clave
clavel
clayaiken
claymore
clayton
clayton1
cleaning
clear
clearwater
clement
clemente
clementina
clementine
clements
clemson
clemson1
cleofe
cleopatra
cleopatra1
cletus
cleveland
cleveland1
clever
click
click5
cliff
cliff1
clifford
clifford1
cliffy
cliford
clifton
climax
clinique
clint
clint1
clinton
clinton1
cliodhna
clipper
clippers
clitoris
clock
clocks
clockwork
cloclo
clodagh
clooney
closed
closer
clothes
cloud
cloud1
cloud9
cloudnine
clouds
cloudstrife
cloudy
clover
clover1
clovers
clovis
clown
clown1
clowns
clubbing
clubland
clubpenguin
clueless
clueless1
clumsy
clutch
clyde
clyde1
cmarie
cmoney
cmpunk
co2003
co2004
co2005
co2006
co2007
co2008
co2010
coach
coach1
coacoa
coaster
cobain
cobalt
cobra
cobra1
cobras
coca-cola
cocacola
cocacola1
cocaina
cocaine
cochise
cocina
cocker
cocksucker
cocktail
coco
coco01
coco1
coco10
coco11
coco12
coco123
coco1234
coco13
coco14
coco15
coco21
coco22
cocoa
cocoa1
cocoa123
cocoa2
cocobean
cocochanel
cococo
cocococo
cocodrilo
cocolina
cocolino
cocoliso
cocoloco
coconut
coconut1
coconuts
cocopop
cocopops
cocopuff
cocopuffs
cocos
cocoy
codeblue
codelyoko
codeman
codename
codered
codie
codigo
codita
cody
cody01
cody1
cody11
cody12
cody123
cody13
cody14
cody22
codybear
codycody
codyjames
codylee
coelhinha
coelho
coffee
coffee1
coffee2
coheed
coimbra
coitus
coke
coke123
cokelat
coketa
coklat
cokolada
colby
colby1
colchester
coldplay
coldplay1
cole
cole123
coleen
colegio
coleman
coleman1
colesprouse
colette
coley
colgate
colibri
colima
colin
colin1
colina
coline
colita
colitas
collado
collection
colleen
colleen1
college
college1
collette
collide
collie
collier
collin
collin1
collingwood
collins
collins1
colocha
colochita
colocho
colocolo
colombia
colombia1
colombia12
colombia2
colombiana
colombianita
colombiano
colombo
colonel
colonia
color
colorada
colorado
colorado1
coloreal
colores
colorful
colorguard
colors
colossus
colour
colours
colt45
colten
colton
colton1
colts
colts1
colts18
columbia
columbus
comanche
comando
comandos
combat
comcast
comcast1
comeback
comecaca
comedy
comein
comel
comeon
comercio
comet
comet1
cometa
comets
comfort
comics
comida
command
commander
commando
commerce
commodore
common
communication
community
comoestas
compact
company
compaq
compaq1
compaq12
compaq123
compaq2
compass
compassion
complete
complex
complicated
compton
compton1
computacion
computador
computadora
computer
computer1
computer12
computer123
computer2
computer5
computers
comsci
comunicacion
conair
conalep
conall
conan
conceicao
conceited
concepcion
concert
concha
conchita
concon
concord
concorde
concordia
concrete
condom
condoms
condon
condor
condorito
coneja
conejita
conejito
conejo
conejos
confessions
confianza
confidence
confident
confidential
confirm
confused
confused1
confusion
conker
conley
conman
connect
connect1
connect4
connection
conner
conner1
connie
connie1
connolly
connor
connor01
connor05
connor06
connor1
connor12
connor123
connor2
conor
conor1
conquer
conrad
conrad1
conrado
conroy
consentida
constance
constanta
constantin
constantine
constantino
constanza
consuelo
contabilidad
contact
contador
contessa
contigo
continuar
continue
contra
contrasena
contraseã±a
contreras
control
control1
convent
converse
converse1
convict
conway
coochie
coocoo
cookie
cookie!
cookie01
cookie07
cookie08
cookie1
cookie10
cookie101
cookie11
cookie12
cookie123
cookie13
cookie14
cookie15
cookie16
cookie17
cookie2
cookie21
cookie22
cookie23
cookie3
cookie4
cookie5
cookie6
cookie69
cookie7
cookie8
cookie9
cookiedough
cookiemonster
cookies
cookies!
cookies1
cookies12
cookies123
cookies2
cookies3
cooking
cool
cool1
cool10
cool101
cool11
cool12
cool123
cool1234
cool13
cool15
cool21
cool22
cool23
coolbabe
coolbaby
coolbeans
coolbeans1
coolblue
coolboy
coolcat
coolcat1
coolcats
coolchick
coolcool
cooldog
cooldude
cooldude1
cooleo
cooler
coolest
coolest1
coolet
cooley
coolgal
coolgirl
coolgirl1
coolgirls
coolgurl
coolguy
coolguy1
coolie
coolies
coolio
coolio1
coolkat
coolkid
coolkid1
coolkids
coolman
coolman1
coolme
coolness
coolness1
cools
coolstuff
coolwater
coolwhip
cooney
coool
cooool
cooper
cooper1
cooper12
cooper2
coorslight
cooter
copacabana
copeland
copenhagen
copilu
copito
copper
copper1
copper2
copycat
copyright
coqueta
coquis
coquito
coracao
coraje
coral
coralie
corason
corazon
corazon1
corazoncito
corazondemelon
corazones
corazonmio
corazonroto
corbin
corbin1
corbinbleu
cordelia
cordell
cordero
corderosa
cordoba
cordova
corey
corey1
corey12
corey123
corey2
corina
corine
corinna
corinne
corinthians
corinutza
corkboard
corkie
corky
corky1
corleone
cormac
cornbread
corndog
cornejo
cornel
cornelia
cornelio
cornelius
cornell
cornell1
corner
cornerstone
cornflake
cornflakes
cornwall
corolla
corona
corona1
coronado
coronel
coronita
corpse
corpus
corpuz
corrado
corrales
correa
correct
correia
correo
corrie
corrina
corrine
corsa
corsica
cortes
cortez
cortez1
cortina
cortney
corvette
corvette1
cory
cory123
cosas
cosita
cosita1
cositalinda
cositarica
cositas
cosito
cosmic
cosmin
cosmina
cosmo
cosmo1
cosmogirl
cosmopolitan
cosmos
cosmote
costa
costarica
costel
costello
costin
cosworth
cottage
cotton
cotton1
cottoncandy
coucou
cougar
cougar1
cougars
cougars1
countdown
counter
counterstrike
country
country1
countryboy
countrygirl
county
couple
courage
courage1
court
court1
court123
courtland
courtney
courtney1
courtney123
courtney2
courtney3
courtney7
courts
cousin
cousins
couture
covenant
coventry
covergirl
cow123
cowboy
cowboy1
cowboy12
cowboys
cowboys1
cowboys12
cowboys13
cowboys2
cowboys21
cowboys22
cowboys9
cowboyup
cowco
cowcow
cowgirl
cowgirl1
cowgirls
cowgirlup
cowgurl
cowsgomoo
cowsrule
coycoy
coyote
coyotes
crabby
crabtree
craciun
crack
crack1
cracker
cracker1
crackerjack
crackers
crackers1
crackhead
crackhead1
cradle
cradleoffilth
crafty
craig
craig1
craig123
craigdavid
craigs
craigy
craiova
cranberry
crappy
crash
crash1
crater
craven
crawford
crawling
crayola
crayola1
crayon
crayons
crazie
crazy
crazy!
crazy08
crazy1
crazy101
crazy11
crazy12
crazy123
crazy13
crazy14
crazy15
crazy16
crazy2
crazy21
crazy22
crazy23
crazy3
crazy4
crazy4u
crazy4you
crazy5
crazy6
crazy69
crazy7
crazy8
crazy88
crazybabe
crazybaby
crazybitch
crazyboy
crazycat
crazychick
crazyforyou
crazyfrog
crazygal
crazygirl
crazygirl1
crazygurl
crazyhorse
crazyinlove
crazyj
crazykid
crazylady
crazylove
crazyman
crazyme
crazymonkey
crazyone
crazys
crazytown
crazzy
cream
cream1
creampuff
creams
creamsoda
creamy
creata
create
creation
creative
creative1
creator
creature
creatza
credinta
credit
creed
creed1
creeper
creepy
crema
cremas
crepusculo
crescent
crespo
cricket
cricket1
cricri
crimbo
crime
criminal
criminology
crimson
crimson1
crip4life
crippin
crips
crips13
cripside
cripsta
cripz
crisanto
crisco
crisel
criselda
crisha
crisis
crisostomo
crispin
crisps
crispy
criss
crissa
crissangel
crissy
crissy1
crist
crista
cristal
cristel
cristhian
cristi
cristian
cristian1
cristiana
cristiano
cristiano7
cristianoronaldo
cristianteamo
cristin
cristina
cristina1
cristine
cristinel
cristinita
cristinutza
cristo
cristo1
cristobal
cristofer
cristomeama
cristopher
cristorey
cristoteama
cristovive
cristy
critter
critter1
crizel
croatia
crockett
crocodil
crocodile
crombie
cromwell
cronaldo
cronaldo7
cronic
cronos
crookshanks
crosby
crosby87
cross
cross1
crosscountry
crossfade
crossfire
crossover
crossroads
crouch
crown
cruise
cruiser
crumble
crumpet
crunch
crunchie
crunchy
crunk
crunk1
crusader
crusaders
crush
crushed
crusher
crushes
crusty
cruzazul
cruzazul1
cruzito
crybaby
crybaby1
crying
crypto
crystal
crystal1
crystal12
crystal123
crystal2
crystals
crysty
crystyna
csilla
csillag
cuaderno
cualquiera
cualquiercosa
cuantik
cuatro
cubana
cubanita
cubano
cubbies
cubbies1
cubby
cucaracha
cucciola
cucciolo
cuchito
cuchurrumin
cucumber
cuddle
cuddles
cuddles1
cuddles2
cuddly
cuenca
cuenta
cuernavaca
cuervo
cueshe
cuevas
culebra
culero
culinary
culito
cullen
cultura
cumicumi
cummings
cummins
cumple
cunanan
cunningham
cuntface
cupcake
cupcake1
cupcake12
cupcake123
cupcake2
cupcake3
cupcake7
cupcakes
cupcakes1
cupid
cupido
cupids
cuppycake
curcubeu
curious
curious1
curley
curlie
curly
curly1
curlyhair
curlysue
current
currie
curry
curtain
curtains
curtis
curtis1
custard
custodio
custom
cute
cute ako
cute01
cute02
cute03
cute04
cute05
cute07
cute08
cute09
cute1
cute10
cute101
cute11
cute12
cute123
cute13
cute14
cute143
cute15
cute16
cute17
cute18
cute19
cute21
cute22
cute23
cute24
cute27
cute4ever
cuteako
cuteakoh
cuteangel
cuteaq
cutebabe
cutebaby
cuteboy
cuteboys
cutecat
cutechick
cutecute
cutedaw
cutee
cutegal
cutegirl
cutegirl1
cutegurl
cuteguy
cutei
cutekami
cuteko
cutekoh
cuteme
cutemo
cuteness
cutepie
cuteq
cutes
cutest
cutestuff
cutety
cutey
cuteypie
cutez
cutezz
cutie
cutie!
cutie#1
cutie01
cutie03
cutie05
cutie06
cutie07
cutie08
cutie09
cutie1
cutie10
cutie101
cutie11
cutie12
cutie123
cutie13
cutie14
cutie15
cutie16
cutie17
cutie18
cutie2
cutie21
cutie22
cutie23
cutie24
cutie3
cutie4
cutie4life
cutie5
cutie6
cutie7
cutie8
cutie9
cutie94
cutie95
cutiecute
cutiee
cutiegirl
cutiegurl
cutieme
cutiepie
cutiepie!
cutiepie1
cutiepie11
cutiepie12
cutiepie123
cutiepie13
cutiepie14
cutiepie2
cutiepie3
cuties
cutiez
cutify
cutipie
cutlass
cutter
cuttie
cuttie1
cuttiepie
cutting
cutty
cutypie
cyber
cyber123
cybers
cybershot
cyborg
cyclone
cyclones
cyclops
cydney
cymruambyth
cyndi
cynthia
cynthia1
cyntia
cypress
cyprus
cyrene
cyril
cyrill
cyrille
cyrus
czarina
czechoslovakia
d12345
d123456
d1amond
da1nonly
daantje
dabaddest
dabears
dabest
dabitch
dabomb
daboss
dabrat
dad123
dadada
dadako
dadang
daday
daddad
daddie
daddy
daddy#1
daddy01
daddy05
daddy07
daddy08
daddy1
daddy10
daddy101
daddy11
daddy12
daddy123
daddy13
daddy14
daddy143
daddy15
daddy2
daddy21
daddy22
daddy23
daddy3
daddy4
daddy5
daddy6
daddy69
daddy7
daddycool
daddygirl
daddygirl1
daddyko
daddyo
daddys
daddys1
daddysgirl
daddysgirl1
daddysgrl
daddysgurl
daddyslittlegirl
daddyy
daddyyankee
dade305
dadhie
dadiko
dadmom
dadmum
dadsgirl
dadsgirl1
daedae
daemon
daewoo
daffodil
daffy
daffyduck
dafne
daftpunk
dagger
dagoberto
dahdah
dahiana
dahlia
daiana
daidai
dainty
dairymilk
daisey
daisey1
daisha
daisies
daisuke
daisuki
daisy
daisy01
daisy06
daisy07
daisy08
daisy1
daisy10
daisy11
daisy12
daisy123
daisy13
daisy2
daisy21
daisy22
daisy23
daisy3
daisy4
daisy5
daisy7
daisy8
daisychain
daisydog
daisyduke
daisygirl
daisymae
daisymay
daisymay1
daisys
dakine
daking
dakoda
dakota
dakota01
dakota1
dakota12
dakota13
dakota2
dakota3
dakota5
dakota7
dakotah
dalaga
dale08
dale88
dalejr
dalejr08
dalejr1
dalejr8
dalejr88
dalia
dalida
dalila
dalisay
dallas
dallas01
dallas1
dallas11
dallas12
dallas13
dallas2
dallas21
dallas214
dallas22
dallascowboys
dalmata
dalmatian
dalmation
dalton
dalton1
damage
damani
damari
damaris
damdam
dameon
damian
damian1
damien
damien1
damilola
damion
damion1
damita
dammit
damned
damnit
damnshit
damnyou
damon
damon1
damsel
dan123
dana
dana123
danae
danang
danaya
dance
dance!
dance01
dance05
dance06
dance07
dance08
dance09
dance1
dance10
dance101
dance11
dance12
dance123
dance13
dance14
dance15
dance16
dance2
dance21
dance22
dance23
dance247
dance3
dance4
dance4eva
dance4ever
dance4life
dance4me
dance5
dance5678
dance6
dance7
dance8
dancedance
dancediva
dancegirl
dancehall
danceing
dancel
dancer
dancer!
dancer01
dancer05
dancer06
dancer07
dancer08
dancer09
dancer1
dancer10
dancer101
dancer11
dancer12
dancer123
dancer13
dancer14
dancer15
dancer16
dancer18
dancer2
dancer21
dancer22
dancer23
dancer24
dancer3
dancer4
dancer4life
dancer5
dancer6
dancer7
dancer8
dancer87
dancer88
dancer89
dancer9
dancer93
dancergirl
dancers
dances
dancestar
dancin
dancing
dancing1
dancing123
dancingqueen
danda
dandan
dandelion
dandre
dandy
daneil
danelle
danette
dangel
dangelo
danger
danger1
dangerous
dangerous1
dangerzone
dani
dani12
dani123
dania
danial
danica
danidani
danie
daniel
daniel!
daniel.
daniel01
daniel02
daniel03
daniel04
daniel05
daniel06
daniel07
daniel08
daniel09
daniel1
daniel10
daniel11
daniel12
daniel123
daniel13
daniel14
daniel15
daniel16
daniel17
daniel18
daniel19
daniel2
daniel20
daniel21
daniel22
daniel23
daniel24
daniel25
daniel3
daniel4
daniel5
daniel6
daniel69
daniel7
daniel8
daniel88
daniel9
daniela
daniela1
danielateamo
daniele
danielita
danielito
daniell
daniella
daniella1
danielle
danielle07
danielle08
danielle1
danielle12
danielle123
danielle13
danielle14
danielle2
danielle3
danielle4
danielle5
danielle7
danielr
danielradcliffe
daniels
danielteamo
danifilth
danigirl
danii
danika
danila
danilo
danilyn
danique
danis
danish
danisha
danita
daniteamo
danitykane
danitza
danman
danmark
danna
dannah
danni
danni1
dannie
dannie1
danniel
dannielle
dannii
danny
danny01
danny05
danny06
danny07
danny1
danny10
danny101
danny11
danny12
danny123
danny13
danny14
danny15
danny16
danny17
danny18
danny2
danny21
danny22
danny23
danny3
danny4
danny5
danny6
danny69
danny7
dannyb
dannyboi
dannyboy
dannyboy1
dannyg
dannyj
dannyjones
dannym
dannys
danone
danonino
danrad
dante
dante1
dantes
dantheman
danuta
danutz
danutza
danyboy
danyel
danyela
danyell
danyelle
danzig
daphne
daphne1
daphney
daphnie
daquan
darby
darcey
darcie
darcy
dardar
daredevil
darell
daren
daria
darian
darian1
dariana
dariel
darien
daring
darinka
dario
darion
darius
darius1
dark666
darkangel
darkangel1
darkblue
darkchild
darkdevil
darkfire
darkie
darkknight
darklight
darklord
darklove
darkmagician
darkman
darkmaster
darkmoon
darkness
darkness1
darknight
darkone
darkrose
darkshadow
darkside
darksoul
darkstar
darkstar1
darkwolf
darla
darlene
darlene1
darlin
darline
darling
darling1
darlington
darlyn
darna
darnell
darnell1
darragh
darrel
darrell
darrell1
darren
darren1
darrian
darrick
darrien
darrin
darrion
darrius
darron
darryl
darryl1
darthvader
darvin
darwin
daryl
daryll
dasani
dasani1
dasdas
dasha
dashawn
dashboard
dasher
dashit
dasilva
dating
datnigga
datsun
daughter
daughter1
daughters
daughtry
dauphin
davaocity
dave
dave123
davedave
davenport
davey
davey1
daveyhavok
davian
davicho
davicito
david
david!
david01
david02
david03
david04
david05
david06
david07
david08
david09
david1
david10
david11
david12
david123
david13
david14
david143
david15
david16
david17
david18
david19
david2
david20
david21
david22
david23
david24
david25
david3
david4
david5
david6
david69
david7
david8
david88
davida
davidb
davidbeckham
davidc
davidcook
davidd
davide
davidf
davidg
davidh
davidj
davidjr
davidk
davidl
davidlee
davidm
davidoff
davidp
davidr
davids
davids1
davidson
davidt
davidteamo
davidtennant
davidw
davie
davies
davila
davina
davinci
davion
davion1
davis
davis1
davisito
davon
davon1
davonte
dawgs1
dawn
dawn12
dawn123
dawnmarie
dawson
dawson1
daxter
dayan
dayana
dayanara
dayang
dayanita
dayanna
daycare
dayday
dayday1
daydream
daydreamer
daylight
dayna
daysha
daysi
dayton
dayton1
daytona
daytona1
daywalker
dazza
dazzle
dazzler
dazzling
dblock
dblock1
dbz123
dcshoes
dctalk
ddddd
dddddd
ddddddd
dddddddd
dddddddddd
deacon
deadend
deadhead
deadly
deadman
deadman1
deadpool
deadsexy
dealer
dealova
dean123
deandra
deandre
deandre1
deangelo
deanie
deanna
deanna1
deanne
deano
deardear
dearest
dearko
deasia
death
death1
death123
death13
death2
death2all
death6
death666
death69
deathangel
deathmetal
deathnote
deathrow
deaths
deathstar
deathwish
debbie
debbie1
debby
debora
deborah
deborah1
debra
decastro
decatur
december
december1
december10
december11
december12
december13
december14
december15
december16
december17
december18
december19
december2
december20
december21
december22
december23
december24
december25
december26
december27
december28
december29
december3
december30
december31
december4
december5
december6
december7
december8
december9
decembrie
decena
decker
declan
decode
dedede
dedos
dee123
deedee
deedee1
deedeedee
deegan
deejay
deepak
deepblue
deepika
deerhunter
deerpark
deeznuts
deeznutz
default
defender
defense
defjam
defleppard
deftones
deftones1
degenerationx
degrassi
degrassi1
degree
deguzman
deicide
deidara
deidra
deidre
deirdre
deisel
deisy
deivid
dejavu
dejesus
dejuan
delacruz
delaney
delaney1
delano
delapan
delarosa
delasalle
delatorre
delavega
delaware
delbert
delboy
delcarmen
deleon
delete
delete1
delfin
delfina
delfines
delfino
delgado
delia
delicia
delicious
delicious1
delight
delilah
delilah1
delima
delirious
delisa
dell
dell12
dell123
della
dellboy
delldell
delmar
delmundo
delonge
delores
deloris
delosreyes
delossantos
delphine
delpiero
delpilar
delrosario
delroy
delsol
delta
delta1
deltaforce
deltas
deluna
delux
deluxe
delvalle
delvin
demarco
demarcus
demario
demente
demetri
demetria
demetrio
demetrius
demetrius1
demi123
demian
demilee
demileigh
demilovato
demolay
demon
demon1
demon666
demond
demonic
demonio
demonios
demons
demonte
demonyo
dempsey
denali
dencio
denden
denice
denied
denilson
deniro
denis
denisa
denise
denise1
denise12
denise2
denisha
deniss
denisse
deniz
denmark
dennie
dennis
dennis1
dennis2
dennise
denny
dennys
dental
dental1
dentist
dentista
dentistry
denton
denver
denver1
denysa
denzel
denzil
deolinda
deondre
deonta
deontae
deonte
deoxys
depeche
depechemode
deporcali
deporte
deportes
deportivo
depredador
depressed
depression
deputy
dequan
derby
derbycounty
derder
derecho
dereck
derek
derek1
derek12
derek2
derekj
derekjeter
dereks
derick
dermot
derrell
derrick
derrick1
derwin
deryck
des123
desamor
desdes
desean
desember
desert
deshaun
deshawn
deshawn1
deshay
deshon
deshun
design
designer
desirae
desire
desire1
desiree
desiree1
deskjet
desktop
desmadre
desmond
desmond1
desperado
desperate
desporto
desrosiers
dessie
destany
destin
destination
destinee
destinee1
destiney
destini
destinie
destino
destiny
destiny01
destiny05
destiny06
destiny07
destiny1
destiny12
destiny123
destiny13
destiny2
destiny3
destiny4
destiny5
destiny6
destiny7
destiny8
destiny9
destroy
destroyer
destruction
detdet
detective
detroit
detroit1
detroit313
dette
deuce
deuce2
deutsch
deutschland
deutza
devan
devante
devdas
devera
devika
devil
devil1
devil123
devil13
devil6
devil666
devilangel
devilboy
devilchild
devildog
devilgirl
devilish
deviljin
devilman
devilmaycry
devils
devils1
devilz
devin
devin1
devin123
devin2
devin3
devina
devine
devious
devita
devlin
devon
devon1
devon123
devonta
devontae
devonte
devora
devotion
dewa19
dewayne
dewayne1
dewey
dexter
dexter1
deyanira
deysi
dezembro
dgenerationx
dhadha
dhang
dharan
dharma
dhiemhie
dhonna
dhoze
diabetes
diabinha
diabla
diablita
diablito
diablo
diablo1
diablo2
diablo666
diablos
diadora
diallo
diamant
diamante
diamon
diamond
diamond01
diamond1
diamond11
diamond12
diamond123
diamond13
diamond2
diamond21
diamond3
diamond4
diamond5
diamond7
diamondprincess
diamonds
diamonds1
diamondz
diana
diana1
diana12
diana123
diana13
dianaa
dianacarolina
dianam
dianarose
dianas
dianateamo
diandra
diane
diane1
dianinha
dianis
dianita
dianna
dianne
dianne1
diario
dibujo
dicaprio
diciembre
dick
dickens
dickface
dickhead
dickhead1
dickie
dickies
dickson
dickweed
dictionary
diddle
diddles
diddlina
diddy
diddy1
didier
diding
diedie
diegito
diego
diego1
diego12
diego123
diego2
diegoa
diegoo
diegos
diegoteamo
dieguito
diehard
diente
dienutza
diesel
diesel1
dietcoke
dietcoke1
dieter
dietpepsi
dietpepsi1
different
difficulty
digger
digger1
digimon
digital
digital1
dignity
dikoalam
dilan
dilbert
dilcia
dildo
dildos
dilema
dilemma
dillan
dillard
dilligaf
dillion
dillon
dillon1
dimas
dimebag
dimelo
dimension
dimepiece
dimitra
dimitri
dimitris
dimond
dimonds
dimple
dimples
dimples1
dimplez
dinah
dinamita
dinamo
dinda
dindin
dinero
dinesh
dingbat
dingding
dingdong
dingdong1
dinger
dingle
dingo
dinky
dinky1
dinner
dinora
dinosaur
dinosaurio
diogo
dionisio
dionna
dionne
dionte
diosa
diosamor
dioses
diosesamor
diosesbueno
diosito
diosmeama
diosmio
diosteama
diosteamo
diostebendiga
diploma
diplomat
diplomats
dipper
dipset
dipset1
dipset2
dipset5
dipset7
dipshit
dipstick
direct
director
direngrey
diriku
dirk41
dirrty
dirtbag
dirtbike
dirtbike1
dirtbikes
dirty
dirty1
dirtydancing
dirtydog
dirtysouth
disaster
disciple
disco
disco1
discodiva
discos
discoteca
discover
discovery
disney
disney1
disney123
disney2
disneychannel
disneyland
disneyworld
dispatch
distance
distillers
disturbed
disturbed1
ditto
diva
diva01
diva07
diva1
diva101
diva11
diva12
diva123
diva13
diva16
diva21
diva22
divagirl
divalicious
divas
divastar
diversion
divertida
divina
divinas
divine
divine1
diving
divinity
divino
division
divorce
divorce1
divorced
diwata
dixie
dixie1
dixie123
dixiedog
dixiegirl
dixon
diyana
diyosa
dizon
dizzee
dizzie
dizzle
dizzy
dizzy1
dj1234
django
djeter
djeter2
djtiesto
dmoney
dmoney1
dnangel
doareu
dobber
dobbie
doberman
docinho
dockers
doctor
doctora
doctorwho
dodge
dodge1
dodgeball
dodger
dodger1
dodgeram
dodgers
dodgers1
dodgeviper
dododo
dodol
dodong
dog
dog123
dogbreath
dogcat
dogdog
dogdog1
dogeatdog
dogface
dogfood
doggie
doggie1
doggies
doggy
doggy1
doggy12
doggy123
doggy2
doggydog
doggys
doggystyle
doghouse
doglover
doglover1
dogman
dogpoo
dogpound
dogs
dogs12
dogs123
dogshit
dogsrule
dogtown
dogwood
doherty
dokter
dolce
dolfijn
dolfin
dollar
dollar1
dollarbill
dollars
dollbaby
dollface
dollhouse
dollie
dolls
dolly
dolly1
dolly123
dolores
dolores1
dolphin
dolphin1
dolphin11
dolphin12
dolphin123
dolphin13
dolphin2
dolphin22
dolphin3
dolphin4
dolphin5
dolphin69
dolphin7
dolphin8
dolphin9
dolphine
dolphins
dolphins1
dolphins13
dolphins2
domdom
domenic
domenica
domenico
dominator
dominga
domingo
domingo1
domingos
dominguez
domini
dominic
dominic1
dominic2
dominic3
dominica
dominican
dominican1
dominicana
dominicano
dominick
dominick1
dominik
dominika
dominion
dominique
dominique1
domino
domino1
dominoes
dominos
dominque
domitila
domonique
donald
donald1
donaldduck
donato
donavan
donbosco
doncaster
doncella
dondon
donegal
donell
dongdong
donita
donjuan
donkey
donkey1
donkey123
donkeykong
donkeys
donna
donna1
donnah
donnamarie
donnas
donnell
donnelly
donner
donnie
donnie1
donny
donny1
donomar
donomar1
donotenter
donovan
donovan1
dont4get
dontae
dontask
dontay
dontcare
dontcha
dontcry
donte
donte1
dontforget
donthate
donthate1
dontknow
dontlook
dontmatter
dontno
dontrell
dontworry
donut
donuts
doobie
doodie
doodle
doodle1
doodle2
doodlebug
doodlebug1
doodles
doodles1
doodoo
doodoo1
doofus
doogie
doogle
dookie
dookie1
dooley
doomsday
dooney
doorbell
doorknob
doors
dopeboy
dopey
dopey1
dora12
dora123
dorado
doradora
doraemon
doramon
dorcas
doreen
doremi
doremon
dorian
dorian1
dorina
doris
doris1
dorita
dorito
doritos
dork
dork123
dormir
dorothy
dorothy1
dorsey
dorthy
dotcom
dotdot
dothedew
dottie
dottie1
dotty
double
double07
doubled
douche
douchebag
doudou
dougal
doughboy
doughnut
dougie
dougie1
dougiepoynter
douglas
douglas1
douglass
down4life
downey
downhill
download
downtown
doydoy
dozer
dozer1
dr.pepper
dr4life
draco
draco1
dracomalfoy
dracula
dracusor
drag0n
dragan
dragana
dragao
drago
dragon
dragon01
dragon1
dragon10
dragon11
dragon12
dragon123
dragon13
dragon14
dragon2
dragon21
dragon22
dragon23
dragon3
dragon5
dragon6
dragon666
dragon69
dragon7
dragon76
dragon77
dragon8
dragon88
dragon9
dragon99
dragonball
dragonballgt
dragonballz
dragones
dragonfire
dragonfly
dragonfly1
dragonforce
dragonheart
dragonite
dragonmaster
dragons
dragons1
dragonslayer
dragonz
dragoon
dragos
dragoste
dragostea
dragosteamea
dragster
draguta
dragutza
drahcir
drake
drake1
drakebell
drama
drama1
dramaqueen
dranreb
dranzer
draper
draven
drawing
dre123
dreads
dream
dream1
dream2
dreambig
dreamboy
dreamcast
dreamcatcher
dreamer
dreamer1
dreamer13
dreamer2
dreamer7
dreamers
dreamgirl
dreaming
dreamland
dreamlover
dreamon
dreams
dreams1
dreamteam
dreamtheater
dreamy
dreamz
dreday
dredre
drew
drew12
drew123
drewdrew
drift
drifter
drifting
driftking
drillteam
drinking
drinks
driver
driver1
drizzle
drizzt
drogba
drogheda
droopy
dropdead
drowssap
drowssap1
drpepper
drpepper1
drpepper23
druhill
drumer
drumkit
drumline
drummajor
drummer
drummer1
drummerboy
drumming
drummond
drums
drums1
drumset
drumstick
duality
duane
duarte
dubai
dublin
dublin1
ducati
duchess
duchess1
duck
duck123
duckduck
duckey
duckie
duckie1
duckies
duckling
ducks
ducks1
ducky
ducky1
duckys
duday
dude
dude101
dude12
dude123
dude13
dudedude
dudeman
dudes
dudette
dudley
dudley1
duenas
duende
duffer
duffman
duffy
duggan
dugong
duke
duke01
duke11
duke12
duke123
duke13
dulce
dulce1
dulceamor
dulcemaria
dulces
dulcica
dulcik
dulcika
dulcinea
dumass
dumbass
dumbass1
dumbblonde
dumbledore
dumbo
dumdum
dumitru
dummies
dummy
dummy1
dumnezeu
dumpling
dunamis
dunbar
duncan
duncan1
duncan21
dundee
dundeefc
dundeeunited
dunhill
dunkin
dunlop
dunno
dupont24
dupree
duquesa
duracell
duran
duranduran
durango
durango1
durazno
durham
durian
duster
dustin
dustin1
dustin12
dustin123
dustin2
dustine
dusty
dusty1
dusty123
dusty2
dustydog
dutch
dutch1
dutches
dutchess
dutchess1
dutchy
duvalin
dwade
dwade3
dwaine
dwayne
dwayne1
dwaynewade
dwight
dyana
dyesebel
dylan
dylan01
dylan02
dylan04
dylan05
dylan06
dylan07
dylan1
dylan11
dylan12
dylan123
dylan13
dylan2
dylan3
dylan4
dylan5
dylan7
dylanj
dylanm
dylans
dyllan
dymond
dynamic
dynamite
dynamo
dynasty
dynasty1
dynomite
dyosa
e-mail
e12345
e123456
eagle
eagle1
eagles
eagles05
eagles06
eagles07
eagles08
eagles1
eagles11
eagles12
eagles2
eagles5
eamonn
earnest
earnhardt
earnhardt3
earnhardt8
earrings
earth
earthangel
earvin
eastbay
eastcoast
eastenders
easter
eastern
easton
eastside
eastside1
eastside13
eastwood
easy123
easyas123
eating
eatme
eatme1
eatme2
eatme69
eatmyshorts
eatpussy
eatshit
eatshit1
ebenezer
ebonie
ebony
ebony1
ecaterina
echizen
ecinaj
eclipse
eclipse1
economia
economic
economics
ecstacy
ecstasy
ecuador
ecuador1
ecuatoriana
eddie
eddie1
eddie12
eddie123
eddie2
eddie3
eddieg
eddies
edelyn
ederteamo
edgar
edgar1
edgar123
edgard
edgardo
edgars
edgarteamo
edgewood
edilberto
edinburgh
edinson
edison
edison1
edith
edith1
editha
editor
edmar
edmond
edmonton
edmund
edmundo
edogawa
edrian
edrick
edsel
edson
eduar
eduard
eduarda
eduardito
eduardo
eduardo1
eduardoteamo
educacion
education
edward
edward1
edward12
edward123
edward17
edward2
edward3
edwardcullen
edwardo
edwards
edwards1
edwin
edwin1
edwina
edwinteamo
eeeee
eeeeee
eeyore
eeyore1
eeyore11
eeyore12
eeyore123
eeyore13
eeyore2
efraim
efrain
efren
efron
egghead
eggnog
eggplant
eggroll
egipto
egypt
egypt1
eiffel
eight
eight8
eightball
eighteen
eighteen18
eileen
eileen1
eilidh
eilsel
eimear
einalem
einjhel
einstein
eircom
elaina
elaine
elaine1
elaiza
elamor
elamorapesta
elamordemivida
elamorduele
elamornoexiste
elayne
elbarto
elbebe
elbert
elcamino
elcangri
elchino
eldest
eldiablo
eldorado
elduro
eleanor
eleanor1
eleazar
electra
electric
electrical
electro
electronica
elefant
elefante
elegance
elegant
elegante
elektra
elektro
element
element1
element2
elemental
elemento
elements
elena
elena1
elenas
eleni
elenita
elenutza
eleonor
eleonora
elephant
elephant1
elephants
eleven
eleven11
elfather
elfenlied
elflaco
elfuerte
elgato
elgordo
elguapo
eli123
elian
eliana
eliane
elianita
elias
elias1
eliezer
elijah
elijah01
elijah04
elijah06
elijah07
elijah1
elijah2
elijah3
elijahwood
elisa
elisabet
elisabeta
elisabete
elisabeth
elise
elise1
eliseo
elisha
elisha1
elissa
elita
elite
elixir
eliza
eliza1
elizabet
elizabeth
elizabeth!
elizabeth.
elizabeth1
elizabeth12
elizabeth123
elizabeth14
elizabeth2
elizabeth3
elizabeth4
elizabeth5
elizabeth6
elizabeth7
elizabeth8
elizabeth9
elizalde
eljefe
ella123
ellabella
ellah
ellaine
ellamae
ellamay
ellarose
ellehcim
elleinad
ellen
ellen1
ellena
ellesse
ellie
ellie1
ellie123
ellie2
elliemae
elliemay
ellimac
elliot
elliot1
elliott
elliott1
ellis
ellis1
ellise
ellison
elloco
elmaster
elmejor
elmenor
elmer
elmers
elmira
elmo
elmo11
elmo12
elmo123
elmo13
elmo14
elmo21
elnegro
elnene
elnene1
elnino
elocin
elodia
elodie
elohim
eloisa
eloise
elpapi
elpaso
elperro
elphaba
elrey
elsalvador
elshaddai
elsie
elsita
eltigre
elton
elunico
elvie
elvin
elvira
elvis
elvis1
elvis123
elvis77
elvisp
elvispresley
elway7
elwood
elyse
elysia
elyssa
emachine
emachines
emachines1
email
emanuel
emanuel1
emanuela
embassy
emelec
emelia
emelie
emeline
emely
emelyn
emerald
emerald1
emeralds
emergency
emerica
emerica1
emerson
emilee
emili
emilia
emilian
emiliana
emiliano
emilie
emilio
emilio1
emilita
emilly
emily
emily01
emily04
emily05
emily06
emily07
emily1
emily10
emily11
emily12
emily123
emily13
emily14
emily2
emily3
emily4
emily5
emily6
emily7
emilyann
emilyb
emilyc
emilyg
emilyh
emilyjane
emilym
emilyn
emilyrose
emilys
emin3m
eminem
eminem1
eminem11
eminem12
eminem123
eminem13
eminem2
eminem21
eminem23
eminem3
eminem69
eminem7
eminen
eminescu
emirates
emjay
emjhay
emma
emma01
emma04
emma06
emma07
emma1
emma10
emma11
emma12
emma123
emma1234
emma13
emma2005
emma23
emmaemma
emmagrace
emmajane
emmajean
emmalee
emmalou
emmalouise
emman
emmanuel
emmanuel1
emmanuelle
emmarose
emmawatson
emmett
emmie
emmie1
emmitt
emmitt22
emmylou
emo123
emo4ever
emo4life
emo666
emoako
emoboy
emoboys
emochick
emocore
emocute
emoemo
emoghurl
emogirl
emogirl1
emogurl
emoislove
emokid
emokid1
emokids
emolove
emolover
emoney
emoprincess
emopunk
emopunks
emorej
emorock
emotera
emotion
emotional
emotions
emoxa
emperador
emperatriz
emperor
empire
empire1
empires
empress
empty
emyeuanh
enamorada
enamorado
enano
encantadia
encarnacion
encarta
enchanted
enchong
encore
encyclopedia
endang
endless
endlesslove
endurance
eneida
energizer
energy
enero
enfermagem
enfermera
enfermeria
engage
engaged
engel
engeng
engine
engineer
engineering
england
england1
england123
engleza
english
english1
enigma
enimsaj
enitsirk
enjoy
enjoylife
enmanuel
ennaid
enough
enrico
enrike
enrique
enrique1
enriquez
enrrique
ensenada
enteng
enter
enter1
enternow
enterprise
enters
entertainment
entrar
envision
envyme
eoghan
ephraim
epiphany
epiphone
epsilon
epson
equinox
eragon
eraser
eraserheads
erasmo
erendira
ereselamordemivida
ereslomejor
eresmiamor
eresmivida
erestu
eric
eric01
eric06
eric07
eric1
eric11
eric12
eric123
eric13
eric14
eric15
eric16
eric21
eric22
eric23
eric69
erica
erica1
erica123
ericas
ericeira
erich
erick
erick1
ericka
ericka1
ericks
erickson
erickteamo
ericson
ericsson
erika
erika1
erika123
erikaa
erikas
erikateamo
erikita
erikson
erin
erin12
erin123
erinmarie
erlinda
ermosa
ernest
ernest1
ernestine
ernesto
ernesto1
ernie
ernie1
erotica
erreway
errol
error
erskine
ervin
erwin
escada
escaflowne
escalade
escalante
escape
escobar
escobedo
escola
escorpiao
escorpio
escorpion
escort
escudo
escuela
esguerra
eskimo
esmeralda
esmeralda1
espacio
espada
espana
espanha
espanol
esparza
espaã±a
especial
espejo
esperanca
esperanza
esperanza1
espina
espinal
espino
espinosa
espinoza
espiral
espiritu
espiritusanto
espoir
esponja
esprit
esquivel
essence
essence1
essendon
estadosunidos
esteban
esteban1
estefa
estefani
estefania
estefano
estefany
estefi
estefy
estela
estelita
estella
estelle
ester
estevan
esteves
esther
esther1
estilo
estiven
estong
estopa
estoyloca
estrada
estrela
estrelas
estrelinha
estrella
estrella1
estrella12
estrellada
estrellas
estrellita
estrellitas
estreya
estuardo
estudante
estudiante
estudiar
estudio
estupida
estupido
etelvina
eternal
eternal1
eternidad
eternity
eternity1
eterno
ethan
ethan03
ethan04
ethan05
ethan06
ethan07
ethan1
ethan123
ethan2
ethan3
ethel
ethiopia
etienne
etnies
etnies1
etoile
eueueu
eugene
eugene1
eugenia
eugenie
eugenio
eulalia
eumeamo
eumesma
eunice
euphoria
eureka
europa
europe
eusebio
eusitu
euteamo
euzinha
eva123
evaeva
evan
evan123
evander
evanescence
evangelina
evangeline
evangelion
evangelista
evans
evans1
eve123
evelin
evelina
eveline
evelyn
evelyn1
evelyne
evenstar
everafter
everclear
everest
everett
everette
evergreen
everlast
everlasting
everlong
everquest
everton
everton1
evertonfc
everybody
everyday
everyone
everything
everytime
evette
evil666
evildead
evilone
evita
evolucion
evolution
evolution8
evonne
ewanko
ewankoba
ewankosau
ewankosayo
example
excalibur
excellence
excellent
exclusive
executive
exodia
exodus
exotic
expert
explore
explorer
explorer1
explosion
express
express1
extasis
extreme
extreme1
extremo
eyeball
eyeballs
eyecandy
eyelash
eyeliner
eyeshield
eyeshield21
ezekiel
ezekiel1
ezequiel
f00tba11
f00tball
f12345
f123456
fabian
fabian1
fabiana
fabiano
fabien
fabienne
fabinho
fabio
fabiola
fabiolita
fabis
fabolous
fabolous1
fabregas
fabregas4
fabrice
fabricio
fabrizio
fabrizzio
fabulosa
fabulous
fabulous1
facebook
facedown
faceoff
factor
factoria
factory
facultate
facundo
fadetoblack
faerie
faeries
fagget
faggot
faggot1
fahmi
fahrenheit
fairfield
fairies
fairmont
fairuz
fairview
fairy
fairy1
fairydust
fairygirl
fairyland
fairys
fairytale
fairytales
faisal
faisca
faith
faith01
faith05
faith06
faith07
faith08
faith1
faith12
faith123
faith13
faith2
faith22
faith3
faith5
faith7
faithful
faithful1
faithless
faiths
faithy
faizah
faizal
fajar
fajardo
falcon
falcon1
falcons
falcons1
falcons7
falkirk
fallen
fallen1
fallenangel
fallin
falling
fallinlove
fallon
fallout
fallout1
falloutboy
famili
familia
familia1
familie
families
famille
family
family!
family01
family04
family05
family06
family07
family08
family1
family10
family101
family12
family123
family13
family1st
family2
family3
family4
family5
family6
family7
family8
familyguy
familyguy1
familylove
familyof4
familyof5
famous
famous1
fanatic
fancy
fancy1
fancyface
fandango
fanfan
fanget
fangfang
fanita
fannie
fanny
fanny1
fanta
fantasia
fantasma
fantastic
fantastic4
fantastico
fantasy
fantasy1
fantasy7
faraday
farah
faraon
faraway
farewell
farfalla
farhan
farhana
farid
farida
faridah
faries
farina
farley
farmacia
farmasi
farmer
farmer1
farmers
farmgirl
farrah
farrell
fart
farter
fartface
farthead
farting
farzana
fashion
fashion1
fashion101
fashiongirl
fashionista
fastcar
fastcars
faster
fastlane
fastpitch
fat123
fatass
fatass1
fatbitch
fatboi
fatboy
fatboy1
fatboyslim
fatcat
fatcat1
fatcow
fatdaddy
fatdog
fatface
fatfat
fatfat1
fatgirl
fathead
father
father1
fatihah
fatima
fatima1
fatimah
fatin
fatinha
fatjoe
fatkid
fatman
fatman1
fatoumata
fatpig
fattie
fatty
fatty1
fattygirl
faustina
faustino
fausto
fauzan
fauziah
favian
faviola
favorite
favorites
favoritos
favour
favre4
fawkes
fayfay
fcbarcelona
fcporto
fcsteaua
fearless
feather
feather1
feathers
febrero
februari
februarie
february
february14
febuary
fecioara
federal
federer
federica
federico
feebee
feedback
feeder
feefee
feehily
feelgood
feeling
feelings
felecia
felice
felicia
felicia1
feliciano
felicidad
felicidade
felicidades
felicita
felicitas
felicity
felina
feline
felino
felipa
felipe
felipe1
felisa
felisha
felix
felix1
felix123
felixx
feliz
fellowes
fellowship
felony
felton
female
female1
fencing
fender
fender1
fenerbahce
fenix
fenton
fenway
fer123
ferari
fercha
ferchis
ferchita
ferchito
fercho
ferdie
ferdinand
ferfer
fergalicious
fergie
fergie1
fergus
ferguson
fericire
ferlyn
fermin
fernan
fernand
fernanda
fernanda1
fernandes
fernandez
fernandita
fernandito
fernando
fernando1
fernandoteamo
fernandotorres
ferndale
fernie
ferny
ferrari
ferrari1
ferrary
ferreira
ferrer
ferrero
ferret
ferret1
ferrets
ferris
ferry
ferteamo
fester
festival
festus
fetish
fetita
fevereiro
feyenoord
fffff
ffffff
fghjkl
fhaye
fiatpunto
ficken
fiction
fiddle
fidel
fidelio
fidelity
fidget
fidodido
fieldhockey
fields
fierce
fiesta
fifa06
fifa07
fifa08
fifa2006
fifita
fifteen
fiftycent
figaro
fight
fightclub
fighter
fighter1
fighters
fighting
figueroa
filhos
filhote
filiberto
filipa
filipe
filipina
filipino
filipo
filomena
filosofia
filter
final
finalfantasy
finally
finance
finbar
finch
findingnemo
findme
fineass
finest
finest1
finger
finger1
fingers
finish
finisterra
finland
finlay
finley
finnegan
fiona
fiona1
fionna
fiore
fiorela
fiorelita
fiorella
firdaus
fire
fire12
fire123
fire911
fireball
fireball1
firebird
firebird1
fireblade
firebolt
firecracker
firedragon
firefighter
firefire
firefly
firefly1
firefox
firegirl
firehouse
fireice
fireman
fireman1
firenze
fireplace
firestar
firestarter
firestorm
firetrap
firetruck
firewall
firework
fireworks
firman
first
first1
firstborn
firstkiss
firstlady
firstlove
firulais
fischer
fish
fish12
fish123
fishandchips
fishbone
fishcake
fisher
fisher1
fisherman
fishes
fishface
fishfish
fishfood
fishhead
fishie
fishies
fishin
fishing
fishing1
fishlips
fishman
fishsticks
fishtank
fishy
fishy1
fisica
fisika
fitness
fitness1
fitri
fitria
fitzgerald
five55
fivekids
fivestar
fizzle
fl0wer
flaca
flaca1
flaco
flaco1
flaka
flakes
flakis
flakita
flakito
flako
flame
flame1
flameboy
flamenco
flamengo
flamer
flames
flames1
flamingo
flamingo1
flanders
flange
flanker
flapjack
flaquis
flaquita
flaquito
flash
flash1
flashlight
flashy
flatron
flavia
flavio
flavius
flavor
flawless
fleetwood
fleming
fletch
fletcher
fletcher1
fleur
flexible
flicka
flicker
flight
flintoff
flipflop
flipflop1
flipflops
flipmode
flipper
flipper1
flippy
flipside
flirt
flirt1
flirting
flirts
flirty
flirty1
flixster
floare
floflo
floortje
floppy
floppy1
flopsy
flora
florante
florcita
flordeliza
flordeloto
florecita
floren
florence
florence1
florencia
florencio
florendo
florentina
florentino
flores
flores1
floresita
flori
florian
floribela
floribella
florica
floricica
floricienta
florida
florida1
florida2
florida3
florin
florina
florinda
florinel
floripondia
floris
flory
flossie
flossy
flounder
flower
flower!
flower01
flower1
flower10
flower11
flower12
flower123
flower13
flower14
flower2
flower21
flower22
flower23
flower3
flower4
flower5
flower6
flower7
flower8
flower9
flowerchild
flowergirl
flowerpot
flowerpower
flowers
flowers1
flowers123
flowers2
flowers3
flowers7
flowerz
floyd
floyd1
flubber
fluff
fluffy
fluffy1
fluffy12
fluffy123
fluffy2
flute
flute1
flutes
flutter
flutterby
fluturas
fluturash
fluture
flyaway
flyboy
flyers
flygirl
flyguy
flyhigh
flying
flyleaf
fob123
focker
fockyou
focus
focus1
fofinha
fofinho
fofita
foilole
folder
follow
followme
fonfon
fonseca
fontana
fonzie
food
food123
foofighters
foofoo
foolish
foolish1
footbal
football
football!
football01
football06
football07
football08
football09
football1
football10
football11
football12
football123
football13
football14
football15
football17
football2
football20
football21
football22
football23
football24
football25
football3
football32
football33
football34
football4
football44
football5
football54
football55
football56
football6
football7
football8
football88
football9
footballcrazy
footballer
footballmad
footie
footloose
footprints
footy
footymad
forbes
forbidden
fordescort
fordf150
fordf250
fordfiesta
fordfocus
fordgt
fordmustang
fordtruck
foreman
forest
forest1
foreva
forever
forever!
forever1
forever12
forever123
forever13
forever16
forever17
forever18
forever2
forever21
forever22
forever23
forever3
forever4
forever5
forever69
forever7
foreverandever
foreverfriends
foreverlove
foreverme
forevermore
foreveryoung
foreveryours
forfun
forget
forget1
forgetful
forgetit
forgetme
forgetmenot
forgive
forgiveme
forgiven
forgiven1
forgot
forgot1
forgotten
forgotten1
forlife
formiga
formula
formula1
forreal
forrest
forrest1
forsaken
fortaleza
fortis
fortminor
fortuna
fortune
forward
foryou
foshizzle
fossil
fossil1
foster
foster1
fosters
fotbal
fotball
fotitos
fotografia
fotos
foundation
founder
fountain
four20
fourkids
fourteen
fourteen14
fourtwenty
fowler
fox123
foxfire
foxfox
foxracing
foxracing1
foxtrot
foxy123
foxybrown
foxygirl
foxylady
foxyroxy
fr33dom
fraggle
fragile
fraise
franca
francais
france
france1
frances
frances1
francesca
francesco
francess
franceza
franchesca
francheska
franchise
franci
francia
francine
francis
francis1
francisca
francisco
francisco1
franck
franco
francois
francy
frangipani
frank
frank1
frank123
franki
frankie
frankie1
frankie123
frankie2
frankie3
frankie7
frankiej
frankiero
franklampard
franklin
franklin1
franklyn
franko
franks
franky
franky1
frannie
franny
fransisco
franta
franz
fraser
frasier
frazer
frazier
freak
freak1
freak123
freak69
freakazoid
freakout
freaks
freakshow
freaky
freaky1
freakz
freckle
freckles
freckles1
fred
fred12
fred123
fred1234
freddie
freddie1
freddo
freddurst
freddy
freddy1
frederic
frederick
frederico
fredfred
fredie
fredperry
fredrick
fredy
free
free123
free2bme
free2rhyme
freeatlast
freebird
freebird1
freedom
freedom!
freedom08
freedom1
freedom2
freedom3
freedom7
freefall
freefree
freelove
freeman
freeman1
freeme
freeport
freeride
freespirit
freestyle
freestyler
freetibet
freeway
freewilly
freeze
freezer
freind
freinds
freitas
fremont
french
french1
frenchfries
frenchfry
frenchie
frenchkiss
frenchy
frends
frendz
frenz
frenzy
fresa
fresa1
fresas
fresasconcrema
fresca
fresh
fresh1
fresh2def
freshman
freshman1
freshmen
freshy
fresita
fresita1
fresitas
fresno
freunde
freya
frida
friday
friday1
friday13
fridge
friend
friend1
friend2
friendforever
friendly
friends
friends!
friends.
friends01
friends06
friends07
friends08
friends1
friends101
friends11
friends12
friends123
friends13
friends14
friends2
friends3
friends4
friends4eva
friends4ever
friends4life
friends5
friends6
friends7
friends8
friendsforever
friendship
friendss
friendster
friendz
frijol
frijoles
frijolito
frisbee
frisco
frisco1
frisco415
friskie
frisky
fritz
fritzie
fritzy
frizzy
frodo
frodo1
frog
frog12
frog123
froger
frogfrog
frogger
frogger1
froggie
froggie1
froggies
froggy
froggy1
froggy12
froggy123
froggy13
froggy2
froggy5
froggy7
froglegs
frogman
frogs
frogs1
froilan
frontier
frontline
frootloops
frost
frosty
frosty1
frozen
fruit
fruitcake
fruitloop
fruitloops
fruits
fruitsbasket
fruity
fruity1
frumoasa
frumos
frumusete
frumusica
frumusik
frumusika
frunza
fs7600
fslhggi
fubu05
fuck
fuck off
fuck u
fuck you
fuck0ff
fuck11
fuck12
fuck123
fuck13
fuck22
fuck23
fuck666
fuck69
fuck_you
fuckaduck
fuckall
fuckass
fucked
fuckedup
fuckem
fucker
fucker!
fucker.
fucker1
fucker12
fucker2
fucker69
fuckers
fuckers1
fuckerz
fuckface
fuckface1
fuckfuck
fuckhead
fuckhim
fuckin
fucking
fucking1
fuckingbitch
fuckingshit
fuckinshit
fuckit
fuckit!
fuckit1
fuckit2
fuckitall
fucklife
fucklife1
fucklove
fucklove!
fucklove1
fucklove13
fuckme
fuckme!
fuckme1
fuckme123
fuckme2
fuckme3
fuckme69
fuckmehard
fuckmen
fuckof
fuckoff
fuckoff!
fuckoff1
fuckoff123
fuckoff2
fuckoff3
fuckoff69
fucks
fuckshit
fuckthat
fuckthepope
fucktheworld
fuckthis
fuckthis1
fucku
fucku!
fucku1
fucku12
fucku123
fucku13
fucku2
fucku3
fucku69
fuckuall
fuckubitch
fuckup
fucky0u
fuckya
fuckyeah
fuckyou
fuckyou!
fuckyou.
fuckyou0
fuckyou01
fuckyou07
fuckyou08
fuckyou1
fuckyou11
fuckyou12
fuckyou123
fuckyou13
fuckyou2
fuckyou21
fuckyou22
fuckyou23
fuckyou3
fuckyou4
fuckyou420
fuckyou5
fuckyou6
fuckyou666
fuckyou69
fuckyou7
fuckyou8
fuckyou9
fuckyouall
fuckyoubitch
fudge
fudge1
fudge123
fudgey
fudgie
fuego
fuentes
fuerte
fuerza
fujifilm
fujiko
fujitsu
fukoff
fukyou
fulanita
fulanito
fulanitos
fulham
fullback
fuller
fullerton
fullhouse
fullmetal
fullmoon
fulton
fun123
fun4me
funeral
funfun
funfunfun
fungirl
fungus
funky
funky1
funkychick
funkygirl
funkymonkey
funkytown
funnotes
funny
funny1
funny123
funnybunny
funnyface
funnygirl
funnylove
funshine
funstuff
funtime
funtimes
furball
furby1
furious
furtado
fushigi
fushigiyuugi
fusion
futbol
futbolista
futebol
futsal
futura
futurama
future
future1
futuro
fuzzball
fuzzy
fuzzy1
fuzzywuzzy
g-unit
g-unot
g12345
g123456
g4life
gaara
gaara1
gabbana
gabber
gabbie
gabbie1
gabby
gabby05
gabby1
gabby12
gabby123
gabby13
gabby2
gabgab
gabino
gabita
gabito
gabitza
gabitzu
gabriel
gabriel1
gabriel2
gabriel3
gabriel7
gabriela
gabriela1
gabriele
gabrielita
gabrielito
gabriella
gabriella1
gabrielle
gabrielle1
gabster
gabucha
gaby1
gaby12
gaby123
gabygaby
gabys
gabyta
gabyteamo
gabytza
gadget
gadiel
gaelic
gaelle
gagaga
gagaka
gagang
gagica
gagoako
gagoka
gaktau
galactic
galactico
galadriel
galang
galant
galapagos
galatasaray
galaxia
galaxy
galben
galicia
galilea
galileo
galindo
galinha
gallagher
gallardo
gallego
gallegos
gallery
galleta
galletas
galletita
gallina
gallito
gallo
gallos
galloway
galvan
galvez
galway
gamaliel
gamarra
gambit
gamble
gambler
gamboa
gameboy
gameboy1
gamecocks
gamecube
gamefreak
gamemaster
gameover
gamer
gamer1
gamers
games
games1
gametime
gamma
gammans
gampang
ganador
ganda
gandaako
gandacoh
gandah
gandako
gandakoh
gandalf
gandalf1
gandame
gandamo
gandaq
gandara
gandas
gandhi
ganesh
ganesha
gangbang
ganggang
gangsta
gangsta!
gangsta1
gangsta12
gangsta123
gangsta13
gangsta2
gangsta3
gangsta4life
gangsta6
gangsta7
gangstah
gangstar
gangstas
gangster
gangster1
gangsters
gangztah
ganja
ganja420
ganjaman
gannon
gansito
gansta
gansta1
ganster
ganster1
ganteng
gapeach
garage
garbage
garces
garcia
garcia1
garden
garden1
gardenia
gardens
gardiner
gardner
gareth
gareth1
garett
garfeild
garfiel
garfield
garfield1
garfield2
gargamel
gargarita
gargola
gargoyle
garland
garlic
garner
garnet
garnett
garret
garrett
garrett1
garrido
garrison
garry
garuda
gary123
gasgas
gasolina
gaspar
gasparin
gasper
gaston
gastronomia
gatafiera
gatas
gatekeeper
gateway
gateway1
gateway2
gatica
gatico
gatinha
gatinho
gatinhos
gatita
gatita1
gatitas
gatito
gatitos
gatonegro
gator
gator1
gatorade
gatorade1
gators
gators1
gatos
gatsby
gatubela
gatuvela
gaucho
gaurav
gavilan
gavin
gavin01
gavin1
gavin123
gavino
gaviota
gawjus
gawjuss
gay123
gayathri
gayboy
gaygay
gayle
gaylord
gayman
gayness
gaynor
gaypride
gazelle
gazette
gazza
gbaby
gcrocks
geanina
gearsofwar
geegee
geelong
geezer
geheim
geisha
gelado
gelatina
geline
gellie
gelyn
gembel
gembul
gemela
gemelas
gemelo
gemelos
gemeni
gemeos
gemgem
gemini
gemini06
gemini1
gemini13
gemini2
gemini21
gemini22
gemini3
gemini5
gemini69
gemini7
geminis
gemita
gemma
gemma1
gemma123
gemstone
genalyn
genaro
gender
gendut
genelyn
general
general1
generals
generation
generoso
genesis
genesis1
geneva
genevieve
gengen
genial
genie
genius
genny
genocide
genoveva
gensan
gentle
gentry
genuine
geoff
geoffrey
geografia
geografie
geography
geordie
george
george01
george1
george11
george12
george123
george2
george3
george7
georges
georgeta
georgetown
georgette
georgi
georgia
georgia1
georgia123
georgia2
georgiana
georgie
georgie1
georgina
georgy
geovani
geovanna
geovanni
geovanny
geovany
geral
gerald
gerald1
geraldin
geraldine
geraldo
geralyn
gerard
gerard1
gerardito
gerardo
gerardo1
gerardway
gerardway1
gerber
gerbil
geremy
gerger
gerlie
gerlyn
germain
germaine
german
german1
germania
germany
germany1
gerome
geronimo
gerrad
gerrard
gerrard08
gerrard1
gerrard8
gerrit
gerry
gerson
gertie
gertrude
gerwin
getalife
getaway
getbackers
getcrunk
getfucked
gethigh
getlost
getlow
getmoney
getmoney1
getmoney2
getout
getoverit
getrdone
getreal
getrich
getsome
geulis
gforce
ggggg
gggggg
ggggggg
gggggggg
ghanda
ghandi
gheghe
gheorghe
ghetto
ghetto1
ghettogirl
ghettogurl
ghghgh
ghiocel
ghost
ghost1
ghostrider
ghosts
ghosty
ghurl
giacomo
giancarlo
giancarlos
gianella
gianfranco
gianina
gianluca
gianmarco
gianna
gianna1
gianne
gianni
giannina
giannis
giants
giants1
gibran
gibson
gibson1
gibsonsg
gideon
gidget
gidget1
giegie
gifted
gigabyte
giggle
giggle1
giggles
giggles1
giggles2
gigglez
giggs11
giggsy
gigi123
gigigi
gigolo
gikiyddyo
gikiydokp
gilang
gilbert
gilbert1
gilberto
gilera
gilles
gillespie
gillian
gilligan
gillingham
gilly
gilmore
gilmore1
gilmoregirls
gimena
gimnasia
gina
gina123
ginagina
ginalyn
ginebra
ginge
ginger
ginger!
ginger01
ginger1
ginger11
ginger12
ginger123
ginger13
ginger2
ginger22
ginger23
ginger3
ginger4
ginger5
ginger7
gingerale
gingerbread
gingernut
gingers
gingersnap
gingging
gingin
ginita
ginnie
ginny
ginobili
ginting
ginuwine
gio123
giogio
giordano
giorgia
giorgio
giorgos
giovana
giovani
giovanna
giovanni
giovanni1
giovanny
girafa
giraffe
giraffe1
giraffes
girasol
girasoles
girassol
girbaud
girl101
girl11
girl12
girl123
girl13
girlfriend
girlfriends
girlgirl
girlie
girlie1
girlies
girlpower
girlpower1
girls
girls1
girls123
girls2
girls3
girlsaloud
girlsrock
girlsrule
girlsrule1
girlss
girltalk
girly
girly1
girlygirl
girlygirl1
girlz
girlzrule
gisel
gisela
gisele
giselita
gisell
gisella
giselle
giselle1
gismo
gissel
gissela
gisselle
gitana
gitano
gitara
gitrdone
giulia
giuliana
giuseppe
gizelle
gizmo
gizmo1
gizmo11
gizmo12
gizmo123
gizmo13
gizmo2
gizmo3
gizmo5
gizmoe
gizmoo
gizmos
gizzie
gizzmo
gizzmo1
gizzy
gizzy1
glacier
gladiador
gladiator
gladis
gladstone
gladys
gladys1
glaiza
glamorous
glamorous1
glamour
glanza
glasgow
glasgowrangers
glasses
glenda
glendale
glendy
glenn
glenn1
glenna
glenny
glentoran
glenwood
gliter
glitter
glitter1
glittergirl
glitters
global
globe
gloria
gloria1
gloriana
glorioso
glorious
glory
glory1
glorytogod
glossy
gloucester
glover
glowworm
gmail
gmoney
gmoney1
gnasher
gnomes
go2hell
goalie
goalie1
goalkeeper
goarmy
goaway
goaway1
gobble
gobears
goblin
goblok
goblue
gobucks
gocubs
god123
god1st
god4life
god777
godawgs
godawgs1
godbless
godbless1
godblessme
godblessus
godblessyou
godchild
goddess
goddess1
godess
godfather
godfather1
godfirst
godfrey
godgod
godhelpme
godinez
godis#1
godis1
godisgood
godisgood1
godisgreat
godislove
godislove1
godiva
godknows
godlike
godlove
godloveme
godloves
godlovesme
godlovesyou
godofwar
godrocks
godrules
godsangel
godschild
godsgift
godsgirl
godslove
godsmack
godsmack1
godson
godspeed
godswill
godwin
godzilla
godzilla1
goeagles
gofish
goforit
gogators
gogeta
gogetta
goggles
gogirl
gogogo
gohan
gohome
gokart
gokil
gokusen
gold123
goldberg
golddigga
golddigger
golden
golden1
goldenboy
goldeneye
goldengirl
goldfinger
goldfish
goldfish1
goldie
goldie1
goldigga
goldilocks
goldmember
goldstar
goldy
goleador
golfball
golfer
golfer1
golfgolf
golfgti
golfing
golfinho
golfinhos
golfmike
goliat
goliath
gollum
golosa
gomenasai
gomes
gomez
gomez1
gomita
gomitas
gonavy
goncalo
goncalves
gonzaga
gonzales
gonzalez
gonzalez1
gonzalo
gonzo
goober
goober1
goober2
goobers
good123
good2go
good4u
good4you
goodas
goodboy
goodbye
goodbye1
goodcharlotte
goodday
goodfellas
goodgirl
goodgirl1
goodgood
goodgurl
goodguy
goodie
goodies
goodies1
goodlife
goodlooking
goodluck
goodman
goodmans
goodmorning
goodness
goodnight
goodtime
goodtimes
goodtimes1
goodwill
goodwin
goody
goody2shoes
goodyear
goofball
goofy
goofy1
googie
google
google.com
google1
google12
google123
google2
googles
googoo
googoodolls
gooner
gooners
goonie
goonies
goose
goose1
goosebumps
goosey
gopher
gorda
gorda1
gordabella
gordas
gordis
gordita
gordito
gordo
gordo1
gordon
gordon1
gordon24
gordos
gorgeous
gorgeous1
gorila
gorilla
gorilla1
gorillas
gorillaz
gorman
gospel
gossip
gossipgirl
gostosa
gostoso
gotcha
gotenks
gothgirl
gothic
gothic1
gothica
gothika
gotica
gotico
gotigers
gotita
gotmilk
gotmilk1
gotmilk?
gotohell
gotohell1
gotrice
gotti
gotti1
govols
gr33nday
grace
grace01
grace05
grace07
grace08
grace1
grace11
grace12
grace123
grace13
grace14
grace2
grace3
grace5
grace7
graceann
gracee
graceful
gracel
graceland
gracelyn
graces
gracey
gracia
gracias
gracie
gracie01
gracie05
gracie1
gracie12
gracie2
gracie3
graciela
gracious
grad06
grad07
grad08
grad09
grad2005
grad2006
grade6
graduate
graduation
graeme
graffiti
grafiti
graham
graham1
grainne
gramma
grammar
grammy
gramps
granada
granados
granda
grandad
grandad1
grandam
grande
grandkids
grandma
grandma1
grandma2
grandma3
grandmom
grandmother
grandpa
grandpa1
grandprix
grandson
grange
granger
granite
grannie
granny
granny1
grant
grant1
grape
grape1
grapeape
grapefruit
grapes
grapes1
graphics
grass
grasshopper
grasya
grateful
gratis
graves
graveyard
gravitation
gravity
grayson
grayson1
grazie
graziella
grease
great
great1
greatdane
greatest
greatness
greatone
grecia
greddy
greece
greece1
greedisgood
greedy
green
green day
green!
green07
green1
green10
green101
green11
green12
green123
green13
green14
green15
green16
green17
green18
green19
green2
green21
green22
green23
green24
green25
green3
green33
green4
green420
green45
green5
green55
green6
green69
green7
green77
green8
green88
green9
greenapple
greenbay
greenbay1
greenbean
greenbeans
greenday
greenday!
greenday1
greenday12
greenday123
greenday13
greenday2
greenday3
greenday7
greene
greeneggs
greener
greeneyes
greeneyes1
greenfrog
greengirl
greengrass
greengreen
greenhouse
greenie
greenland
greenleaf
greenlight
greenman
greenpeace
greenrose
greens
greenstreet
greentea
greentree
greenwood
greeny
greenz
greetings
greg
greggy
gregor
gregoria
gregorio
gregory
gregory1
gremlin
gremlins
grenada
greta
gretch
gretchen
gretchen1
gretel
gretta
greyhound
greyhoundz
greywolf
griffey
griffin
griffin1
griffindor
griffith
griffiths
grillo
grillz
grimmy
grimreaper
grinch
gringa
gringo
grisel
griselda
grissom
grizzly
grizzly1
gromit
grone
groove
groovey
groovy
groovy1
groovychick
groovygirl
ground
grounded
grover
grudge
grumpy
grumpy1
grunge
gryffindor
gsxr1000
gsxr600
gsxr750
guadalajara
guadalupe
guadalupe1
guam671
guanajuato
guapa
guapako
guapisima
guapito
guapo
guapos
guard
guard1
guardado
guardar
guardian
guardianangel
guatemala
guatemala1
guayaquil
gucci
gucci1
guebanget
guera
guerita
guero
guerra
guerreiro
guerrero
guess
guess1
guessit
guesswhat
guesswho
guevara
guevarra
guida
guido
guigui
guilherme
guillaume
guille
guillen
guiller
guillermina
guillermo
guilty
guimaraes
guinea
guineapig
guineapigs
guiness
guinness
guinness1
guinto
guisela
guitar
guitar1
guitar123
guitar2
guitar7
guitarhero
guitarist
guitarman
guitarra
guitars
gumamela
gumball
gumdrop
gumdrops
gummibear
gummy
gummybear
gummybears
gunawan
gunbound
gundam
gundamseed
gundamwing
gungun
gunit
gunit1
gunit50
gunman
gunnar
gunner
gunner1
gunners
gunners1
gunsandroses
gunshot
gunsmoke
gunsnroses
gunter
gunther
gunther1
gurita
guritza
gurlie
gurly
gurlz
gurung
gusana
gusanita
gusanito
gusano
gusgus
gussie
gustav
gustavito
gustavo
gustavo1
guster
guthrie
gutierrez
gutta
gutta1
gutter
guwapo
guyana
guyana1
guyguy
guyssuck
guyssuck1
guyver
guzman
gwafa
gwafako
gwapa
gwapaako
gwapah
gwapako
gwapame
gwapas
gwaping
gwapings
gwapingz
gwapito
gwapo
gwapoako
gwapoh
gwapoko
gwapos
gwapz
gwbanget
gwendolyn
gwenstefani
gwyneth
gymgirl
gymnast
gymnast1
gymnastics
gypsy
gypsy1
h-town
h12345
h123456
h2opolo
habana
habbo1
habbohotel
habiba
habibi
hack
hacker
hacker1
hackers
hadas
hades
hadita
hadley
hafiz
hafiza
hafizah
haggard
haggis
hagrid
haha
haha12
haha123
hahaha
hahaha1
hahahaha
hahalol
haidee
haider
haikal
hailee
hailee1
hailey
hailey01
hailey05
hailey06
hailey1
hailey2
hailhail
hailie
hailmary
hairball
hairband
hairbrush
haircut
hairdresser
hairdressing
hairspray
hairtai
haitian
hajime
hakeem
hakim
hakimi
hakkai
hakunamatata
halcon
haleigh
haleigh1
haleluya
haley
haley1
halflife
halfpint
halifax
halima
halimah
halimaw
halle
hallelujah
haller
halley
hallie
hallie1
halliwell
hallmark
hallo
hallo1
hallo123
hallow
halloween
halloween1
halo12
halo123
halo3
halohalo
hamada
hamasaki
hambone
hamburg
hamburger
hamburguesa
hamham
hamidah
hamilton
hamilton1
hamish
hamish1
hamizah
hamlet
hammer
hammer1
hammerhead
hammers
hammertime
hammie
hammond
hammy
hammy1
hampster
hampton
hampton1
hamster
hamster1
hamster123
hamsters
hamtaro
hamza
hamzah
hanafi
hanah
hanakimi
hanamichi
hanayori
hancock
handayani
handbag
handbags
handbal
handball
handle
handsome
handsome1
handyman
hangman
hangover
hangten
hanhan
hanie
hanna
hanna1
hannah
hannah!
hannah00
hannah01
hannah02
hannah03
hannah04
hannah05
hannah06
hannah07
hannah08
hannah1
hannah10
hannah11
hannah12
hannah123
hannah13
hannah14
hannah15
hannah2
hannah21
hannah22
hannah23
hannah3
hannah4
hannah5
hannah6
hannah7
hannah8
hannah9
hannah99
hannahmontana
hannamontana
hannan
hannes
hannibal
hannie
hanny
hansel
hansen
hansol
hansolo
hanson
hanson1
hanuman
hanzel
hapiness
happie
happier
happiness
happiness1
happy
happy!
happy01
happy07
happy1
happy10
happy101
happy11
happy12
happy123
happy13
happy14
happy15
happy2
happy21
happy22
happy23
happy3
happy4
happy420
happy4u
happy5
happy6
happy69
happy7
happy8
happy9
happy99
happybirthday
happyboy
happybunny
happyday
happydays
happydays1
happyending
happyface
happyfamily
happyfeet
happyfeet1
happygirl
happygirl1
happygolucky
happyhappy
happyhour
happylife
happyme
happyness
happyone
happys
happyy
harajuku
hardcore
hardcore1
harder
hardhead
hardiman
harding
hardman
hardrock
hardstyle
hardware
hardy
hardy1
hardyboyz
hardys
hardyz
harhar
haribo
harimau
harlan
harlee
harlem
harlem1
harlene
harley
harley01
harley02
harley03
harley05
harley06
harley07
harley08
harley1
harley11
harley12
harley123
harley13
harley2
harley21
harley22
harley3
harley4
harley69
harley7
harleydavidson
harlie
harman
harmon
harmonie
harmony
harmony1
harold
harold1
haroon
harper
harper1
harrie
harriet
harrington
harris
harris1
harrison
harrison1
harry
harry potter
harry1
harry12
harry123
harry2
harry7
harryjudd
harryp
harrypoter
harrypotter
harrypotter1
harrys
hartford
hartley
hartman
hartnett
haruhi
haruka
haruko
harumi
harvard
harvest
harvestmoon
harvey
harvey1
harvey123
harvick
harvick29
hasan
hasanah
hashim
hashish
hasnah
hassan
hastings
hatake
hatchet
hatebreed
hatelife
hatelove
hateme
hateme1
hater
hater1
haters
haters1
haterz
haterz1
hateu
hateyou
hatiku
hatred
hattie
hatton
hattrick
haunted
havaianas
havana
haveaniceday
havefaith
havefun
haven
hawaii
hawaii06
hawaii1
hawaii50
hawaii808
hawaiian
hawaiian1
hawkeye
hawkeyes
hawkins
hawks
hawks1
hawthorn
hawthorne
hayabusa
hayate
hayati
haydee
hayden
hayden01
hayden04
hayden05
hayden06
hayden1
hayden2
hayhay
hayhay1
haylee
haylee1
hayleigh
hayley
hayley1
haylie
haylin
haynaku
haynes
hayopka
hayward
haywood
hazard
hazel
hazel1
hazel123
hazeleyes
hazell
hazelnut
hazels
hazelwood
hazirah
hazwani
hazzard
headache
headshot
headstart
headstrong
healing
health
healthy
heart
heart1
heart12
heart123
heart14
heart2
heart3
heart5
heartache
heartagram
heartbeat
heartbreak
heartbreaker
heartbroken
hearth
heartless
hearts
hearts1
hearts12
hearts123
hearts2
heartsfc
hearty
heartz
heater
heath
heath1
heather
heather1
heather12
heather123
heather2
heather3
heather7
heaven
heaven1
heaven123
heaven2
heaven3
heaven7
heavenknows
heavenly
heavenly1
heavens
heavensent
heavymetal
hebert
hecate
heckyes
hector
hector1
hectorteamo
hedgehog
hedwig
heehee
heffalump
heffer
hehe
hehe123
hehehaha
hehehe
hehehehe
heidi
heidi1
heidy
heights
heineken
heinrich
hejhej
helado
helder
helen
helen1
helena
helena1
helene
helicopter
helios
hell666
hellas
hellboy
hellboy1
hellen
heller
hellfire
hellgirl
hellno
hello
hello kitty
hello!
hello.
hello0
hello01
hello1
hello10
hello101
hello11
hello12
hello123
hello1234
hello12345
hello13
hello14
hello15
hello16
hello2
hello21
hello22
hello23
hello24
hello2u
hello3
hello4
hello5
hello6
hello69
hello7
hello8
hello9
hello99
hellobaby
hellobob
hellogoodbye
hellohello
hellohi
hellok
hellokitty
hellokitty1
hellokity
hellome
hellomoto
hellomoto1
hellomotto
helloo
hellopeople
helloppl
hellos
hellothere
hellou
hellow
helloween
helloworld
helloyou
hellraiser
hellsbells
hellsing
hellspawn
hellya
hellyea
hellyeah
helmet
helmut
helovesme
help123
helper
helpme
helpme1
helpme2
helpmegod
helsinki
helterbrand
henderson
henderson1
hendra
hendrick
hendrik
hendrix
hendrix1
hendry
henkie
henley
hennessey
hennessy
henrietta
henriette
henrik
henrique
henrry
henry
henry1
henry12
henry123
henry14
henrys
hensem
henson
hentai
hepburn
herald
herbalife
herbert
herbert1
herbie
herbie1
hercules
hercules1
heredia
hereford
hereiam
heriberto
heritage
herlina
herman
herman1
hermana
hermanas
hermanita
hermanito
hermann
hermano
hermanos
hermes
hermie
herminia
hermione
hermit
hermosa
hermosa1
hermoso
hermosura
hermoza
hernan
hernandez
hernandez1
hernando
heroes
heroine
herrera
hershey
hershey1
hershey2
hersheys
herson
heslo
hesoyam
hester
hesthe1
hewitt
hewlett
hey
hey123
heybabe
heybaby
heybaby1
heydude
heygirl
heyhey
heyhey1
heyhey2
heyheyhey
heyheyhey1
heymama
heyman
heynow
heysexy
heythere
heythere1
heyya
heyyall
heyyou
heyyou1
heyyy
hezekiah
hgfdsa
hggih;fv
hhhhh
hhhhhh
hhhhhhh
hi123
hi1234
hi12345
hi5.com
hi5hi5
hibees
hibernian
hibiscus
hibs1875
hickey
hickman
hickory
hidalgo
hidayah
hidayat
hidden
hideaki
hideki
hideto
hifive
higgins
high420
highbury
higher
highfield
highfive
highjump
highland
highlander
highlife
highschool
highschoolmusical
hightimes
highway
hihello
hihihi
hihihi1
hihihihi
hijau
hijodeputa
hikari
hikaru
hilario
hilarious
hilary
hilary1
hilaryduff
hilda
hilfiger
hillary
hillary1
hillbilly
hillcrest
hillside
hillsong
hilltop
hilton
hilton1
him666
himhim
himura
hinata
hinata1
hinder
hinder1
hindikoalam
hinojosa
hip-hop
hipeople
hiphop
hiphop1
hiphop123
hipolito
hipopotamo
hippie
hippies
hippo
hippo1
hippos
hippychick
hiroki
hiromi
hiroshi
hisham
hisoka
historia
history
history1
hitachi
hithere
hithere1
hitler
hitman
hitman1
hitomi
hitsugaya
hkitty
hlubkoj
hobart
hobbes
hobbit
hobnob
hockey
hockey1
hockey10
hockey11
hockey12
hockey13
hockey14
hockey15
hockey16
hockey17
hockey18
hockey19
hockey2
hockey21
hockey22
hockey3
hockey4
hockey5
hockey7
hockey9
hocuspocus
hodges
hoffman
hogwarts
hohoho
hoihoi
hokage
hokies
hola
hola1
hola12
hola123
hola5
holaa
holaaa
holaamor
holaatodos
holabebe
holacomoestas
holahola
holamiamor
holamundo
holanda
holanena
holap
holas
holass
holatu
holaz
holden
holden1
holdens
holder
holdon
holiday
holiday1
holidays
holiness
holita
holitas
holla
holla1
hollaback
hollaback1
holland
holland1
holler
holler1
holley
holliday
hollie
hollie1
hollis
hollister
hollister!
hollister1
hollister2
hollister22
hollister3
hollister4
hollister5
hollister6
hollister7
hollister8
hollister9
hollow
holloway
holly
holly01
holly1
holly12
holly123
holly2
holly7
hollyb
hollydog
hollyoaks
hollys
hollywood
hollywood1
holman
holmes
holybible
holycow
holycrap
holycross
holyghost
holymoly
holyshit
holyspirit
hombre
hombres
home
home12
home123
homealone
homeandaway
homeboy
homegirl
homeless
homepage
homer
homer1
homer123
homerj
homero
homers
homersimpson
homerun
homesick
homeslice
homestar
homesweethome
hometown
homework
homie
homie1
homieg
homies
homies1
hommer
hommie
homosexual
honcoh
honda
honda01
honda03
honda05
honda06
honda1
honda12
honda123
honda125
honda2
honda250
hondacbr
hondacivic
hondacrx
hondas
hondas2000
honden
hondje
honduras
honduras1
honeey
honest
honesty
honesty1
honey
honey!
honey01
honey02
honey03
honey04
honey05
honey06
honey07
honey08
honey09
honey1
honey10
honey11
honey12
honey123
honey13
honey14
honey143
honey15
honey16
honey17
honey18
honey19
honey2
honey20
honey21
honey22
honey23
honey24
honey25
honey26
honey27
honey28
honey29
honey3
honey4
honey5
honey6
honey69
honey7
honey8
honey9
honeyb
honeybabe
honeybabes
honeybaby
honeybear
honeybear1
honeybee
honeybun
honeybun1
honeybunch
honeybunny
honeybuns
honeycoh
honeycomb
honeydew
honeydip
honeydog
honeygirl
honeyj
honeyko
honeykoh
honeylove
honeylyn
honeymoon
honeypie
honeypot
honeyq
honeyqoh
honeys
honeysuckle
honeywell
honeyy
honeyz
hongkong
honhon
honie
honkoh
honney
honnie
honolulu
hoobastank
hooch
hooch1
hoochie
hoochie1
hoochy
hoodie
hoodrat
hoodstar
hookem
hooker
hooker1
hooligan
hooligans
hooper
hoopla
hoops
hoops1
hoosier
hoosiers
hooter
hooters
hooters1
hootie
hoover
hoover1
hope
hope12
hope123
hope13
hopeful
hopeful1
hopeless
hopeless1
hoping
hopkins
hopper
hopscotch
horace
horacio
horatio
horizon
hormiga
hornet
hornets
hornets1
horney
horny
hornydevil
horoscop
horoscope
horoscopo
horror
horse
horse1
horse12
horse123
horse2
horsecrazy
horsegirl
horselover
horsemad
horseriding
horses
horses!
horses1
horses11
horses12
horses123
horses13
horses2
horses7
horseshoe
horsesrock
horsesrule
horsey
hortencia
horton
hosanna
hospital
hot101
hot123
hot2trot
hotangel
hotaru
hotass
hotbabe
hotbabe1
hotbabes
hotbaby
hotbitch
hotboy
hotboy1
hotboys
hotboyz
hotcake
hotcakes
hotchic
hotchick
hotchick1
hotchicks
hotchocolate
hotdamn
hotdog
hotdog1
hotdog2
hotdogs
hotel
hotgal
hotgirl
hotgirl1
hotgirl2
hotgirls
hotgurl
hotgurl1
hotguy
hotguys
hothead
hothot
hothothot
hotie
hotkiss
hotline
hotlips
hotlove
hotmail
hotmail.com
hotmail1
hotmail123
hotmail2
hotmails
hotmama
hotmama1
hotmama2
hotmamma
hotman
hotmom
hotmomma
hotmomma1
hotness
hotness1
hotohori
hotone
hotpants
hotpink
hotpink1
hotpink2
hotrod
hotrod1
hotsauce
hotsex
hotsexy
hotshit
hotshot
hotshot1
hotshots
hotspot
hotstuff
hotstuff1
hotstuff2
hott
hotter
hottest
hottgirl
hotthing
hotti3
hottie
hottie!
hottie#1
hottie.
hottie01
hottie05
hottie06
hottie07
hottie08
hottie09
hottie1
hottie10
hottie101
hottie11
hottie12
hottie123
hottie13
hottie14
hottie15
hottie16
hottie17
hottie18
hottie19
hottie2
hottie21
hottie22
hottie23
hottie24
hottie3
hottie33
hottie4
hottie45
hottie4u
hottie5
hottie6
hottie69
hottie7
hottie8
hottie9
hottie911
hottie92
hottie93
hottie94
hotties
hottness
hottopic
hottpink
hottstuff
hottub
hotty
hotty1
hotty101
hotty12
hotty123
hotwheels
hotwings
houdini
hounddog
hounds
house
house1
housemusic
houses
housewife
houston
houston1
houston713
houvanjou
howard
howard1
howareyou
howdy
howdy1
howell
howhigh
howie
howie1
howied
howudoin
hpotter
hrithik
hrvatska
hsm123
hsmusical
htebazile
htown713
huaman
hubbabubba
hubbard
hubbie
hubby
hubby1
hubert
hudgens
hudson
hudson1
huerta
huesito
huesitos
huesos
huevito
huevo
huevos
huggie
huggies
huggybear
hughes
hughie
hugoboss
hugoteamo
hugsandkisses
hugsnkisses
huguinho
huguito
huhuhu
huihui
hulaanmo
hulagirl
hulkhogan
hullcity
humaira
humberto
humble
humbug
humility
hummel
hummer
hummer1
hummer2
hummer3
hummerh2
hummingbird
humphrey
humtum
hunbun
hungry
hunibuni
hunney
hunni
hunnibunni
hunnie
hunny
hunny1
hunnybee
hunnybun
hunnybunny
hunter
hunter!
hunter00
hunter01
hunter02
hunter03
hunter04
hunter05
hunter06
hunter07
hunter08
hunter1
hunter10
hunter11
hunter12
hunter123
hunter13
hunter14
hunter2
hunter21
hunter22
hunter23
hunter3
hunter4
hunter5
hunter6
hunter7
hunter8
hunter99
hunters
hunterx
hunterxhunter
hunting
hunting1
huntington
huracan
hurdles
hurley
hurley1
hurling
hurricane
hurricane1
hurricanes
hurtado
hurting
husband
husband1
husker
huskers
huskers1
huskie
huskies
huskies1
hussain
hussein
hustla
hustla1
hustle
hustle1
hustler
hustler1
hutchinson
hyacinth
hybrid
hydrogen
hyper
hyper1
hyperlite
hyphy
hypnotic
hysteria
hyunbin
hyundai
hyuuga
hyves
i love me
i love u
i love you
i rock
i123456
i81u812
i<3him
i<3you
i_love_you
iamagirl
iamalone
iambeautiful
iamcool
iamcool1
iamcrazy
iamcute
iamdabest
iamfat
iamfree
iamgay
iamgod
iamgreat
iamhappy
iamhere
iamhot
iaminlove
iamkool
iamloved
iamme
iamnumber1
iampretty
iamsam
iamsexy
iamsocool
iamthe1
iamthebest
iamtheking
iamtheman
iamtheone
iamwhatiam
ian123
ianian
ianne
ianuarie
iasmina
ib6ub9
ibanez
ibarra
ibelieve
ibiza
ibrahim
icandoit
icarly
icarus
ice-cream
ice123
iceage
iceangel
icebaby
iceberg
iceblue
icebox
icecold
icecream
icecream!
icecream1
icecream12
icecream2
icecream3
icecream7
icecube
icedtea
icegirl
icehockey
icehouse
iceice
iceicebaby
iceland
iceman
iceman1
icepop
iceprincess
icequeen
iceskate
iceskating
icetea
ichigo
ichiro
ichliebedich
ickkck
icu812
idalia
identity
idiot
idiot1
idiota
idiots
idk123
idontcare
idontcare1
idontknow
idontknow1
idontloveyou
idontno
idunno
idunno1
iepuras
iepure
iesha
ifonly
iforget
iforgot
iforgot1
iforgotit
igetmoney
iglesia
iglesias
ignacio
ignatius
ignite
ignition
iguana
ih8you
ihateboys
ihateguys
ihatehim
ihatelife
ihatelife1
ihatelove
ihateme
ihatemen
ihatemylife
ihatemyself
ihateschool
ihatethis
ihateu
ihateu!
ihateu1
ihateu2
ihateyou
ihateyou!
ihateyou1
ihateyou2
iheartu
iheartu2
iheartyou
iheartyou1
iiiii
iiiiii
iiyama
ikaika
ikawlamang
ikawlang
ikbengek
ikhouvanjou
ikhwan
ikickass
ikillyou
il0v3y0u
il0vehim
il0veme
il0veu
il0vey0u
il0veyou
ilagan
ilaria
ildiko
ildivo
ileana
ilham
iliana
iligan
ilikeboys
ilikecheese
ilikeeggs
ilikeit
ilikepie
ilikepie1
ilikeu
ilikeyou
illini
illinois
illmatic
illuminati
illusion
iloilo
ilona
ilov3u
ilov3you
ilove
ilove you
ilove...
ilove1
ilove12
ilove123
ilove13
ilove14
ilove15
ilove18
ilove2
ilove21
ilove22
ilove23
ilove24
ilove2dance
ilove3
ilove4
ilove420
ilove5
ilove69
ilove7
ilove8
ilove?
ilove??
ilove???
ilovea
iloveaaron
iloveabby
iloveadam
iloveadam1
iloveaj
ilovealan
ilovealex
ilovealex1
iloveali
iloveallah
iloveallen
iloveamanda
iloveamber
iloveamy
iloveandrew
iloveandy
iloveangel
iloveanimals
iloveanime
iloveanna
iloveant
iloveanthony
iloveart
iloveash
iloveashley
iloveaustin
iloveb
iloveb5
ilovebaby
ilovebam
ilovebasketball
ilovebebo
ilovebeer
iloveben
iloveben1
ilovebeth
ilovebill
ilovebilly
ilovebj
iloveblake
iloveblue
ilovebob
ilovebobby
iloveboo
iloveboys
iloveboys!
iloveboys1
iloveboys2
iloveboyz
ilovebrad
ilovebrandon
ilovebrett
ilovebrian
ilovebryan
ilovecake
ilovecaleb
ilovecallum
ilovecandy
ilovecarl
ilovecarlos
ilovecasey
ilovecat
ilovecats
ilovechad
ilovecharlie
ilovechase
ilovecheese
ilovechloe
ilovechocolate
ilovechris
ilovechrisbrown
ilovecj
ilovecock
ilovecody
ilovecody1
ilovecole
iloveconnor
ilovecorey
ilovecory
ilovecows
ilovecraig
iloved
ilovedad
ilovedad1
ilovedaddy
ilovedale
ilovedan
ilovedance
ilovedancing
ilovedaniel
ilovedanny
ilovedarren
ilovedave
ilovedavid
ilovedean
ilovedee
ilovedennis
ilovederek
ilovedevin
ilovedick
ilovedj
ilovedogs
ilovedogs1
ilovedom
ilovedon
ilovedoug
ilovedrew
ilovedustin
ilovedylan
iloveed
iloveeddie
iloveelmo
iloveemily
iloveemma
iloveemo
iloveeric
iloveeric1
iloveerik
iloveethan
iloveevan
ilovefamily
ilovefood
ilovefootball
ilovefrank
ilovefred
ilovefrogs
ilovegary
ilovegeorge
ilovegirls
ilovegod
ilovegod!
ilovegod1
ilovegod2
ilovegod7
ilovegrant
ilovegreen
ilovegreg
iloveguys
ilovehannah
iloveharry
iloveher
iloveher1
ilovehim
ilovehim!
ilovehim.
ilovehim07
ilovehim08
ilovehim1
ilovehim12
ilovehim14
ilovehim2
ilovehim3
ilovehim4
ilovehim5
ilovehim7
iloveholly
ilovehorses
ilovehunter
iloveian
iloveit
iloveivan
ilovej
ilovejack
ilovejacob
ilovejade
ilovejake
ilovejake1
ilovejames
ilovejamie
ilovejared
ilovejason
ilovejay
ilovejc
ilovejd
ilovejeff
ilovejenny
ilovejeremy
ilovejerry
ilovejess
ilovejesse
ilovejessica
ilovejesus
ilovejim
ilovejimmy
ilovejj
ilovejo
ilovejoe
ilovejoe1
ilovejoel
ilovejoey
ilovejohn
ilovejohn1
ilovejohnny
ilovejojo
ilovejon
ilovejon1
ilovejonny
ilovejordan
ilovejorge
ilovejose
ilovejoseph
ilovejosh
ilovejosh!
ilovejosh1
ilovejoshua
ilovejr
ilovejt
ilovejuan
ilovejustin
ilovekarl
ilovekate
ilovekatie
ilovekayla
ilovekeith
ilovekelly
iloveken
ilovekenny
ilovekevin
ilovekim
ilovekris
ilovekurt
ilovekyle
ilovekyle1
ilovelance
ilovelarry
ilovelaura
ilovelauren
ilovelee
iloveleo
ilovelevi
ilovelewis
iloveliam
ilovelife
ilovelily
ilovelisa
iloveliz
ilovelogan
ilovelove
ilovelucy
iloveluis
iloveluke
ilovem
ilovem3
ilovemama
ilovemarc
ilovemarcus
ilovemario
ilovemark
ilovemartin
ilovemary
ilovemat
ilovematt
ilovematt1
ilovematthew
ilovematty
ilovemax
ilovemcr
iloveme
iloveme!
iloveme.
iloveme08
iloveme1
iloveme11
iloveme12
iloveme123
iloveme13
iloveme14
iloveme2
iloveme22
iloveme23
iloveme3
iloveme4
iloveme5
iloveme7
iloveme8
ilovemegan
ilovemen
ilovemichael
ilovemike
ilovemike1
ilovemikey
ilovemitch
ilovemj
ilovemolly
ilovemom
ilovemom1
ilovemom2
ilovemommy
ilovemoney
ilovemonkeys
ilovemum
ilovemummy
ilovemusic
ilovemybaby
ilovemyboo
ilovemyboys
ilovemycat
ilovemydad
ilovemydaddy
ilovemydog
ilovemyfamily
ilovemyfriends
ilovemykids
ilovemylife
ilovemymom
ilovemymommy
ilovemymum
ilovemymummy
ilovemyself
ilovemyson
ilovenate
ilovenathan
iloveneil
ilovenewyork
ilovenick
ilovenick1
ilovenicole
ilovenikki
iloveno1
iloveny
iloveomar
iloveoscar
ilovepat
ilovepatrick
ilovepaul
ilovepete
ilovepeter
ilovephil
ilovepics
ilovepie
ilovepink
ilovepink1
ilovepizza
ilovepooh
ilovepussy
ilover
iloverachel
iloverandy
iloveray
ilovered
iloverich
iloverichard
iloverick
ilovericky
iloverj
iloverob
iloverobbie
iloverobert
iloverock
iloverockyou
iloveron
iloveross
iloveroxy
iloveroy
iloverudy
iloveryan
iloveryan!
iloveryan1
iloves
ilovesam
ilovesam1
ilovesammy
ilovesara
ilovesarah
ilovescott
ilovesean
iloveseth
ilovesex
ilovesex1
iloveshane
iloveshaun
iloveshawn
iloveshoes
iloveshopping
ilovesimon
ilovesoccer
ilovesome1
ilovesomeone
ilovesophie
ilovesos
ilovesos1
ilovesports
ilovestars
ilovesteph
ilovestephen
ilovesteve
ilovesteven
ilovesum1
ilovesvs
ilovet
ilovetaylor
ilovethelord
ilovethisgame
ilovethomas
ilovetim
ilovetim1
ilovetj
ilovetoby
ilovetodance
ilovetodd
ilovetom
ilovetommy
ilovetony
ilovetony1
ilovetravis
ilovetrey
ilovetroy
ilovety
ilovetyler
iloveu
iloveu!
iloveu.
iloveu07
iloveu1
iloveu10
iloveu11
iloveu12
iloveu123
iloveu13
iloveu14
iloveu143
iloveu15
iloveu16
iloveu2
iloveu21
iloveu22
iloveu23
iloveu3
iloveu4
iloveu4eva
iloveu4ever
iloveu5
iloveu6
iloveu69
iloveu7
iloveu8
iloveu9
iloveubaby
iloveusomuch
ilovewayne
iloveweed
ilovewes
ilovewill
ilovey
ilovey0u
iloveya
iloveyew
iloveyoo
iloveyooh
iloveyou
iloveyou!
iloveyou!!
iloveyou*
iloveyou.
iloveyou0
iloveyou00
iloveyou01
iloveyou02
iloveyou03
iloveyou04
iloveyou05
iloveyou06
iloveyou07
iloveyou08
iloveyou09
iloveyou1
iloveyou10
iloveyou11
iloveyou12
iloveyou123
iloveyou1234
iloveyou13
iloveyou14
iloveyou143
iloveyou15
iloveyou16
iloveyou17
iloveyou18
iloveyou19
iloveyou2
iloveyou20
iloveyou21
iloveyou22
iloveyou23
iloveyou24
iloveyou25
iloveyou27
iloveyou28
iloveyou3
iloveyou33
iloveyou4
iloveyou4ever
iloveyou5
iloveyou6
iloveyou69
iloveyou7
iloveyou77
iloveyou8
iloveyou88
iloveyou89
iloveyou9
iloveyou92
iloveyou99
iloveyou<3
iloveyouall
iloveyoubabe
iloveyoubaby
iloveyoubhe
iloveyouforever
iloveyougod
iloveyouhoney
iloveyoulord
iloveyouso
iloveyousomuch
iloveyoutoo
iloveyouu
iloveyoux3
iloveyu
iloveyuo
ilovezac
ilovezacefron
ilovezach
ilovezack
ilovezak
ilovezoe
ilovu
ilusion
iluv2dance
iluvaaron
iluvadam
iluvalex
iluvandrew
iluvandy
iluvaustin
iluvben
iluvboys
iluvboyz
iluvbrandon
iluvcats
iluvchad
iluvchris
iluvchris1
iluvcody
iluvdan
iluvdanny
iluvdavid
iluvdogs
iluveric
iluvgod
iluvguys
iluvhim
iluvhim!
iluvhim1
iluvhim2
iluvhorses
iluvjack
iluvjake
iluvjames
iluvjason
iluvjay
iluvjc
iluvjesus
iluvjoe
iluvjoey
iluvjohn
iluvjosh
iluvjustin
iluvkevin
iluvkyle
iluvlucy
iluvluke
iluvmark
iluvmatt
iluvme
iluvme!
iluvme1
iluvme123
iluvme2
iluvme3
iluvmike
iluvmom
iluvmusic
iluvmybaby
iluvmyself
iluvnick
iluvno1
iluvpaul
iluvpink
iluvryan
iluvsam
iluvsex
iluvsos
iluvsum1
iluvtom
iluvtony
iluvtyler
iluvu
iluvu!
iluvu1
iluvu12
iluvu123
iluvu2
iluvu4eva
iluvu4ever
iluvya
iluvyou
iluvyou!
iluvyou1
iluvyou2
iluvyu
iluvzac
ily123
im2cool
im2cute
im2sexy
imabitch
imaflirt
images
imagination
imagine
imagine1
imalone
imaloser
imani
imani1
imanol
imanuel
imapimp
imastar
imation
imback
imbecil
imbored
imbossy
imbroken
imcool
imcool1
imcrazy
imcute
imdabest
imelda
imfree
imgood
imhappy
imhere
imhot
imhott
iminlove
iminlove1
iminluv
imisshim
imissu
imissu2
imissyou
imissyou1
imissyou2
imkool
imlost
imlovinit
immaculate
immanuel
immortal
immortal1
imnotemo
imnotok
imnotokay
imnumber1
imoet
imoetz
imogen
impact
impacto
impala
imperial
imperio
import
important
importante
imposible
impossible
impresora
impretty
impreza
imprimanta
impulse
imran
imreal
imsexy
imsexy1
imsingle
imsocool
imsocute
imsofly
imsohot
imsorry
imsosexy
imthe1
imthebest
imthebest1
imtheman
imyours
inalcanzable
incognito
incomplete
incredible
incubus
incubus1
indaclub
indah
inday
independent
india
india1
indian
indian1
indiana
indiana1
indians
indians1
indie
indigo
indira
indonesia
indra
indragostita
industrial
ineedlove
ineedu
ineedyou
inesita
infamous
infante
infantry
infected
infernal
inferno
infierno
infinite
infiniti
infinito
infinitum
infinity
infinity1
inflames
informatica
information
infotech
ingeniera
ingenieria
ingeniero
inger
ingeras
ingerash
inglaterra
ingles
inglewood
ingoditrust
ingodwetrust
ingram
ingrid
iniciar
inicio
inimioara
initiald
inlove
inlove!
inlove07
inlove1
inlove13
inlove2
inlove3
inlove4
inmaculada
inmortal
innocence
innocent
innocent1
innova
inocente
inolvidable
insane
insane1
insanity
insert
inside
insight
insite
insomnia
insomniac
inspector
inspiracion
inspiration
inspire
inspiron
instant
insurance
intan
integra
integra1
integrity
intel
inteligencia
inteligente
intelinside
intelligent
intense
inter
interior
intermilan
internacional
international
internet
internet1
interpol
interzis
intheend
intocable
intrepid
intruder
intsik
inuyasha
inuyasha1
inuyasha12
inuyasha2
invader
invaderzim
inverness
invictus
invierno
invincible
invisible
invu4uraqt
inzaghi
ioana
ioanna
ioioio
iolanda
ionela
ionica
ionut
ionutz
ioriyagami
iphone
ipod123
ipodnano
ipswich
irais
irawan
ireland
ireland1
irene
irene1
irfan
irina
irinuca
irish
irish1
irishdancing
irlanda
irnbru
irock
irock!
irock1
irock123
irock2
irockyou
ironic
ironmaiden
ironman
ironman1
irreplaceable
irule
irvin
irvine
irving
isa123
isaac
isaac1
isaac123
isabel
isabel1
isabela
isabelita
isabell
isabella
isabella1
isabella2
isabelle
isabelle1
isadora
isagani
isaiah
isaiah1
isaiah2
isaias
isamar
isatkm
isaura
iseeyou
isela
ishmael
ishtar
isiah
isidro
iskandar
islam
islami
islamic
island
island1
islander
islanders
islandgirl
ismael
ismael1
ismail
ismell
isobel
israel
israel1
isreal
issac
issues
istanbul
istvan
isylzjko
itachi
itachi1
italia
italia1
italian
italian1
italiana
italiano
italy
italy1
ithurts
itisme
itsallaboutme
itsallgood
itsasecret
itsme
itsme1
itsmine
itsmylife
itsover
itsumo
ittybitty
itunes
itzayana
itzel
itzelita
iubesc
iubimeu
iubire
iubirea
iubireamea
iubita
iubitamea
iubitel
iubitica
iubitu
iubymeu
iulia
iulian
iuliana
iulica
ivan12
ivan123
ivana
ivancito
ivania
ivanna
ivanteamo
ivelisse
iverson
iverson03
iverson1
iverson3
iveth
ivette
ivonne
ivory
iwantu
iwantyou
iwashere
iwillsurvive
ixchel
iyakin
iyanna
iydgmvot
izabel
izabela
izabella
izabelle
izaiah
izzati
izzy123
j0nathan
j0rdan
j0shua
j12345
j123456
j1234567
j123456789
j3ssica
j4**9c+p
jabari
jabbar
jablay
jabroni
jacinda
jacinta
jacinto
jack
jack01
jack05
jack06
jack07
jack08
jack1
jack10
jack11
jack12
jack123
jack1234
jack13
jack2006
jack21
jack22
jack24
jackal
jackas
jackass
jackass1
jackass2
jackblack
jackdaniels
jackdog
jackeline
jackers
jacket
jackets
jackey
jacki
jackie
jackie1
jackie12
jackie123
jackie13
jackie2
jackie22
jackie3
jackie7
jackiechan
jackielyn
jackjack
jacklyn
jackman
jacko
jackoff
jackpot
jacks
jackson
jackson1
jackson2
jackson3
jackson4
jackson5
jackson7
jacksonville
jacksparrow
jackster
jacky
jacky1
jaclyn
jacob
jacob01
jacob04
jacob05
jacob06
jacob07
jacob08
jacob1
jacob11
jacob12
jacob123
jacob13
jacob14
jacob2
jacob22
jacob3
jacob4
jacob5
jacob7
jacoba
jacobb
jacobe
jacobi
jacobm
jacobo
jacobs
jacoby
jacque
jacqueline
jacquelyn
jacques
jacqui
jacquie
jada123
jadakiss
jade
jade01
jade07
jade1
jade10
jade11
jade12
jade123
jade13
jade21
jaded
jadejade
jaden
jaden1
jadey
jadore
jaeden
jaedyn
jaejae
jaejoong
jaelyn
jaelynn
jaffacake
jaffacakes
jagger
jagoda
jaguar
jaguar1
jaguares
jaguars
jaguars1
jahaira
jahbless
jaheim
jahjah
jahlove
jaiden
jaiden1
jaidyn
jaijai
jailbird
jailyn
jaimatadi
jaime
jaime1
jaimecamil
jaimee
jaimes
jaimie
jaimito
jaira
jairah
jairito
jairo
jairus
jajaja
jajajaja
jakarta
jake
jake01
jake05
jake06
jake07
jake08
jake1
jake10
jake11
jake12
jake123
jake1234
jake13
jake14
jake17
jake21
jake22
jake23
jake69
jakedog
jakejake
jakeline
jakers
jakes
jakey
jakey1
jakeyboy
jakjak
jakob
jakob1
jaleel
jaleesa
jalen
jalen1
jalisa
jalisco
jalisco1
jalissa
jaliyah
jalynn
jam123
jamaal
jamaica
jamaica1
jamaican
jamaika
jamaine
jamal
jamal1
jamall
jamar
jamar1
jamarcus
jamari
jamarion
jambos
jameel
jameela
jamel
jamel1
jamela
jamell
jamers
james
james!
james007
james01
james02
james03
james04
james05
james06
james07
james08
james09
james1
james10
james101
james11
james12
james123
james1234
james13
james14
james143
james15
james16
james17
james18
james19
james2
james20
james21
james22
james23
james24
james25
james26
james3
james4
james5
james6
james69
james7
james8
james9
jamesa
jamesb
jamesblunt
jamesbond
jamesbond007
jamesc
jamesd
jamesdean
jamese
jamesf
jamesg
jamesh
jamesha
jamesj
jamesjr
jamesk
jamesl
jameslee
jamesm
jameson
jamesp
jamesr
jamess
jamest
jamesw
jamesy
jamesyap
jamez
jamica
jamie
jamie01
jamie06
jamie07
jamie1
jamie11
jamie12
jamie123
jamie13
jamie14
jamie2
jamie22
jamie69
jamie7
jamieb
jamiec
jamied
jamiee
jamieh
jamiel
jamielee
jamieleigh
jamielynn
jamiem
jamiep
jamier
jamies
jamieson
jamiew
jamil
jamila
jamilah
jamilla
jamille
jamir
jamiroquai
jamison
jamjam
jamjar
jammer
jammers
jammie
jammin
jamming
jammy
jamrock
jamster
jan123
janae
janae1
janay
janaya
jancok
jandi
jane12
jane123
janeen
janeiro
janejane
janel
janela
janell
janella
janelle
janelle1
janessa
janet
janet1
janeth
janett
janette
jangan
jangjang
janica
janice
janice1
janie
janiel
janika
janina
janine
janine1
janis
janita
janiya
janiyah
janjan
janna
jannah
jannel
jannelle
jannet
janneth
jannette
jannie
jannine
janny
janrey
jansen
jansport
janssen
januar
januari
january
january1
january10
january11
january12
january13
january14
january15
january16
january17
january18
january19
january2
january20
january21
january22
january23
january24
january25
january26
january27
january28
january29
january3
january30
january31
january4
january5
january6
january7
january8
january9
janvier
janzen
japan
japan1
japanese
japhet
japjap
jaquan
jaquelin
jaqueline
jaramillo
jardin
jared
jared1
jared123
jaredleto
jareds
jarell
jaren
jareth
jarhead
jarjar
jarrad
jarred
jarrell
jarren
jarrett
jarrett1
jarrod
jarule
jarule1
jarvis
jarvis1
jas123
jaslyn
jasmin
jasmin1
jasmin3
jasmina
jasmine
jasmine01
jasmine05
jasmine06
jasmine07
jasmine08
jasmine1
jasmine10
jasmine11
jasmine12
jasmine123
jasmine13
jasmine15
jasmine2
jasmine21
jasmine22
jasmine23
jasmine3
jasmine4
jasmine5
jasmine6
jasmine7
jasmine8
jasmine9
jasmyn
jasmyne
jason
jason!
jason01
jason05
jason06
jason07
jason08
jason09
jason1
jason10
jason11
jason12
jason123
jason13
jason14
jason143
jason15
jason16
jason17
jason18
jason19
jason2
jason20
jason21
jason22
jason23
jason24
jason25
jason26
jason27
jason28
jason3
jason4
jason5
jason6
jason69
jason7
jasona
jasonb
jasonc
jasond
jasong
jasonh
jasonk
jasonkidd
jasonl
jasonlee
jasonm
jasonp
jasonr
jasons
jasont
jasonw
jasonx
jasper
jasper01
jasper1
jasper12
jasper123
jasper2
jassie
jasson
jassy
jastin
jastine
javier
javier1
javier12
javier13
javiera
javiercito
javierteamo
javion
javito
javon
javon1
javonte
jawbreaker
jaxon1
jaxson
jay
jay-ar
jay123
jayann
jayanne
jayar
jayare
jaybaby
jaybee
jaybird
jaybird1
jayboy
jaycee
jaycel
jaychou
jaycob
jayda
jaydan
jayde
jaydee
jayden
jayden01
jayden03
jayden04
jayden05
jayden06
jayden07
jayden08
jayden1
jayden12
jayden2
jayden3
jaydon
jayhawk
jayhawks
jayjay
jayjay1
jayjay123
jayjay2
jaykay
jayla
jayla1
jaylan
jaylee
jayleen
jaylen
jaylen1
jaylene
jaylin
jaylin1
jaylon
jaylord
jaylove
jaylyn
jaylynn
jayman
jaymar
jaymark
jayme
jaymee
jaymes
jaymie
jayne
jayne1
jaypee
jayron
jaysean
jaysen
jayson
jayson1
jaytee
jayvee
jayvon
jayzee
jayzel
jazel
jazlyn
jazmin
jazmin1
jazmine
jazmine1
jazmyn
jazmyne
jazper
jazz12
jazz123
jazzer
jazzie
jazzie1
jazzman
jazzmin
jazzmine
jazzy
jazzy01
jazzy1
jazzy11
jazzy12
jazzy123
jazzy13
jazzy14
jazzy2
jazzy7
jazzyb
jazzygirl
jazzyj
jb1234
jc4life
jcchasez
jchrist
jdavid
jealous
jean
jean12
jean123
jeancarlo
jeancarlos
jeanelle
jeanette
jeanette1
jeanie
jeanine
jeanjean
jeanmarie
jeanna
jeanne
jeanne1
jeannette
jeannie
jeannie1
jeannine
jeanny
jeanpaul
jeanpierre
jeans
jecjec
jeddah
jedidiah
jediknight
jedimaster
jedjed
jeepers
jeferson
jeff
jeff hardy
jeff12
jeff123
jeff24
jeffer
jefferson
jefferson1
jeffery
jeffery1
jeffgordon
jeffhardy
jeffhardy1
jeffjeff
jeffrey
jeffrey1
jeffry
jeffy
jefrey
jehova
jehovah
jehovah1
jeison
jejeje
jekjek
jelai
jelani
jelek
jelena
jelita
jellie
jello
jello1
jello123
jelly
jelly1
jelly123
jellybabies
jellybaby
jellybean
jellybean1
jellybeans
jellybelly
jellyfish
jellytot
jellytots
jelszo
jelyn
jemima
jemimah
jemjem
jemma
jemoeder
jemuel
jen123
jenalyn
jenell
jenelle
jenelyn
jengjeng
jenica
jenice
jenifer
jeniffer
jenilyn
jenina
jenine
jenise
jenjen
jenjen1
jenkins
jenkins1
jenmar
jenmark
jenn
jenn123
jenn1fer
jenn21
jenn5366
jenna
jenna1
jenna123
jennah
jennalyn
jennel
jennelyn
jenner
jenni
jenni1
jennica
jennie
jennie1
jennifer
jennifer1
jennifer12
jennifer123
jennifer13
jennifer14
jennifer2
jennifer3
jennifer5
jennifer7
jennifer8
jenniferlopez
jenniffer
jennilyn
jennings
jennjenn
jenny
jenny08
jenny1
jenny10
jenny11
jenny12
jenny123
jenny13
jenny14
jenny15
jenny16
jenny17
jenny18
jenny2
jenny21
jenny22
jenny23
jenny3
jenny5
jenny6
jenny7
jenny8
jennyb
jennyfer
jennylyn
jennyrose
jennys
jenova
jensen
jensenackles
jenson
jeorge
jepang
jepoy
jer2911
jerald
jeraldine
jeramie
jeramy
jerbear
jeremi
jeremiah
jeremiah1
jeremiah2911
jeremias
jeremie
jeremy
jeremy!
jeremy01
jeremy06
jeremy07
jeremy1
jeremy11
jeremy12
jeremy123
jeremy13
jeremy14
jeremy15
jeremy16
jeremy18
jeremy2
jeremy21
jeremy22
jeremy23
jeremy3
jeremy5
jeremy69
jeremy7
jeremy8
jeric
jerica
jericho
jerick
jerico
jeriel
jerika
jerimiah
jerjer
jerkface
jerkoff
jerlyn
jermain
jermaine
jermaine1
jermey
jeroen
jerold
jerome
jerome1
jeronimo
jerrell
jerrica
jerrick
jerrod
jerry
jerry1
jerry12
jerry123
jerry2
jerrylee
jerrys
jerryyan
jersey
jersey1
jerseygirl
jerson
jerusalem
jerusalen
jervie
jervin
jervis
jerwin
jesenia
jeshua
jesica
jesika
jesin
jesper
jess
jess05
jess06
jess07
jess08
jess11
jess12
jess123
jess1234
jess13
jess14
jess17
jess18
jess1ca
jess21
jess22
jess23
jessa
jessalyn
jessamae
jesse
jesse!
jesse01
jesse06
jesse1
jesse12
jesse123
jesse13
jesse14
jesse2
jesse21
jesse3
jesse7
jessee
jessejames
jessel
jessem
jessemccartney
jessenia
jesses
jessey
jessi
jessi1
jessic
jessica
jessica!
jessica.
jessica01
jessica06
jessica07
jessica08
jessica1
jessica10
jessica11
jessica12
jessica123
jessica13
jessica14
jessica15
jessica16
jessica17
jessica18
jessica19
jessica2
jessica21
jessica22
jessica23
jessica3
jessica4
jessica5
jessica6
jessica69
jessica7
jessica8
jessica9
jessicaalba
jessicas
jessie
jessie01
jessie1
jessie10
jessie11
jessie12
jessie123
jessie13
jessie2
jessie3
jessie7
jessik
jessika
jessjess
jesslyn
jessus
jessy
jessy1
jessyca
jester
jester1
jestoni
jesucristo
jesuis
jesus
jesus!
jesus#1
jesus.
jesus01
jesus03
jesus05
jesus06
jesus07
jesus08
jesus09
jesus1
jesus10
jesus101
jesus11
jesus12
jesus123
jesus13
jesus14
jesus143
jesus15
jesus16
jesus17
jesus18
jesus19
jesus2
jesus2007
jesus21
jesus22
jesus23
jesus24
jesus25
jesus3
jesus33
jesus4
jesus4ever
jesus4life
jesus4me
jesus5
jesus6
jesus7
jesus77
jesus777
jesus8
jesus88
jesus9
jesusa
jesusc
jesuschrist
jesuscristo
jesusesamor
jesusfreak
jesusgod
jesusis
jesusis#1
jesusis1
jesusislord
jesusislove
jesusito
jesuslives
jesuslove
jesusloveme
jesuslover
jesusloves
jesuslovesme
jesuslovesyou
jesusm
jesusmeama
jesusrocks
jesusrox
jesusrules
jesuss
jesussaves
jesusteama
jesusteamo
jesusvive
jetaime
jeter
jeter02
jeter1
jeter2
jethro
jetjet
jetlee
jetplane
jetski
jetta
jetta1
jewel
jewel1
jewell
jewelry
jewels
jewels1
jewelz
jewish
jezabel
jezebel
jezreel
jezzie
jhade
jhajha
jhames
jhane
jhanine
jhanna
jhayar
jhaycee
jhayem
jhayjhay
jhayne
jhayr
jhayson
jhean
jhejhe
jhelai
jheng
jhenjhen
jhenn
jhenna
jhenny
jheny
jhepoy
jherome
jhessa
jhing
jhoan
jhoana
jhoane
jhoann
jhoanna
jhoanne
jhoel
jhojho
jhomar
jhona
jhonas
jhonatan
jhonathan
jhoncena
jhoncito
jhonel
jhong
jhonjairo
jhonjhon
jhonna
jhonny
jhonteamo
jhony
jhordan
jhoyce
jhune
jhunjhun
ji394su3
jianne
jiejie
jigga
jigga1
jiggaman
jigger
jiggles
jigglypuff
jigsaw
jihoo
jijiji
jillian
jillian1
jilly
jillybean
jimbeam
jimbo
jimbo1
jimbob
jimbob1
jimboy
jimena
jimenez
jimenita
jimihendrix
jimjam
jimjim
jimjones
jimmie
jimmie1
jimmie48
jimmorrison
jimmy
jimmy07
jimmy1
jimmy11
jimmy12
jimmy123
jimmy13
jimmy2
jimmy3
jimmy5
jimmy69
jimmy7
jimmyb
jimmyboy
jimmyd
jimmys
jimson
jimuel
jingga
jingjing
jingky
jingle
jinglebells
jingles
jinjin
jinky
jirafa
jiraporn
jireh
jitterbug
jizzle
jj1234
jjj123
jjjjj
jjjjjj
jjjjjjj
jjjjjjjj
jjjjjjjjjj
jkjkjk
jkl123
jkljkl
jlopez
jm1234
jmarie
jmjmjm
jmoney
jmoney1
joachim
joana
joane
joanie
joaninha
joanita
joann
joann1
joanna
joanna1
joanne
joanne1
joaopedro
joaozinho
joaquim
joaquin
jobbie
jobbies
jobelle
jobert
jobros
jocel
jocelin
jocelyn
jocelyn1
jocelyne
jocelynn
jocker
jockey
jodeci
joder
jodete
jodie
jodie1
jodie123
joe
joe123
joebert
joebob
joeboxer
joeboy
joecole
joecool
joejoe
joejoe1
joejonas
joejonas1
joel
joel11
joel12
joel123
joel15
joel23
joelito
joella
joelle
joelmadden
joelteamo
joelyn
joemama
joemar
joemel
joepie
joesph
joey
joey01
joey06
joey07
joey1
joey101
joey11
joey12
joey123
joey1234
joey13
joey14
joey16
joey21
joey23
joey69
joeyboy
joeyjoey
jogabonito
jogjakarta
johan
johana
johanita
johann
johanna
johanna1
johanne
johannes
johanny
johara
johari
john
john cena
john01
john06
john07
john08
john1
john10
john11
john12
john123
john1234
john13
john14
john143
john15
john16
john17
john18
john19
john20
john21
john22
john23
john24
john25
john26
john316
john3:16
john69
johnathan
johnathan1
johnathon
johnboy
johncarlo
johncena
johncena1
johncena12
johncena2
johncena54
johndavid
johndeer
johndeere
johndeere1
johndoe
johneric
johnjohn
johnjohn1
johnlee
johnlennon
johnmark
johnmayer
johnmichael
johnna
johnnie
johnny
johnny1
johnny12
johnny123
johnny13
johnny2
johnny3
johnny4
johnny5
johnny69
johnny7
johnnyboy
johnnyd
johnnydepp
johnpaul
johnray
johnrey
johns
johnsmith
johnson
johnson1
johnston
johnterry
johnwayne
johny
joice
joijoi
joiner
joints
jojo
jojo1
jojo11
jojo12
jojo123
jojo13
jojo14
jojo15
jojo22
jojo23
jojoba
jojojo
jojojojo
joker
joker1
joker12
joker123
joker13
joker5
joker69
jokers
jokerz
joking
jokjok
jolanda
joleen
jolene
jolie
jolina
jollibee
jolly
jolly1
jollyrancher
jologs
jomama
jomar
jomari
jomarie
jomark
jomary
jomblo
jomel
jomer
jon123
jonah
jonah1
jonald
jonalyn
jonard
jonas
jonas brothers
jonas1
jonas12
jonas123
jonas3
jonasb
jonasbrothers
jonatan
jonathan
jonathan01
jonathan1
jonathan11
jonathan12
jonathan13
jonathan16
jonathan2
jonathan21
jonathan22
jonathan3
jonathan7
jonathanteamo
jonathon
jonathon1
jonbonjovi
jonboy
jondavis
jonel
jonell
jonelle
jones
jones1
jonesy
jongjong
jonhcena
jonjon
jonjon1
jonna
jonnel
jonnie
jonny
jonny1
jonny5
jonnyboy
jonnydepp
joojihoon
jopay
joplin
jordan
jordan!
jordan00
jordan01
jordan02
jordan03
jordan04
jordan05
jordan06
jordan07
jordan08
jordan1
jordan10
jordan101
jordan11
jordan12
jordan123
jordan13
jordan14
jordan15
jordan16
jordan17
jordan18
jordan2
jordan20
jordan21
jordan22
jordan23
jordan24
jordan25
jordan3
jordan4
jordan45
jordan5
jordan6
jordan7
jordan8
jordan9
jordan97
jordan98
jordan99
jordana
jordans
jorden
jordi
jordie
jordin
jordison
jordon
jordy
jordy1
jordyn
jordyn1
jorge
jorge1
jorge123
jorge13
jorgea
jorgel
jorgeluis
jorges
jorgeteamo
jorgito
joross
josafat
jose
jose01
jose07
jose1
jose10
jose11
jose12
jose123
jose1234
jose13
jose14
jose15
jose16
jose17
jose18
jose19
jose20
jose21
jose22
jose23
jose24
jose69
josealberto
joseandres
joseangel
joseantonio
josecarlos
josecito
josedaniel
josedavid
josef
josefa
josefina
josefine
josejose
josejuan
josel
joselin
joseline
joselito
joselle
joselo
joseluis
joseluis1
joselyn
josema
josemanuel
josemaria
josemiguel
josep
josepablo
joseph
joseph01
joseph08
joseph1
joseph11
joseph12
joseph123
joseph13
joseph14
joseph15
joseph18
joseph2
joseph21
joseph23
joseph3
joseph4
joseph5
joseph6
joseph7
josephine
josephine1
josesito
joseteamo
josette
josh
josh01
josh04
josh05
josh06
josh07
josh08
josh1
josh10
josh101
josh11
josh12
josh123
josh1234
josh13
josh14
josh143
josh15
josh16
josh17
josh18
josh19
josh21
josh22
josh23
josh24
josh69
joshie
joshishot
joshjosh
joshua
joshua!
joshua01
joshua02
joshua03
joshua04
joshua05
joshua06
joshua07
joshua08
joshua09
joshua1
joshua10
joshua11
joshua12
joshua123
joshua13
joshua14
joshua15
joshua16
joshua17
joshua18
joshua19
joshua2
joshua21
joshua22
joshua23
joshua24
joshua25
joshua3
joshua4
joshua5
joshua6
joshua69
joshua7
joshua8
joshua9
joshua99
joshy
joshy1
josiah
josiah1
josias
josie
josie1
josimar
joslyn
josselin
josselyn
jossie
jossy
jostin
josua
josue
josue1
josueteamo
joujou
jourdan
journal
journey
journey1
jovan
jovana
jovani
jovanie
jovanna
jovanni
jovanny
jovany
jovel
jovelle
jovelyn
joven
jovenes
jovial
jovie
jovita
jovito
jowell
joy123
joyann
joyanne
joyce
joyce1
joyceann
joycee
joyces
joycute
joyful
joyful1
joyjoy
joylyn
joyride
jr1234
juan
juan1
juan10
juan12
juan123
juan13
juan14
juan15
juan21
juan22
juan23
juan316
juana
juana1
juanandres
juanantonio
juanca
juancamilo
juancarlos
juanchito
juancho
juancito
juanda
juandavid
juandiego
juanes
juanesteban
juanfer
juanis
juanita
juanita1
juanito
juanito1
juanjo
juanjose
juank
juanka
juanluis
juanma
juanmanuel
juanmiguel
juanpa
juanpablo
juanpi
juanse
juansebastian
juanteamo
juaquin
juarez
jubilee
jubjang
jubjub
judelaw
judith
judith1
judson
judyann
juegos
juelz
juelz1
jugador
juggalette
juggalo
juggalo1
juggalo420
jughead
juice
juice1
juicebox
juicey
juicy
juicy1
juicy123
juicy2
juicyfruit
juicyj
jujubean
jujubee
jujuju
jukebox
jules
jules1
julia
julia1
julia123
julian
julian1
julian12
juliana
juliana1
juliane
julianita
juliann
julianna
julianna1
julianne
juliano
julias
julie
julie1
julie123
julieann
julieanne
julien
julienne
julies
juliet
juliet1
julieta
julieth
juliette
julio
julio1
julio12
julio123
julio13
julio16
julioc
juliocesar
julios
julioteamo
julisa
julissa
julissa1
julita
julito
julius
julius1
jullian
july
july01
july02
july03
july04
july05
july06
july07
july08
july09
july10
july11
july12
july13
july14
july15
july16
july17
july18
july19
july20
july2006
july21
july22
july23
july24
july25
july26
july27
july28
july29
july30
july31
july4th
july88
julybaby
jumanji
jumbo
jumong
jumper
jumpin
jumping
jumpman
jumpman23
jumprope
junaid
june
june01
june02
june03
june04
june05
june06
june07
june08
june09
june10
june11
june12
june13
june14
june15
june16
june17
june18
june19
june1980
june1985
june1987
june1989
june1990
june1992
june1993
june1995
june20
june2005
june2006
june2007
june2008
june21
june22
june23
june24
june25
june26
june27
june28
june29
june30
june89
juneau
junebaby
junebug
junebug1
junejune
jungle
jungle1
junie
juninho
junio
junior
junior01
junior05
junior06
junior07
junior08
junior1
junior10
junior11
junior12
junior123
junior13
junior14
junior15
junior16
junior17
junior18
junior2
junior21
junior22
junior23
junior3
junior4
junior5
junior6
junior69
junior7
junior8
junior88
juniors
juniper
junito
junjie
junjun
junkfood
junkie
junkmail
junkyard
junmar
junpyo
junrey
juntos
jupanu
jupiter
jupiter1
jurado
jurgen
just me
just1n
just4fun
just4me
just4u
just4you
justagirl
justdance
justdoit
justen
justforfun
justforme
justice
justice1
justicia
justified
justin
justin!
justin00
justin01
justin02
justin03
justin04
justin05
justin06
justin07
justin08
justin09
justin1
justin10
justin11
justin12
justin123
justin13
justin14
justin15
justin16
justin17
justin18
justin19
justin2
justin20
justin21
justin22
justin23
justin24
justin25
justin27
justin3
justin4
justin5
justin6
justin69
justin7
justin8
justin88
justin9
justin99
justina
justine
justine1
justino
justinrt
justint
justintimberlake
justkidding
justlove
justme
justme1
justme2
justus
justus2
justyn
juvelyn
juvenal
juvenile
juventud
juventus
juwita
juztin
juztine
k-swiss
k12345
k123456
k123456789
kabayo
kaboom
kabouter
kabuto
kacamata
kacang
kacey
kaching
kacie
kadeem
kaden
kaden1
kadence
kadian
kaelyn
kagandahan
kagome
kagome1
kahitano
kahlil
kahlua
kahne9
kahuna
kahurangi
kaibigan
kaiden
kaiden1
kaikai
kaila
kailee
kailey
kailey1
kailyn
kainoa
kaiser
kaiser1
kaisha
kaitlin
kaitlin1
kaitlyn
kaitlyn1
kaitlynn
kaiviti
kaizen
kaizer
kaka22
kakaka
kakarot
kakaroto
kakashi
kakashi1
kakay
kakita
kaklong
kaktus
kal-el
kalabaw
kalamazoo
kalani
kalbo
kaleb
kaleb1
kaleido
kaleidostar
kaleigh
kalel
kaley
kalimba
kalimera
kalina
kalita
kaliyah
kallie
kallum
kalpana
kalvin
kalynn
kamal
kamala
kamandag
kamara
kamari
kamarul
kamasutra
kamatayan
kambal
kambing
kamehameha
kamenashi
kamera
kameron
kameron1
kamikaze
kamikazee
kamil
kamila
kamilah
kamilla
kamille
kamilo
kamiseta
kamkam
kamote
kampret
kampung
kamran
kamron
kamryn
kaname
kanani
kanata
kanchana
kancil
kancut
kandace
kandi
kandice
kandie
kandy
kandy1
kane123
kangaroo
kangaroos
kangen
kangkang
kangkong
kangta
kanika
kanisha
kankan
kannan
kannika
kanokwan
kansas
kansas1
kantot
kantutan
kanuka
kanyewest
kaori
kapamilya
kapatid
kapitan
kappa
kapuso
kara
karachi
karamel
karamelo
karaoke
karaoke1
karate
karate1
karatedo
karateka
karatekid
kardon
karebear
kareem
kareem1
kareen
kareena
karel
karem
karen
karen1
karen12
karen123
karen13
karen18
karen2
karena
karenc
karencita
karenina
karenjoy
karenm
karenn
karens
karensita
karenteamo
karim
karima
karime
karin
karina
karina1
karina12
karina123
karinateamo
karine
karinita
karis
karisa
karishma
karisma
karissa
karissa1
karita
karito
karizma
karkar
karla
karla1
karla12
karla123
karlas
karlateamo
karlee
karlene
karley
karlie
karlis
karlita
karlitos
karlo
karlos
karloz
karly
karma
karma1
karmen
karol
karola
karolina
karoline
karren
karrie
karson
kartel
karthik
kartika
karting
karuna
karylle
karyna
kasabian
kasandra
kasey
kasey1
kasey9
kaseykahne
kashif
kashmir
kasia
kasper
kassandra
kassandra1
kassidy
kassie
kassie1
kassy
kasumi
kat123
katalin
katalina
katana
katara
katarina
kate
kate12
kate123
katekate
katelin
katelyn
katelyn1
katelynn
katelynn1
kateri
katerin
katerina
katerine
katharina
katharine
kathe
katherin
katherine
katherine1
katheryn
kathia
kathie
kathleen
kathleen1
kathlene
kathlyn
kathmandu
kathrina
kathrine
kathryn
kathryn1
kathy
kathy1
kathy123
kathya
katia
katica
katie
katie01
katie07
katie1
katie10
katie11
katie12
katie123
katie13
katie14
katie16
katie2
katie22
katie23
katie3
katie4
katie5
katie7
katieann
katieb
katiebug
katiebug1
katiec
katied
katieh
katiej
katiek
katielou
katiem
katies
katika
katina
katita
katiuska
katkat
katlin
katlyn
katlyn1
katorse
katorze
katrice
katrin
katrina
katrina1
katrine
katten
kattie
katty
katy123
katya
katyta
kaulitz
kavita
kawai
kawaii
kawasaki
kawasaki1
kawika
kay123
kayann
kaycee
kaydee
kayden
kayden1
kaydence
kayjay
kaykay
kaykay1
kaykay2
kayla
kayla01
kayla04
kayla05
kayla06
kayla07
kayla08
kayla1
kayla10
kayla11
kayla12
kayla123
kayla13
kayla14
kayla2
kayla3
kayla4
kayla5
kayla6
kayla7
kaylab
kaylah
kaylam
kaylamarie
kaylan
kaylas
kaylee
kaylee1
kaylee2
kaylee3
kayleen
kayleigh
kayleigh1
kaylen
kaylene
kayley
kaylie
kaylie1
kaylin
kaylyn
kaylynn
kaysha
kaytee
kazama
kazekage
kazuki
kazuma
kazumi
kazuya
keagan
kealoha
keandre
keane
keane16
keanna
keanne
keanu
kearney
keating
keaton
kediri
keebler
keegan
keegan1
keekee
keekee1
keelan
keeley
keely
keenan
keeper
keeper1
keepitreal
keepout
keepout1
keepsmiling
keesha
keikei
keiko
keila
keira
keira1
keiran
keiron
keisha
keisha1
keith
keith1
keith12
keith123
keith2
keiths
keithurban
keithy
kekasih
kekasihku
keke12
keke123
keke13
keke14
kelantan
kelbel
kelcie
kelinci
kelisa
kelita
kelkel
kellbell
kellen
keller
kelley
kelley1
kelli
kelli1
kellie
kellie1
kellogs
kelly
kelly1
kelly11
kelly12
kelly123
kelly13
kelly2
kelly22
kelly3
kelly7
kellyann
kellyanne
kellyb
kellyc
kellyclarkson
kellym
kellymarie
kellys
kelsea
kelsey
kelsey1
kelsey123
kelsi
kelsie
kelsie1
kelso
kelston
kelton
keluarga
kelvin
kelvin1
kemar
kembar
ken123
kendal
kendall
kendall1
kendell
kendra
kendra1
kendrick
keneth
kengkeng
kenia
kenisha
kenji
kenjie
kenken
kenna
kennedi
kennedy
kennedy1
kennet
kenneth
kenneth1
kenney
kennie
kennwort
kenny
kenny1
kenny12
kenny123
kenny2
kenny21
kenny7
kennyc
kennychesney
kennyg
kennys
kenrick
kenroy
kenshi
kenshin
kensington
kenton
kentoy
kentrell
kentucky
kentucky1
kentut
kenvelo
kenwood
kenworth
kenya
kenya1
kenyatta
kenyon
kenzhu
kenzie
kenzie1
kenzo
keparat
kerching
keren
kerenz
kereta
kerly
kermit
kermit1
keropi
keroppi
kerplunk
kerrang
kerri
kerrie
kerry
kerry1
kerryann
kerryanne
kerstin
kervin
kerwin
kesha
keshawn
keshia
kessler
kester
ketchup
kettle
kevin
kevin!
kevin01
kevin05
kevin06
kevin07
kevin08
kevin1
kevin10
kevin11
kevin12
kevin123
kevin13
kevin14
kevin143
kevin15
kevin16
kevin17
kevin18
kevin2
kevin21
kevin22
kevin23
kevin24
kevin25
kevin3
kevin4
kevin5
kevin6
kevin69
kevin7
kevina
kevinb
kevinc
kevincito
kevind
kevine
keving
kevinh
kevinj
kevinjonas
kevink
kevinm
kevinn
kevinr
kevins
kevinteamo
kewell
keyana
keyanna
keyblade
keyboard
keyboard1
keykey
keyla
keyona
keyonna
keysha
keyshawn
keyshia
keystone
keywest
keyword
keziah
khadija
khadijah
khairi
khairul
khaled
khalid
khalil
khalil1
khalsa
kharen
kharla
khate
khatorze
khaycee
khaye
khevin
khikay
khimberly
khimmy
khinze
khristine
khulet
khuletz
khushi
kia123
kiakia
kiana
kiana1
kianegan
kianna
kianne
kiaora
kiara
kiara1
kiaras
kiarita
kiarra
kibbles
kickass
kickass1
kickboxer
kickboxing
kickbutt
kicker
kickers
kickflip
kickit
kickme
kicsim
kid123
kid1412
kiddie
kiddos
kidlat
kidman
kidney
kidrock
kidrock1
kids02
kids03
kids04
kids123
kids1234
kiduxa
kiefer
kiekeboe
kiekie
kiera
kiera1
kieran
kieran1
kieren
kieron
kierra
kiersten
kierstin
kiesha
kijang
kikas
kikay
kikays
kikayz
kiketeamo
kiki
kiki06
kiki07
kiki08
kiki1
kiki10
kiki11
kiki12
kiki123
kiki13
kiki14
kiki15
kiki22
kiki23
kikiki
kikikiki
kikilala
kikin
kikina
kiking
kikinha
kikinho
kikiriki
kikis
kikita
kikito
kikker
kikokiko
kikumaru
kilabot
kilala
kildare
kiley
kilkenny
kill123
killa
killa1
killa12
killa2
killacam
killah
killak
killall
killas
killaz
killbill
killbill2
killeen
killemall
killer
killer01
killer1
killer101
killer11
killer12
killer123
killer13
killer2
killer22
killer23
killer3
killer4
killer5
killer6
killer666
killer69
killer7
killer9
killer99
killerbee
killerman
killers
killers1
killersmile
killerwhale
killian
killie
killing
killjoy
killkill
killme
killme1
killme2
killmenow
killswitch
killua
killyou
killzone
kilmarnock
kiluwa
kim
kim123
kimani
kimba
kimball
kimber
kimberlee
kimberley
kimberli
kimberly
kimberly1
kimberly2
kimbo
kimbo1
kimbum
kimchi
kimchiu
kimchui
kimcute
kimera
kimerald
kimiko
kimkibum
kimkim
kimmer
kimmi
kimmie
kimmie1
kimmy
kimmy1
kimone
kimono
kimora
kimpossible
kimpot
kimpoy
kimsamsoon
kimura
kincsem
kinder
kinderen
kindly
kindness
king
king01
king07
king08
king09
king1
king10
king11
king12
king123
king13
king15
king21
king22
king23
kinga
kingbilly
kingcobra
kingdom
kingdom1
kingdomhearts
kinger
kingfisher
kingjames
kingking
kingkong
kingkong1
kinglove
kingman
kingofkings
kingpin
kings
kings1
kingsley
kingston
kingston1
kingswood
kingtut
kinkin
kinky
kinky1
kinky69
kinley
kinomoto
kinsey
kipling
kipper
kipper1
kira123
kiran
kirana
kirara
kirayamato
kirby
kirby1
kirkland
kirkwood
kirsten
kirsten1
kirstie
kirstin
kirsty
kirsty1
kirsty123
kirstyn
kisha
kishan
kismet
kiss
kiss me
kiss100
kiss12
kiss123
kiss13
kiss69
kissable
kissass
kissed
kisser
kisses
kisses!
kisses01
kisses1
kisses12
kisses123
kisses13
kisses2
kisses21
kisses3
kisses4u
kisses5
kisses7
kissez
kissie
kissing
kissit
kisskiss
kisskiss1
kissm3
kissme
kissme!
kissme1
kissme12
kissme123
kissme2
kissme3
kissme69
kissme7
kissmebaby
kissmenow
kissmyass
kissmyass1
kissmyass2
kisss
kissthis
kissy
kissy1
kissyou
kit-kat
kitana
kitcat
kitchen
kitchie
kitkat
kitkat1
kitkat12
kitkit
kitsune
kitten
kitten01
kitten1
kitten12
kitten123
kitten2
kitten3
kitten6
kitten7
kittens
kittens1
kittens2
kitti
kittie
kittie1
kitties
kittin
kitty
kitty!
kitty01
kitty06
kitty07
kitty08
kitty1
kitty10
kitty101
kitty11
kitty12
kitty123
kitty13
kitty14
kitty15
kitty16
kitty17
kitty2
kitty21
kitty22
kitty23
kitty24
kitty3
kitty4
kitty5
kitty6
kitty69
kitty7
kitty8
kitty9
kittycat
kittycat1
kittycat2
kittycats
kittygirl
kittykat
kittykat1
kittykitty
kittys
kittyy
kiwi123
kiwifruit
kiwikiwi
kizomba
kizzie
kizzy
kizzy1
kk1234
kkk123
kkkkk
kkkkkk
kkkkkkk
kkkkkkkk
kkkkkkkkkk
klapaucius
klaudia
kleber
kleenex
kleopatra
klklkl
klondike
klootzak
klopklop
kmarie
kmila
kmilo
kmk420
kmoney
kmzwa8awaa
knickers
knicks
knight
knight1
knights
knights1
knives
knockers
knockout
knorretje
knowledge
knowles
knoxville
knuckles
knuffel
koala
koalabear
koalas
kobe
kobe08
kobe24
kobebryant
kochamcie
kochanie
kodabear
kodak
kodak1
kodiak
kodok
koffie
koibito
koikoi
kokakola
koketa
kokey
kokito
kokoko
kokomo
kokong
kokoro
koliko
kolokoy
kolton
komang
komodo
komputer
konami
kondom
kongkong
konichiwa
konijn
konner
konnichiwa
konoha
konrad
kontol
konvict
kookai
kookie
kookie1
kookkai
kookoo
kool
kool-aid
kool12
kool123
koolaid
koolaid1
koolbeans
koolcat
kooldude
koolgirl
koolie
koolies
koolio
koolkat
koolkid
koolkool
koolness
korazon
korea
korean
korey
korina
korn123
korn666
kornkorn
kortney
kosita
kosmos
kosong
kosova
kosovo
kostas
koukla
koukou
kourtney
koykoy
kracker
kraken
kramer
kramer1
kratos
krayzie
krazie
krazy
krazy1
kricket
kring
kringkring
kris
kris10
krish
krisha
krishna
krisna
krispy
kriss
krissa
krissie
krissy
krissy1
krista
krista1
kristal
kristan
kristel
kristelle
kristen
kristen1
kristi
kristian
kristie
kristin
kristin1
kristina
kristina1
kristine
kristofer
kristoffer
kristopher
kristus
kristy
kristy1
kristyn
krizel
krizelle
krizia
krizza
krizzia
krizzy
krlos
kroger
krokodil
krolina
kronic
kronik
kronos
krusty
krypton
kryptonite
krysta
krystal
krystal1
krystel
krysten
krystina
krystle
krystyna
kswiss
ktbspa
ktm125
kucing
kucingku
kudai
kukkik
kulangot
kulasa
kulet
kulets
kuletz
kulit
kulits
kulitz
kulot
kulots
kulotz
kumar
kumari
kumbiakings
kumiko
kungfu
kuning
kunyuk
kupal
kupalka
kupals
kurakura
kurama
kurapika
kurdistan
kurimaw
kurnia
kurniawan
kurosaki
kurtcobain
kurtis
kusanagi
kusjes
kusuma
kuting
kuuipo
kuvhlubkoj
kuwait
kuyako
kwame
kwang
kwatro
kyle
kyle01
kyle06
kyle07
kyle1
kyle10
kyle11
kyle12
kyle123
kyle13
kyle14
kyle16
kyle21
kyle22
kyle23
kylee
kylee1
kyleigh
kyleigh1
kyler
kylie
kylie1
kymani
kymberly
kyocera
kyutako
kyuubi
l0v3m3
l0vely
l0veme
l0vers
l12345
l123456
l1verp00l
l1verpool
l6fmujiyd
laalaa
laamistad
laarni
lababy
labeba
labebe
labebita
labella
labelle
lablab
labonita
laboratorio
labrador
labsko
labtec
labyah
labyou
labyrinth
lacangri
lacey
lacey1
lachelle
lachica
lachina
lachlan
lachula
lacie
lacika
lacoste
lacoste1
lacramioara
lacrima
lacrimosa
lacrosse
lacrosse1
lacson
lacunacoil
ladder
ladder49
laddie
ladeda
ladida
ladies
ladiesman
ladiva
ladivina
ladonna
lady
lady01
lady11
lady12
lady123
lady13
lady21
lady22
lady23
ladybird
ladyblue
ladybug
ladybug01
ladybug1
ladybug12
ladybug13
ladybug2
ladybug3
ladybug5
ladybug7
ladybug8
ladybugs
ladycute
ladydog
ladygaga
ladygirl
ladyheart
ladyinred
ladyjane
ladylady
ladylove
ladyluck
ladylyn
ladypink
ladyred
laetitia
lafamilia
lafayette
lafferty
laffytaffy
laflaca
laflaka
lafresa
lagartija
lagarto
lagata
lagatita
lagoon
lagorda
lagrimas
laguna
laguna1
lagunabeach
lahore
laika
laila
laila1
lailah
lailai
laine
lainey
laisha
laiza
lakeisha
lakeland
lakers
lakers08
lakers1
lakers23
lakers24
lakers32
lakers7
lakers8
lakeside
lakeview
lakewood
lakisha
laklak
lakota
lakshmi
lala
lala01
lala06
lala1
lala11
lala12
lala123
lala1234
lala13
lala14
lala15
lala16
lala21
lala22
lala23
lalabs
lalaine
lalakers
lalal
lalala
lalala!
lalala1
lalala123
lalala2
lalala3
lalalala
lalalalala
lalaland
lalang
lalinda
laling
lalis
lalita
lalito
laloca
laloca1
lalocura
laloka
lalokita
lalola
lalos
laloteamo
laluna
lamami
lamar
lamar1
lamaravilla
lamarr
lamasbella
lamasbonita
lamaslinda
lambchop
lambda
lambert
lambo
lambofgod
lamborghini
lambretta
lambrini
lamejor
lamenor
lamine
lamisma
lamona
lamont
lamont1
lamonte
lamorena
lamour
lampara
lampard
lampard08
lampard1
lampard8
lamppost
lampshade
lampung
lamuerte
lanalang
lancaster
lance
lance1
lancebass
lancelot
lancer
lancer1
lancers
landen
landen1
lander
landmark
lando
landon
landon06
landon1
landon2
landrover
landry
landyn
lanegra
lanena
lanena1
lanenita
lanette
laney
langer
langga
langging
langit
langlang
langley
langston
language
lanie
lanier
lanina
lanlan
lansing
lantis
lanuza
lanzarote
lapicero
laplaya
laprincesa
laptop
laptop1
laputa
laquan
laracroft
laranja
laraza
larcenciel
larebelde
laredo
lareina
larisa
larissa
larissa1
larita
lariza
larkin
larosa
larry
larry1
larryboy
larrys
larsen
larson
larsson
larsson7
laruku
lasagna
lasalle
lasdivinas
lasexy
lashae
lashae1
lashaun
lashawn
lashawn1
lashay
lashay1
lashea
lashell
lashelle
lashley
lashon
lashonda
lashorty
lashun
lasirenita
lassie
lassie1
lastikman
lasvegas
lasvegas1
latanya
latasha
later
latifa
latifah
latin
latin1
latina
latina1
latina12
latina13
latina15
latina2
latinking
latinlover
latino
latino1
latinoheat
latinos
latisha
latitude
latonya
latoya
latoya1
latrell
latrice
latrice1
laugh
laughing
laughs
laughter
laulau
laundry
launica
launika
laura
laura01
laura1
laura11
laura12
laura123
laura13
laura14
laura16
laura2
laura5
lauraa
laurab
laurac
laurag
laurah
lauralee
lauram
laurap
lauras
laurateamo
laureen
laurel
lauren
lauren01
lauren06
lauren07
lauren08
lauren1
lauren10
lauren11
lauren12
lauren123
lauren13
lauren14
lauren16
lauren2
lauren21
lauren22
lauren3
lauren4
lauren5
lauren6
lauren7
laurence
laurent
laurente
laurentiu
lauri
laurice
laurie
laurie1
lauris
laurita
lauryn
lavalamp
lavander
lavell
lavelle
lavendar
lavender
lavender1
lavern
laverne
lavida
lavidaesbella
lavidaloca
lavigne
lavina
lavinia
lavonne
lawlaw
lawless
lawrence
lawrence1
lawson
lawton
lawyer
laydee
layla
layla1
laylah
laylay
laylay1
layne
layton
layzie
lazaro
lazarus
lazyboy
lazytown
leader
leadership
leafar
leah
leah12
leah123
leahcim
leahmarie
lealea
leana
leander
leandra
leandro
leann
leann1
leanna
leanna1
leanne
leanne1
leapfrog
learning
learsi
leather
leavemealone
leaves
lebanon
lebasi
lebron
lebron23
lebronjames
leche
lechuga
leciram
ledesma
ledzep
ledzeppelin
lee123
leeann
leeann1
leeanna
leeanne
leeds
leeds1
leedsfc
leedsunited
leedsutd
leehom
leejunki
leelee
leelee1
leeloo
leeminho
leena
leepipes
leeroy
leeryan
lefteye
lefty
legacy
legaspi
legend
legend1
legendary
legendkiller
legends
legion
legoland
legolas
legolas1
lehcar
leicester
leidy
leigh
leigh1
leigh123
leigha
leighann
leighanne
leighton
leila
leila1
leilani
leilani1
leilei
leinad
leiram
leirbag
leisha
leito
leizel
lekker
lekkerding
leklek
lelaki
leland
leland1
lelouch
lemmings
lemmor
lemon
lemon1
lemonade
lemonade1
lemondrop
lemonhead
lemonlime
lemonpie
lemons
lemons1
lemontree
lemony
lemuel
lenard
lengleng
lengua
lenin
leninha
lenita
lenlen
lennie
lennon
lennon1
lennox
lenny
lenny1
lenora
lenore
lenovo
lentes
lenuta
leo123
leoaica
leogirl
leoleo
leolion
leomar
leona
leonard
leonard1
leonardo
leonardo1
leonas
leoncio
leoncita
leoncito
leonel
leonela
leones
leonhart
leonheart
leonidas
leonie
leonila
leonor
leonora
leopard
leopard1
leopardo
leopards
leopold
leopoldo
leoteamo
lepotica
leprechaun
lerolero
leroy
leroy1
lesbian
lesbian1
lesbiana
lesbians
leslee
lesley
lesli
leslie
leslie1
lesly
leslye
lespaul
lespaul1
lestari
lestat
lestat1
lester
lester1
lethal
leticia
leticia1
letitbe
letitia
letlet
letme1n
letmein
letmein!
letmein1
letmein123
letmein2
letmeinnow
letran
letras
lets you update your funnotes and more!
letsgo
letsrock
letter
letters
lettuce
letty
leugim
leumas
leunam
level27
levelup
levente
leviatan
leviathan
levis
lewis
lewis1
lewis123
lexi
lexi12
lexi123
lexie
lexie1
lexington
lexis
lexmark
lexmark1
lexter
lexus
lexus1
leydi
leyla
leyley
leyton
lfc123
lfc4eva
lfc4life
lhady
lhanie
lhenlhen
lhynne
liagiba
liahona
lialia
liam123
liana
lianna
lianne
liarliar
libbie
libby
libby1
libelula
liberdade
liberia
libertad
libertate
liberte
libertine
liberty
liberty1
libido
libra
libra1
libragirl
libran
library
libras
libre
libros
licenciada
lichita
licious
licker
lickit
lickme
lickme1
licorice
licurici
lidia
liebe
lieben
liefde
lietuva
lieverd
liezel
liezl
life
life101
life123
lifegoeson
lifeguard
lifehouse
lifeisgood
lifeless
lifeline
liferocks
lifesabitch
lifesaver
lifestyle
lifesucks
lifesucks1
lifesux
lifesux1
lifetime
ligacampeon
ligaya
light
light1
lightblue
lightbulb
lighter
lighthouse
lighting
lightning
lightning1
lights
lightsaber
ligia
likeme
likemike
likeomg
likewhoa
likeyou
lil123
lilac
lilace
lilacs
lilangel
lilangel1
lilant
lilbabe
lilbaby
lilbear
lilbit
lilbit1
lilbitch
lilblack
lilboo
lilboosie
lilbowwow
lilboy
lilbrat
lilbratz
lilbro
lilchris
lilcutie
lildaddy
lildee
lildevil
lildre
lildude
lilfizz
lilfizz1
lilflip
lilgangsta
lilgirl
lilgirl1
lilgurl
lilhottie
lili123
lilia
liliac
lilian
liliana
liliana1
liliane
lilianita
lilibeth
lilica
lilies
lilili
liline
liling
liliput
lilis
lilita
lilith
liljames
liljay
liljay1
liljoe
liljohn
liljoker
liljon
lilkeke
lilkim
lillady
lillee
lilli
lillian
lillian1
lilliana
lillie
lillie1
lillies
lilly
lilly1
lilly12
lilly123
lilly2
lillypad
lillys
lilmac
lilmama
lilmama07
lilmama08
lilmama1
lilmama12
lilmama123
lilmama13
lilmama14
lilmama2
lilmamma
lilman
lilman1
lilman2
lilmike
lilminx
lilmiss
lilmissy
lilmoe
lilmoma
lilmomma
lilmomma1
lilmoney
lilmonkey
lilnigga
lilone
lilone1
lilpimp
lilpimp1
lilpooh
lilprincess
lilray
lilred
lilred1
lilrob
lilrob1
lilromeo
lilsaint
lilsam
lilsexy
lilsexy1
lilshorty
lilsis
lilsis1
lilstar
liltony
lilwayne
lilwayne1
lilwayne2
lilwill
lily
lily06
lily07
lily12
lily123
lilyana
lilyann
lilypad
lilyrose
lilzane
limaperu
limegreen
limegreen1
limerick
limewire
limited
limited2
limon
limonada
limones
limpbizkit
limuel
linamarcela
linamaria
linares
lincoln
lincoln1
linda
linda1
linda12
linda123
linda13
linda2
lindaa
lindah
lindalinda
lindas
linden
linder
lindinha
lindisima
lindita
lindo
lindon
lindona
lindsay
lindsay1
lindsaylohan
lindsey
lindsey1
lindura
lindy
lineage
linebacker
linette
linfield
linger
lingling
linita
linkin
linkin park
linkin1
linkinpark
linksys
linlin
linnea
linnie
linsey
lintang
linton
linwood
linzi
lionel
lionelmessi
lioness
lionheart
lionking
lionking1
lions
lions1
lipgloss
lipgloss1
lipgloss12
lipstick
lipton
liquid
lisa
lisa1
lisa12
lisa123
lisa13
lisa22
lisaann
lisalisa
lisamarie
lisandra
lisandro
lisanne
lisbet
lisbeth
lisboa
lisbon
lisbon67
liseth
lisette
lisha
lisita
lissa
lissa1
lisset
lisseth
lissette
lissie
lissy
listen
lister
liteon
lithium
little
little1
little2
littleangel
littleb
littlebear
littlebit
littlebit1
littleboy
littled
littledevil
littledog
littlee
littlefoot
littleg
littlegirl
littlelady
littlemama
littleman
littleman1
littleme
littlemermaid
littlemiss
littleone
littleprincess
littlered
littlesis
littlestar
live2love
live4god
live4him
live4love
livefree
livelaughlove
livelife
livelife1
livelove
livelovelaugh
liver
liverp00l
liverpol
liverpool
liverpool01
liverpool05
liverpool06
liverpool07
liverpool08
liverpool1
liverpool10
liverpool11
liverpool12
liverpool123
liverpool2
liverpool4eva
liverpool4life
liverpool5
liverpool7
liverpool8
liverpool9
liverpoolfc
liverpoolrule
livestrong
livewire
livia
living
livingston
liviu
liwanag
liyah
liyana
liz123
lizabeth
lizandro
lizard
lizard1
lizardo
lizards
lizbet
lizbeth
lizbeth1
lizet
lizeth
lizette
lizita
lizliz
lizuca
lizzard
lizzie
lizzie1
lizzy
lizzy1
lizzy123
ljubav
lkjhgf
lkjhgfdsa
llama
llama1
llamas
llcoolj
llewellyn
lllll
llllll
lllllll
llllllll
llllllllll
lloyd
lloyd1
lloydbanks
lloyds
lloydy
lluvia
lmfao
loaded
loading
lobita
lobito
lobos
lobster
lobster1
loca12
loca123
loca13
localoca
locas
locasa
locaso
locazo
lockdown
locked
locker
locket
lockhart
lockheart
lockwood
loco123
loco13
locoloco
locoporti
locos
locote
locsin
locura
locuras
logan
logan01
logan05
logan06
logan07
logan1
logan11
logan12
logan123
logan2
logan3
logan5
logans
login
logitech
logitech1
logout
loida
loira
loirinha
loislane
loka123
lokaloka
lokas
lokasa
lokaso
lokera
lokilla
lokillo
lokiloki
lokis
lokita
lokita1
lokitas
lokito
loklok
lokoloko
lokos
lokote
lokura
lol
lol101
lol123
lol1234
lola
lola1
lola12
lola123
lola13
lolabunny
lolada
lolalola
lolarose
lolas
lolaso
lolipop
lolipop1
lolis
lolita
lolita1
lolitas
lolito
lolli
lollie
lolliepop
lollies
lollipop
lollipop0
lollipop1
lollipop123
lollipop2
lollipop9
lollipops
lollol
lollol1
lollollol
lolly
lolly1
lolly123
lollypop
lollypop1
lollypop123
lollypops
lollys
lolo
lolo12
lolo123
loloko
lolol
lololo
lololol
lolololo
lolomo
lolong
lolos
loloy
lolpop
lolypop
lomaximo
lombok
lomejor
london
london1
london11
london12
london123
london2
london22
london99
londra
londres
loneliness
lonely
lonely1
lonely2
lonelyboy
lonelygirl
lonelygurl
loner
lonesome
lonestar
lonewolf
longbeach
longbeach1
longhair
longhorn
longhorn1
longhorns
longhorns1
longlegs
longlife
longlive
longlong
longview
longwood
lonley
lonlon
lonnie
lonnie1
lonsdale
lontong
loobyloo
lookatme
lookin
looking
lookout
lookup
looloo
looney
looney1
looneytunes
loool
loopy
loopyloo
loopylou
looser
looser1
lopes
lopez
lopez1
loplop
loquesea
loquilla
loquillo
loquis
loquita
loquito
loraine
lorcan
lordgod
lordjesus
lordoftherings
loreal
loredana
loreen
lorelai
lorelei
lorelie
loren
lorena
lorena1
lorence
lorene
lorenita
lorens
lorenz
lorenza
lorenzo
lorenzo1
loreta
loreto
loretta
loretta1
loriann
lorie
lorita
lorito
lorna
lorraine
lorraine1
lorrie
losamo
losangeles
losdelsur
loser
loser!
loser.
loser01
loser06
loser09
loser1
loser101
loser11
loser12
loser123
loser13
loser14
loser15
loser2
loser21
loser22
loser23
loser3
loser4
loser45
loser5
loser6
loser69
loser7
loser8
loserface
loserface1
loserkid
losers
losers1
losiento
losiram
losquiero
losser
lost123
lostinlove
lostlove
lostprophets
lostsoul
lotion
lotlot
lotsoflove
lotte
lottery
lottie
lottie1
lotus
lotus1
louann
loudmouth
louella
louie
louie1
louie123
louies
louis
louis1
louis123
louisa
louise
louise1
louise12
louise123
louise13
louise16
louise2
louise3
louisiana
louisiana1
louisse
louisville
louisvuitton
loulou
loulou1
lourdes
lourdes1
lourenco
lov3m3
lovable
lovable1
lovato
love
love me
love u
love ya
love you
love!
love!!
love#1
love&hate
love..
love00
love007
love01
love02
love03
love04
love05
love06
love07
love08
love09
love1
love10
love100
love101
love11
love111
love12
love1212
love123
love1234
love12345
love123456
love13
love1314
love14
love143
love15
love16
love17
love18
love19
love1987
love1991
love1992
love1993
love1994
love1995
love2
love20
love2000
love2004
love2005
love2006
love2007
love2008
love2009
love2010
love21
love213
love22
love23
love234
love24
love247
love25
love26
love27
love28
love29
love2dance
love2hate
love2love
love2shop
love2u
love3
love30
love31
love32
love321
love33
love333
love34
love35
love36
love4
love41
love42
love420
love43
love44
love45
love456
love4all
love4eva
love4ever
love4god
love4life
love4me
love4u
love4you
love5
love520
love55
love555
love56
love5683
love66
love666
love67
love69
love6969
love7
love74
love77
love777
love78
love79
love8
love82
love83
love831
love84
love85
love86
love87
love88
love89
love90
love91
love911
love92
love93
love94
love95
love96
love97
love98
love99
love<3
love_me
loveable
loveable1
lovealex
loveall
lovealot
lovealways
loveamor
loveandhate
loveandpeace
loveangel
lovebaby
lovebear
lovebird
lovebirds
lovebites
loveblue
loveboat
loveboy
loveboys
lovebug
lovebug1
lovebug2
lovebug3
lovebug7
lovebugg
lovebugs
lovebunny
lovecats
lovechild
lovechris
loved
loved1
lovedad
lovedog
lovedogs
lovedove
lovee
loveee
loveer
lovefamily
lovefool
loveforever
lovegame
lovegirl
lovegod
lovegod1
lovegood
lovehate
lovehate1
lovehater
loveheart
lovehearts
loveher
lovehim
lovehim1
lovehim2
lovehina
lovehurt
lovehurts
lovehurts!
lovehurts1
lovehurts2
lovehurtz
lovein
loveing
loveis
loveis1
loveisblind
loveisintheair
loveislife
loveislove
loveispain
loveisreal
loveit
lovejesus
lovejoe
lovejones
lovejoy
lovekids
lovekills
lovekiss
lovekita
loveko
loveko2
lovekoh
lovekoto
lovel
lovelace
loveland
lovelee
loveless
loveless1
lovelife
lovelife1
lovelife2
loveline
lovell
lovella
lovelost
lovelots
lovelove
lovelove1
lovelovelove
lovely
lovely!
lovely.
lovely01
lovely06
lovely07
lovely08
lovely1
lovely11
lovely12
lovely123
lovely13
lovely14
lovely15
lovely16
lovely18
lovely19
lovely2
lovely21
lovely22
lovely23
lovely24
lovely3
lovely4
lovely5
lovely6
lovely69
lovely7
lovely8
lovelyday
lovelygirl
lovelygurl
lovelylady
lovelyme
lovelyn
lovelyone
lovem
lovem3
lovemama
lovemark
lovematt
loveme
loveme!
loveme01
loveme06
loveme07
loveme08
loveme1
loveme10
loveme11
loveme12
loveme123
loveme13
loveme14
loveme15
loveme16
loveme18
loveme2
loveme21
loveme22
loveme23
loveme24
loveme3
loveme4
loveme4eva
loveme4ever
loveme4me
loveme5
loveme6
loveme69
loveme7
loveme8
loveme9
lovemee
lovemeforever
lovemenot
lovemenow
lovemeorhateme
lovemetal
lovemetender
lovemike
lovemom
lovemom1
lovemonkey
lovemum
lovemusic
lovemy
lovemybaby
lovemykids
lovemyself
lovena
lovenhate
lovenick
lovenkrands
loveno1
loveofmylife
loveone
lovepeace
lovepink
lover
lover!
lover01
lover06
lover07
lover08
lover09
lover1
lover10
lover101
lover11
lover12
lover123
lover13
lover14
lover15
lover16
lover17
lover18
lover2
lover21
lover22
lover23
lover24
lover3
lover4
lover45
lover4ever
lover4life
lover5
lover6
lover69
lover7
lover8
lover9
loverboi
loverboy
loverboy1
loverboy2
lovergal
lovergirl
lovergirl1
lovergurl
loverly
loverman
loverock
loverocks
loverose
loverr
lovers
lovers!
lovers1
lovers12
lovers123
lovers2
lovers3
lovers4
lovers4ever
lovers69
lovers7
lovery
loverz
loves
loves1
loves2
lovesam
lovesex
lovesexy
loveshack
lovesick
lovesit
lovesme
lovesong
lovespell
lovess
lovestar
lovestinks
lovestory
lovestruck
lovesu
lovesuck
lovesucks
lovesucks!
lovesucks1
lovesucks2
lovesux
lovesux1
lovesyou
loveteam
lovett
loveu
loveu1
loveu12
loveu2
loveu4
loveu4ever
loveuall
loveubaby
loveus
loveuu
lovex3
lovexx
lovey
lovey1
loveya
loveya!
loveya1
loveya12
loveya2
loveyah
loveydovey
loveyo
loveyou
loveyou!
loveyou.
loveyou1
loveyou12
loveyou123
loveyou2
loveyou3
loveyou4
loveyou4ever
loveyou7
loveyoubaby
loveyouforever
loveyousomuch
loveyu
lovez
lovie
lovin
loving
loving1
lovingit
lovingme
lovingu
lovingyou
lovinhim
lovinit
lovinlife
lovinu
lovinyou
lovley
lowell
lowlow
lowrider
lowrider1
loyalty
loyola
lozada
lozano
lozer
lozer1
lozinka
lozza
lozzie
lsutigers
lsutigers1
luana
luanda
lucario
lucas
lucas1
lucas123
lucas2
lucass
lucecita
lucena
lucerito
lucero
lucesita
luchia
luchito
lucho
lucia
lucia1
lucian
luciana
luciano
lucias
lucica
lucie
lucien
luciernaga
lucifer
lucifer1
lucifer666
lucila
lucille
lucille1
lucinda
lucinka
lucio
lucious
lucita
luckey
luckie
lucky
lucky!
lucky01
lucky05
lucky06
lucky07
lucky08
lucky1
lucky10
lucky101
lucky11
lucky12
lucky123
lucky13
lucky14
lucky15
lucky16
lucky17
lucky18
lucky2
lucky20
lucky21
lucky22
lucky23
lucky24
lucky25
lucky27
lucky3
lucky4
lucky5
lucky6
lucky69
lucky7
lucky77
lucky777
lucky8
lucky88
lucky9
luckyboy
luckycat
luckycharm
luckycharms
luckydog
luckydog1
luckyduck
luckyducky
luckygirl
luckyme
luckyme1
luckyone
luckys
luckystar
luckyu
luckyy
luckyyou
lucozade
lucrecia
lucretia
lucy
lucy01
lucy07
lucy1
lucy11
lucy12
lucy123
lucy1234
lucy13
lucybell
lucydog
lucyloo
lucylou
lucylu
lucylucy
ludacris
ludacris1
ludwig
luiggi
luigi
luigi1
luigui
luis
luis01
luis1
luis10
luis11
luis12
luis123
luis13
luis14
luis15
luis16
luis17
luis18
luis20
luis21
luis22
luis23
luis69
luisa
luisa1
luisafernanda
luisalberto
luisamaria
luisana
luisangel
luisantonio
luiscarlos
luisdaniel
luisdavid
luiseduardo
luisenrique
luisfelipe
luisfer
luisfernando
luisfigo
luisfonsi
luisita
luisito
luisjose
luisluis
luismanuel
luismi
luismiguel
luiss
luisteamo
luiza
lukaret
lukas
luke
luke12
luke123
luke13
lukey
lukitas
lukman
lulita
lullaby
lulu
lulu11
lulu12
lulu123
lulubell
lululu
lulululu
lumberjack
lumiere
lumina
luminita
luna
luna12
luna123
lunaazul
lunallena
lunaluna
lunanueva
lunas
lunasol
lunatic
lunatica
lunaysol
lunchbox
luneta
lunita
lupin
lupis
lupita
lupita1
luqman
luquitas
lurdes
luscious
luscious1
luster
luther
luv123
luv143
luv2cheer
luv2dance
luv2luv
luv2shop
luv2sing
luv4eva
luv4ever
luv4life
luvable
luvbug
luvbug1
luver
luver1
luvers
luvgod
luvhim
luvhurts
luvinit
luvinu
luvjesus
luvko2
luvkoto
luvlife
luvluv
luvme
luvme1
luvme2
luvme4me
luvpink
luvsko
luvsucks
luvsux
luvu4eva
luvu4ever
luvya
luvya1
luvya2
luvyah
luvyou
luxury
luzdeluna
luzmaria
luzmarina
luzmila
luzviminda
lyanne
lyceum
lychee
lydia
lydia1
lynda
lyndon
lyndsay
lyndsey
lynette
lynette1
lynlyn
lynn
lynn01
lynn06
lynn07
lynn08
lynn09
lynn11
lynn12
lynn123
lynn13
lynn14
lynn15
lynn16
lynn17
lynn21
lynn22
lynn23
lynne
lynne1
lynnette
lynnie
lynnlynn
lynsey
lynwood
lyric
lyrical
lyrics
lyssa
m0nk3y
m0nkey
m12345
m123456
m1234567
m123456789
m1ch3ll3
m1chael
m1chelle
m3lissa
maanne
maarte
maarten
mababy
mabaho
mabait
mabel
mabelita
mabelle
mabeth
mabini
mabuhay
mac123
macaca
macaco
macara
macarena
macario
macaroni
macaulay
macauley
macbeth
macdaddy
macdonald
macdre
macdre1
macedo
macedonia
macey
macgyver
machado
machelle
machete
machin
machine
machines
machita
machito
macho
macho1
machoman
machupichu
macias
maciel
macika
macintosh
mack10
mackay
mackenzie
mackenzie1
macker
mackers
mackey
mackie
mackoy
macky
macmac
macoy
macska
mad123
madagascar
madalena
madalin
madalina
madalinutza
madalyn
madame
madara
madcat
madcow
madden
madden06
madden07
madden1
maddie
maddie01
maddie1
maddie12
maddie123
maddie2
maddie3
maddison
maddison1
maddog
maddog1
maddox
maddy
maddy1
maddy123
madeira
madel
madelaine
madeleine
madeley
madelin
madeline
madeline1
madelyn
madelyn1
mademoiselle
madera
madero
madhatter
madhouse
madilyn
madina
madinina
madison
madison01
madison03
madison04
madison05
madison06
madison07
madison08
madison1
madison11
madison12
madison123
madison2
madison22
madison3
madison4
madison5
madison6
madison7
madison8
madisyn
madiun
madlove
madmad
madman
madmax
madmax1
madness
madona
madonna
madonna1
madre
madrid
madrigal
madrinha
madrox
madura
madutza
madyson
mae123
maeann
maeanne
maecute
maegan
maemae
maepai
maestra
maestro
maezinha
mafalda
mafer
mafercita
mafesita
maffia
mafia
mafia1
mafias
mafioso
mafiotu
magalhaes
magali
magallanes
magaluf
magaly
magana
maganda
magandaako
magandako
magandame
magayon
magazine
magbalik
magbanua
magda
magdalena
magdalene
magdiel
magelang
magenta
maggi
maggie
maggie01
maggie05
maggie06
maggie07
maggie08
maggie1
maggie11
maggie12
maggie123
maggie13
maggie2
maggie22
maggie3
maggie4
maggie5
maggie7
maggiemae
maggiemay
maggot
maggy
magia
magic
magic1
magic12
magic123
magic2
magic3
magic32
magic5
magic7
magica
magical
magical1
magician
magick
magicman
magico
magics
magners
magnet
magneto
magnificent
magno
magnolia
magnolia1
magnum
magnum1
magnus
magodeoz
magoo
magpie
magpies
magui
maguire
mahal
mahal kita
mahal ko
mahal03
mahal05
mahal07
mahal08
mahal1
mahal14
mahal16
mahal17
mahal18
mahal20
mahal21
mahal22
mahal24
mahal25
mahal27
mahalcoh
mahalia
mahalkho
mahalkita
mahalkita1
mahalko
mahalkoh
mahalkta
mahall
mahalnamahalkita
mahalo
mahalq
mahalqoh
mahals
maharani
maharlika
maharot
mahbaby
mahboo
mahendra
mahesh
mahina
mahmood
mahmoud
mahmud
mahogany
mahoney
mahusay
maica
maicol
maiden
maika
maikel
maikol
mailbox
mailman
mailyn
maimai
maimuta
maimutica
maine
maine1
maira
mairead
mairim
maisarah
maisie
maison
maite
maiyeu
maiyeuanh
maiyeuem
majal
majestic
majesty
majika
majito
major
major1
majorette
makaila
makala
makan
makana
makanan
makassar
makati
makaveli
makaveli1
makayla
makayla1
makayla2
make-up
makeda
makedonija
makelove
makeme
makemoney
makemyday
makenna
makenna1
makenzie
makenzie1
makeup
makeup1
making
makino
makita
makmak
makoto
makoy
maktub
makulet
makulit
malachi
malachi1
malacka
malaga
malagu
malaguku
malaika
malaikat
malaka
malakai
malakas
malaki
malandi
malang
malate
malaya
malayko
malaysia
malboro
malcolm
malcolm1
malcom
maldicion
maldini
maldita
malditah
maldito
malditos
maldives
maldonado
maleja
malena
malfoy
malia
malibog
malibu
malibu1
malice
malick
malik
malik1
malika
malina
malinao
malinda
maling
malique
malisa
malissa
malita
malito
maliyah
mallard
mallari
mallorca
mallorie
mallory
mallory1
mallow
mallows
malmal
malone
maloney
malorie
malou
malparido
malta
maltese
maltesers
maluca
maluco
malufet
maluka
malukinha
malukita
malupet
malupit
malvin
malyn
mama
mama01
mama1
mama11
mama12
mama123
mama13
mama23
mamabear
mamacita
mamacita1
mamada
mamadas
mamadou
mamaguevo
mamaia
mamaie
mamako
mamaku
mamaliga
mamama
mamamama
mamamary
mamamea
mamamia
maman
mamang
mamani
mamans
mamapapa
mamas
mamas1
mamasboy
mamasgirl
mamasita
mamasita1
mamasota
mamata
mamatata
mamateamo
mamatequiero
mamaypapa
mamdad
mameaw
mami12
mami123
mamica
mamichula
mamidadi
mamie
mamilinda
mamimeu
mamina
mamine
maminka
mamipapi
mamirica
mamis
mamita
mamita1
mamitalinda
mamiteamo
mamitequiero
mamiypapi
mamma
mamma1
mammam
mammamia
mammie
mammoth
mammy
mamoru
mamour
man utd
man123
manado
management
manager
manager1
managua
manahan
manaia
manalo
manana
manang
manansala
manatee
mancare
mancha
manchas
manchester
manchester1
manchesterunited
manchesterutd
manchita
manchitas
mancity
manda
manda1
mandala
mandapanda
mandarin
mandarina
mandee
mandeep
mandela
mander
manders
mandi
mandi1
mandie
mandingo
mando
mandrake
mandy
mandy1
mandy12
mandy123
mandymoore
mandys
maneater
manel
manele
manfred
manga
manga1
mangalia
mangas
mangere
mangga
mango
mango1
mango123
mangoes
mangos
manguito
manhater
manhattan
maniac
maniak
manies
maniez
manika
manila
manilyn
maninha
maninho
manis
manisan
manise
manish
manisha
manita
manito
manitoba
manizales
manja
mankind
manman
manman1
mannie
manning
manning1
manning18
manny
manny1
manny123
manny24
manoka
manolin
manolito
manolo
manong
manos
manowar
manpreet
manrique
mansfield
mansion
manson
manson1
manson666
mansour
mantap
mantha
mantis
mantorras
mantra
manu07
manu12
manu123
manu4eva
manu4life
manual
manuel
manuel1
manuel12
manuel123
manuel13
manuela
manuelita
manuelito
manuella
manuelteamo
manufc
manunited
manunited1
manurule
manusia
manutd
manutd07
manutd1
manutd123
manutd7
manutd99
manutdfc
manyak
manyakis
manzana
manzanas
manzanita
manzano
maomao
mapache
mapagmahal
maple
maple1
maplestory
maprang
maquina
mar123
maracaibo
maracas
maracuya
maradona
maradona10
marah
maraki
marama
maranata
maranatha
maranda
marasigan
marathon
maravilha
maravilla
maravillosa
maravilloso
marbella
marble
marbles
marce
marcel
marcel1
marcela
marcela1
marcelina
marcelino
marcelita
marcelito
marcell
marcella
marcelle
marcello
marcellus
marcelo
march
march01
march02
march03
march04
march05
march06
march07
march08
march1
march10
march11
march12
march13
march14
march15
march16
march17
march18
march19
march2
march20
march21
march22
march23
march24
march25
march26
march27
march28
march29
march3
march30
march31
march4
march5
march6
march7
march8
march9
marche
marching
marci
marcia
marcial
marciana
marciano
marcie
marcio
marco
marco1
marco123
marcoa
marcoantonio
marcopolo
marcos
marcos1
marcoteamo
marcus
marcus01
marcus07
marcus1
marcus12
marcus123
marcus2
marcy
mardecopas
mardigras
marduk
maret
marga
margaret
margaret1
margareta
margareth
margarette
margarida
margarita
margarita1
margarito
margaux
marge
margera
margie
margo
margot
margret
marguerite
mari12
mari123
mari13
maria
maria01
maria1
maria10
maria11
maria12
maria123
maria13
maria14
maria15
maria16
maria17
maria18
maria2
maria21
maria22
maria23
maria3
maria5
maria7
mariaa
mariaalejandra
mariabelen
mariac
mariacamila
mariachi
mariaclara
mariadelcarmen
mariaelena
mariaf
mariafe
mariafer
mariafernanda
mariag
mariah
mariah06
mariah1
mariah12
mariah2
mariahcarey
mariaines
mariaisabel
mariaj
mariajo
mariajoao
mariajose
marial
mariale
marialuisa
mariam
mariama
mariamaria
marian
mariana
mariana1
mariane
marianela
mariangel
mariani
marianita
marianna
marianne
mariano
mariap
mariapaula
mariarosa
marias
mariateamo
mariateresa
maribel
maribel1
maribeth
marica
maricar
maricarmen
marice
maricel
maricela
marichu
maricielo
maricon
maricor
maricris
maricruz
maridel
marie
marie!
marie01
marie02
marie03
marie04
marie05
marie06
marie07
marie08
marie09
marie1
marie10
marie11
marie12
marie123
marie13
marie14
marie15
marie16
marie17
marie18
marie19
marie2
marie20
marie21
marie22
marie23
marie24
marie25
marie26
marie27
marie28
marie3
marie33
marie4
marie5
marie6
marie69
marie7
marie8
marie83
marie84
marie85
marie87
marie88
marie89
marie9
marie90
marie91
marie92
marie93
marie94
mariea
marieann
mariee
marieke
mariel
mariela
mariela1
marielena
marielita
mariell
mariella
marielle
marielos
mariely
marien
maries
marieta
marietta
marife
marifer
marigold
mariguana
marihuana
marija
marijke
marijo
marijose
marijuana
marijuana1
marika
marikina
mariko
marilena
marilia
marilin
marilou
marilu
mariluz
marilyn
marilyn1
marilynmanson
marimar
marimba
marin
marina
marina1
marine
marine1
marinel
marinela
mariner
marinero
mariners
marines
marines1
marinho
marinica
marinita
marino
marino13
mario
mario1
mario12
mario123
mario13
mario2
mario22
mario23
mario3
mario5
mario64
mariobros
marion
marion1
marioneta
marioo
marios
marioteamo
mariposa
mariposa1
mariposas
mariposita
maripoza
mariquita
maris
marisa
marisa1
mariscal
marisela
marisha
mariska
marisol
marisol1
mariss
marissa
marissa1
marissa2
marist
marita
marites
maritess
marito
maritza
maritza1
mariuca
marius
mariuxi
marivel
marivi
marivic
mariwana
mariya
mariz
mariza
marizza
marjan
marjie
marjo
marjon
marjorie
marjory
marjun
mark
mark01
mark05
mark06
mark07
mark08
mark09
mark1
mark10
mark11
mark12
mark123
mark1234
mark13
mark14
mark143
mark15
mark16
mark17
mark18
mark21
mark22
mark23
mark24
mark25
mark28
mark69
markangelo
markanthony
markee
markel
markell
marker
markers
market
marketing
markey
markie
markie1
markito
markitos
markjen
markjohn
markjoseph
marklester
markmark
marko
markos
markowen
markpogi
marks
markus
markus1
marky
marky1
markymark
marla
marlboro
marlboro1
marlee
marleen
marlen
marlena
marlene
marlene1
marleni
marleny
marley
marley1
marlie
marlin
marlina
marlins
marlo
marlon
marlon1
marlou
marlow
marlowe
marly
marlyn
marmalade
marmar
marmar1
marmaris
marmite
marmota
marnel
marnie
maroon
maroon5
marose
marquel
marques
marquette
marquez
marquis
marquis1
marquise
marquise1
marquita
marquito
marquitos
marrero
marriage
marrie
married
married1
married2
marriott
marron
marroquin
marry
marryme
marsbar
marsden
marseille
marsh
marsha
marsha1
marshal
marshall
marshall1
marshmallow
marshmallows
marshmellow
marshy
marta
marta1
marte
martel
martell
martes
martez
martha
martha1
marti
martian
martie
martijn
martika
martim
martin
martin01
martin1
martin12
martin123
martin13
martin2
martin23
martin6
martina
martina1
martine
martines
martinez
martinez1
martinha
martinho
martini
martini1
martino
martins
martita
marty
marty1
martyn
maruca
maruchan
maruja
maruko
marvel
marvelous
marven
marvic
marvie
marvin
marvin1
marwan
marwin
mary
mary-kate
mary1
mary11
mary12
mary123
mary13
marya
maryam
maryan
maryana
maryann
maryanne
marybeth
marycarmen
marycris
marycruz
maryellen
maryfer
marygrace
maryjane
maryjane1
maryjane420
maryjean
maryjo
maryjoy
marykate
marykay
maryland
maryland1
marylin
marylou
marylu
marylyn
marymary
maryori
marypoppins
maryrose
marys
marysol
maryuri
maryus
marzipan
marzo
masacre
masaki
masamune
masarap
masaya
mascara
mascot
mascota
maserati
masflow
masflow2
mash4077
mashimaro
masiel
masina
masini
masmas
mason
mason05
mason06
mason1
mason123
mason2
masons
massacre
massage
massage1
massari
massey
massiel
massimo
massive
master
master1
master12
master123
master2
masterchief
mastermind
masterp
masterpiece
masters
mastura
mataba
matador
matahari
mataid
matalino
matamoros
matamu
mataray
matata
matchbox
matchbox20
mateito
matematica
matematicas
matematika
mateo
mateo1
mateos
mates
matet
mateus
mathematics
mather
mathers
matheus
mathew
mathew1
mathews
mathias
mathieu
mathilde
mathis
matias
matikas
matilda
matilda1
matilde
matmat
matrimonio
matrix
matrix1
matsujun
matsumoto
matt
matt01
matt06
matt07
matt1
matt11
matt12
matt123
matt13
matt14
matt15
matt17
matt21
matt22
matt23
matt4ever
matt69
mattdamon
matteo
matter
matters
mattew
matthardy
matthew
matthew!
matthew01
matthew04
matthew05
matthew06
matthew07
matthew08
matthew1
matthew10
matthew11
matthew12
matthew123
matthew13
matthew14
matthew17
matthew18
matthew2
matthew21
matthew22
matthew23
matthew24
matthew3
matthew4
matthew5
matthew6
matthew7
matthew8
matthew9
matthews
matthias
matthieu
mattia
mattie
mattie1
mattison
mattman
mattmatt
matty
matty1
matute
maulana
maumau
maura
maureen
maureen1
mauri
maurice
maurice1
mauricio
mauricio1
mauritius
mauro
mautauaja
maverick
maverick1
mavericks
mavrick
mawmaw
max123
max1234
maxamillion
maxdog
maxell
maxene
maxie
maxie1
maxim
maxima
maxime
maximilian
maximiliano
maximo
maximum
maximus
maximus1
maxine
maxine1
maxito
maxmax
maxmax1
maxpayne
maxpower
maxwell
maxwell1
maxwell2
maxxie
maxyboy
may123
may1985
may1986
may1987
may1988
may1989
may1990
may1991
may1992
may1993
may1994
may1995
may1996
may2005
may2006
may2007
may2008
mayamaya
mayang
mayann
mayanne
mayara
maybaby
maybe
maybel
maybelle
maycol
mayday
mayela
mayelin
mayeth
mayette
mayfair
mayfield
mayflower
mayhem
mayita
mayito
maylee
maylene
maylin
maymay
maymay1
maynard
maynard1
mayonesa
mayorga
mayra
mayra1
mayrita
mayson
mayte
mayumi
mazatlan
mazda
mazda1
mazda3
mazda323
mazda6
mazda626
mazdarx7
mazdarx8
mcbride
mccall
mccarthy
mccartney
mccormick
mcdaniel
mcdonald
mcdonalds
mcdonalds1
mcdreamy
mcfadden
mcfly
mcfly1
mcfly123
mcgrady
mcgrady1
mcgrath
mcgraw
mcgregor
mcguire
mcintosh
mcintyre
mckayla
mckenna
mckenna1
mckenzie
mckenzie1
mckinley
mckinney
mcknight
mclaren
mclarenf1
mclaughlin
mclean
mcleod
mclovin
mcmahon
mcmillan
mcnabb
mcneil
mcqueen
mcr123
mcr4ever
mcrmcr
me&you
me123
me1234
me12345
me123456
me2you
me4ever
me4life
me4you
meadow
meadows
meagan
meagan1
meaghan
mealone
meamo
meamomucho
meandhim
meandme
meandu
meandu1
meandyou
meandyou1
meandyou2
meangirl
meangirls
meanie
meann
meanne
meatball
meatball1
meatballs
meathead
meatloaf
meatwad
mecanica
mecano
mechanic
mechanical
mechas
meche
mechelle
mechita
mecmec
mecute
medallo
medellin
medical
medical1
medicina
medicine
medico
medina
medina1
medion
medium
medrano
medtech
medusa
meechie
meeee
meeeee
meeka
meeko
meeko1
meemee
meepooh
meesha
meg123
megadeth
megaman
megaman1
megan
megan01
megan06
megan07
megan1
megan11
megan12
megan123
megan13
megan2
megan3
megan5
megan7
meganb
meganc
megane
meganh
meganm
megann
megans
megara
megastar
megatron
meggan
meggers
meggie
meggie1
meggy
meggymoo
meghan
meghan1
megmeg
megryan
megster
megumi
megustas
mehmeh
mehmet
meiling
meimei
meisha
mejia
mejoresamigas
mekmek
mel123
melai
melancholy
melani
melania
melanie
melanie1
melanie2
melannie
melany
melati
melbourne
melchor
melendez
melgar
melida
melina
melinda
melinda1
melis
melisa
melisita
melissa
melissa1
melissa11
melissa12
melissa123
melissa13
melissa2
melissa21
melissa3
melissa5
melissa7
melissa8
melissa9
melissita
melita
meliza
mellie
mellisa
mellissa
mellon
mellow
melly
melly1
melmel
melmel1
melo15
melocoton
melodi
melodia
melodic
melodie
melody
melody1
melon
melonhead
melonie
melons
melove
melrose
melton
melvin
melvin1
member
meme
meme1
meme11
meme12
meme123
meme13
memek
mememe
mememe1
mememe123
mememe3
memememe
memeng
memito
memoochoa
memorex
memoria
memorial
memories
memory
memoteamo
memphis
memphis1
memphis10
memyself
memyself&i
memyselfandi
memyselfi
memyselfni
menace
menard
menchie
mendes
mendez
mendiola
mendoza
mendoza1
meneketehe
meneses
menggay
menina
menmen
mensuck
mensuck1
mental
mentari
menthol
mentira
mentiras
mentirosa
mentiroso
mentor
mentos
menudo
menyou
meong
meonly
meow
meowmeow
meowmix
mephisto
mequiero
meranda
merari
merary
mercado
mercadotecnia
merced
mercedes
mercedes1
mercedez
mercer
merchant
mercurio
mercury
mercury1
mercy
mercy1
merda
merdas
merdeka
meredith
meredith1
merengue
meriam
merida
meridian
merino
merissa
merita
merlin
merlin1
merlina
merlot
merly
merlyn
mermaid
mermaid1
mermaids
mermelada
mermer
merpati
merrick
merrill
merritt
merry
merrychristmas
mervin
mesha
mesha1
meshell
meshia
mesias
message
messages
messenger
messi
messi19
messiah
metal
metal1
metal666
metalero
metalgear
metalhead
metalica
metall
metallic
metallica
metallica1
metals
metamorfosis
meteor
meteora
meteoro
method
methodman
metiche
metoyou
metro
metro1
metroid
metropolis
meuamor
mewmew
mewtwo
mexicali
mexican
mexican1
mexican13
mexicana
mexicana1
mexicano
mexico
mexico01
mexico1
mexico10
mexico11
mexico12
mexico123
mexico13
mexico14
mexico15
mexico2
mexico3
mexico4
mexico7
mexicodf
meylin
meymey
meynard
mgrace
mhaine
mhairi
mhajal
mhaldita
mhalditah
mhalko
mhalkoh
mharie
mhark
mhean
mheann
mheanne
mhelai
mhiedhie
mhine
mhine03
mhine07
mhine08
mhine09
mhine11
mhine14
mhine16
mhine17
mhine18
mhine19
mhine21
mhine22
mhine23
mhine24
mhine27
mhine28
mhinecoh
mhineko
mhinekoh
mhineq
mhineqoh
mhines
mhyne
mi amor
mia123
mia305
miahamm
miahamm9
miaka
miami
miami1
miami3
miami305
miamia
miamia1
miamiheat
miamor
miamor1
miamorcito
miamore
miamorerestu
miamorteamo
miangel
miangelito
miaumiau
mibaby
mibebe
mibebito
micael
micaela
micaella
micah
micah1
micasa
mich3ll3
micha
michael
michael!
michael.
michael01
michael03
michael04
michael05
michael06
michael07
michael08
michael09
michael1
michael10
michael11
michael12
michael123
michael13
michael14
michael15
michael16
michael17
michael18
michael19
michael2
michael20
michael21
michael22
michael23
michael24
michael25
michael26
michael27
michael28
michael3
michael4
michael5
michael6
michael69
michael7
michael8
michael88
michael9
michael99
michaela
michaela1
michaelb
michaelj
michaeljackson
michaeljordan
michaella
michaels
michal
michan
miche
micheal
micheal1
michel
michel1
michela
michele
michele1
michelin
michelita
michell
michelle
michelle!
michelle.
michelle01
michelle06
michelle07
michelle08
michelle1
michelle10
michelle11
michelle12
michelle123
michelle13
michelle14
michelle15
michelle16
michelle17
michelle18
michelle2
michelle21
michelle22
michelle23
michelle24
michelle3
michelle4
michelle5
michelle6
michelle69
michelle7
michelle8
michelle9
michi
michie
michigan
michigan1
michiko
michiquita
michita
michoacan
michou
michu
michy
micielo
micimacko
mickael
mickel
mickey
mickey01
mickey06
mickey07
mickey08
mickey1
mickey10
mickey11
mickey12
mickey123
mickey13
mickey14
mickey15
mickey16
mickey2
mickey21
mickey22
mickey23
mickey24
mickey3
mickey4
mickey5
mickey6
mickey69
mickey7
mickey8
mickeymouse
mickie
micky
micky1
mickymouse
micmic
micole
micorazon
micron
micronics
microsoft
microsoft1
microwave
micumple
micutza
middle
middle1
middleton
midget
midget1
midios
midland
midnight
midnight1
midnight12
midnight13
midnight2
midnight7
midnite
midori
midway
midwest
midwife
miemie
miercoles
mierda
mierda1
mierdas
miesha
mifamilia
migato
migdalia
miggy
mighty
mighty1
mightymouse
mignon
migordito
migordo
migranamor
migue
miguel
miguel1
miguel12
miguel123
miguel13
miguel14
miguel2
miguel23
miguela
miguelangel
miguelina
miguelito
miguelon
miguelteamo
mihaela
mihai
mihail
mihaita
mihaitza
mihija
mihijo
mihnea
mijares
mikael
mikaela
mikaella
mikaila
mikala
mikan
mikayla
mikayla1
mike
mike01
mike04
mike05
mike06
mike07
mike08
mike09
mike1
mike10
mike11
mike12
mike123
mike1234
mike13
mike14
mike143
mike15
mike16
mike17
mike18
mike19
mike2006
mike21
mike22
mike23
mike24
mike25
mike26
mike27
mike69
mike88
mikeal
mikee
mikehe
mikejones
mikejones1
mikel
mikela
mikell
mikemike
mikemike1
mikes
mikeshinoda
mikey
mikey01
mikey06
mikey1
mikey12
mikey123
mikey13
mikey2
mikey22
mikey23
mikey3
mikey5
mikey7
mikeys
mikeyway
mikhaela
mikhail
mikie
mikita
mikka
mikkel
mikki
mikko
mikmik
mikomi
milacek
milady
milagritos
milagro
milagros
milagros1
milan
milanisti
milano
mildred
mildred1
milena
milene
milenio
milenita
milenium
miles
miles1
miley
miley1
miley123
mileyc
mileycyrus
milford
milica
milita
militar
military
milk
milka
milkdud
milkduds
milkman
milkmilk
milkshake
milkshake1
milky
milkybar
milkyway
milla
millan
millar
millard
mille
millenium
millennium
miller
miller1
miller2
millerlite
millers
millertime
millet
millicent
millie
millie1
millie12
millie123
millie2
million
million1
millionaire
millions
millonarios
millos
millos13
mills
millsberry
millwall
milly
milly1
milly123
millymoo
milo
milo123
milomilo
milove
milton
milton1
miluska
milwaukee
mimadre
mimama
mimamamemima
mimami
mimamita
mimi
mimi01
mimi08
mimi1
mimi11
mimi12
mimi123
mimi13
mimi14
mimi15
mimi23
mimie
mimimi
mimimimi
miming
mimis
mimita
mimosa
mimoso
mimoza
mimundo
minako
minami
mindanao
mindfreak
mindless
mindoro
mindy
mindy1
mine
mine08
mine12
mine18
mine4ever
minecoh
minegro
mineko
minekoh
minemine
minena
minene
mineonly
minerva
mines
minette
mingdao
minger
mingming
miniclip
minicooper
minimal
miniman
minimax
minime
minime1
minimi
minimini
minimo
minimoto
minimouse
minimum
minina
minino
minion
minister
ministry
minita
minkey
minmin
minnesota
minnie
minnie1
minnie12
minnie123
minnie13
minnie2
minnie3
minnie7
minnieme
minniemouse
minoes
minombre
minority
minstrel
minted
mintmint
minty
minute
mioara
miomio
miosito
mipapa
mipapi
miperro
miprincesa
miprincipe
mirabela
miracle
miracle1
miracles
miraflor
miraflores
mirage
miramar
mirame
miranda
miranda1
mirasol
mircea
mireille
mireina
mirela
mirella
mireya
miriam
miriam1
mirian
mirinda
mirjam
mirmo
mirmodepon
mirna
miroku
miroslava
mirror
mirtha
miruna
miryam
mirza
misael
misaki
misamigas
misamigos
misamores
misbebes
mischa
mischief
miscosas
misdosamores
miserable
misericordia
misery
misfit
misfits
misfotos
misha
misha1
mishel
mishell
mishelle
mishijas
mishijos
mishka
mision
mispadres
missbitch
missdiva
missey
missie
missing
missingu
missingyou
mission
mission1
missionary
missions
mississippi
misskitty
misskitty1
misslady
missme
missmurder
missouri
misspiggy
misspink
misspriss
misssexy
misssixty
missthang
missthang1
missthing
missu
missy
missy01
missy06
missy07
missy1
missy10
missy11
missy12
missy123
missy13
missy14
missy2
missy21
missy22
missy3
missy4
missy5
missy69
missy7
missy8
missygirl
missymoo
missyou
missys
mistake
mister
mister1
misterio
misteriosa
mistery
mistic
mistica
mistico
mistie
mistress
misty
misty1
misty12
misty123
misty2
mistyblue
mistymoo
mistys
misunderstood
mitch
mitch1
mitch123
mitchel
mitchell
mitchell1
mitchelle
mitchi
mitchie
mitchy
mitesoro
mitica
mitsubishi
mitsui
mitten
mittens
mittens1
mitzi
mitzi1
mitzie
mitzy
miumiu
miunicoamor
mivida
mividaerestu
mividaloca
mixalis
mixtape
miyaka
miyavi
miyuki
mizpah
mizuki
mizuno
mizzou
mj2345
mjmjmj
mjordan23
mmmbop
mmmmm
mmmmmm
mmmmmmm
mmmmmmmm
mmmmmmmmmm
mmouse
mnbvc
mnbvcx
mnbvcxz
mnbvcxz1
mnmnmn
moartea
mob4life
mobbdeep
mobile
mobile1
mobilephone
mobster
mobydick
mocha
mocha1
mochila
mockingbird
mocosa
model
model1
modeling
modelo
models
moderato
moderatto
modern
modesta
modesto
modified
moe123
moeder
moejoe
moemoe
moemoe1
moesha
moffatts
mohamad
mohamed
mohammad
mohammed
mohawk
moimeme
moimoi
moises
moises1
mojacko
mojako
mojica
mojojojo
mojomojo
mokmok
mokona
mokong
mokuska
molave
moldova
molecules
molina
molley
mollie
mollie1
molloy
molly
molly01
molly06
molly07
molly08
molly1
molly10
molly11
molly12
molly123
molly13
molly2
molly22
molly3
molly5
molly6
molly7
mollyann
mollyb
mollycat
mollydog
mollydog1
mollydolly
mollygirl
mollymay
mollymoo
mollys
molokai
molotov
molson
mom
mom&dad
mom101
mom123
mom1234
momanddad
momanddad1
momdad
momdad1
moment
moments
momiji
momma
momma1
momma2
momma3
mommam
mommas
mommasgirl
mommie
mommie1
mommom
mommy
mommy!
mommy#1
mommy01
mommy03
mommy05
mommy06
mommy07
mommy08
mommy1
mommy10
mommy101
mommy11
mommy12
mommy123
mommy13
mommy143
mommy2
mommy21
mommy22
mommy23
mommy28
mommy2be
mommy3
mommy33
mommy4
mommy5
mommy6
mommy7
mommy8
mommy9
mommydaddy
mommyko
mommylove
mommyof2
mommyof3
mommyof4
mommys
mommys1
mommysgirl
momndad
momo12
momo123
momof2
momof3
momof4
momof5
momoko
momomo
momoney
momoney1
momotaro
momrocks
momsgirl
monaco
monaghan
monalisa
monaliza
monami
monamour
monarcas
monarch
monaro
monay
moncada
monchi
monching
monchis
monchito
moncho
moncoeur
monday
monday1
mondeo
mondragon
moneda
monet
monet1
monette
money
money$
money01
money06
money07
money08
money1
money10
money100
money101
money11
money12
money123
money13
money14
money2
money21
money22
money23
money25
money3
money4
money4me
money5
money6
money69
money7
money8
money99
moneybags
moneymaker
moneyman
moneyman1
moneymike
moneymoney
moneys
moneys1
moneyy
mongo
mongol
mongola
mongolia
mongoose
mongoose1
monic
monica
monica1
monica12
monica123
monica13
monie
monies
monik
monika
monika1
monikita
monimoni
monina
monique
monique1
monique12
monique2
monique3
moniquita
monisha
monita
monito
monitor
monk3y
monkee
monkees
monkey
monkey!
monkey.
monkey0
monkey01
monkey02
monkey03
monkey04
monkey05
monkey06
monkey07
monkey08
monkey09
monkey1
monkey10
monkey101
monkey11
monkey12
monkey123
monkey1234
monkey13
monkey14
monkey15
monkey16
monkey17
monkey18
monkey19
monkey2
monkey20
monkey21
monkey22
monkey23
monkey24
monkey25
monkey26
monkey27
monkey28
monkey3
monkey33
monkey4
monkey44
monkey5
monkey55
monkey6
monkey66
monkey666
monkey69
monkey7
monkey77
monkey8
monkey86
monkey87
monkey88
monkey89
monkey9
monkey91
monkey92
monkey93
monkey94
monkey95
monkey96
monkey97
monkey99
monkeyballs
monkeybone
monkeyboy
monkeybutt
monkeyface
monkeygirl
monkeylove
monkeylover
monkeyman
monkeyman1
monkeynuts
monkeypoo
monkeys
monkeys!
monkeys1
monkeys12
monkeys123
monkeys2
monkeys3
monkeysrule
monkeyz
monkie
monkies
monkiki
monkmonk
monky
monmon
monnie
monopoly
monoxide
monroe
monroe1
monroy
monse
monserrat
monsoon
monster
monster1
monster12
monster2
monster3
monster5
monsters
montalvo
montana
montana1
montanna
montano
monte
monte1
montecarlo
montecristo
monteiro
montel
montemayor
montenegro
monterey
montero
monterrey
montes
montessori
montez
montgomery
monticello
montie
montiel
montilla
montoya
montreal
montrell
montrose
montse
montserrat
montufar
monty
monty1
monty123
monu16
monumental
monyet
moo123
moochie
moochie1
moocow
moocow1
moocows
moody
moody1
moogle
mookey
mookie
mookie1
mookie2
moomin
moomoo
moomoo1
moomoo2
moon
moon123
moonbaby
moonbeam
moonchild
mooney
moonflower
moonie
moonlight
moonlight1
moonlite
moonman
moonmoon
moonpie
moonshadow
moonshine
moonspell
moonstar
moonstone
moonwalk
mooooo
moore
moore1
moose
moose1
moose123
mooses
moosey
moosie
moppie
morada
morado
morais
morales
morales1
morandi
morango
morangos
moranguita
morbid
moreira
morelia
morelos
moremoney
morena
morena1
morenaza
moreninha
morenita
morenito
moreno
moreno1
morfeo
morgan
morgan!
morgan01
morgan05
morgan06
morgan1
morgan11
morgan12
morgan123
morgan13
morgan2
morgan21
morgan22
morgan3
morgan4
morgan6
morgan7
morgana
morgane
morgen
morgie
moriah
morita
morley
mormon
mormor
morning
morningstar
morocco
morocha
morocho
moroni
morpheus
morphine
morrigan
morris
morris1
morrison
morrison1
morrissey
morrow
morrowind
mortal
mortalkombat
morten
morticia
mortimer
morton
morzinho
mosca
moschino
moscow
moscraciun
moses
moses1
mosha
moshimoshi
mosita
moslem
mosley
mosquera
mosquito
mossimo
mostafa
mostro
mostwanted
motagua
motanel
motdepasse
mother
mother01
mother1
mother12
mother123
mother2
mother3
mother4
mother5
motherfuck
motherfucker
motherlode
motherof2
motherof3
motherof4
mothers
motherwell
motion
motita
motivation
motley
motmot
motocross
motocross1
motogp
motor
motorbike
motorbikes
motorcross
motorcycle
motorhead
motorola
motorola1
motorolal6
motorolav3
motors
motown
moulin
moulinrouge
mountain
mountain1
mountaindew
mountains
mouse
mouse1
mouse123
mouse2
mousepad
mouser
mouses
mousetrap
mousey
mousie
moussa
mousse
movado
moveon
movers
movie
movies
movies1
moviestar
movingon
movistar
mowgli
moymoy
mozart
mozilla
mp3player
mrbean
mrblobby
mrcool
mrkitty
mrlonely
mrs.brown
mrsbrown
msbitch
msbrown
mskitty
msn.com
msnhotmail
msnmsn
mssexy
msthang
muaythai
muchlove
mudkip
mudvayne
muerete
muerte
muerto
mufasa
muffie
muffin
muffin1
muffin12
muffin123
muffin2
muffin3
muffinman
muffins
muffins1
muffy
muffy1
muggle
mugrosa
muhamad
muhammad
muhammed
muiedinamo
muiesteaua
muimui
mujahid
mujeres
mujiyd
mulan
mulawin
mulberry
mulder
mulisha
mullen
muller
mullet
mulligan
mullins
multimedia
multisync
mum&dad
mum123
mumanddad
mumble
mumdad
mummie
mummum
mummy
mummy1
mummy123
mummyanddaddy
mummydaddy
mummys
mumndad
munch
munchie
munchie1
munchies
munchkin
munchkin1
munchkins
munchy
mundial
mundo
muneca
muneca1
muneco
munequita
munich
municipal
muning
munira
munirah
munkey
munster
muppet
muppets
murcielago
murda1
murder
murder1
murderdolls
murdoc
murdoch
murdock
muriel
murillo
murphy
murphy1
murray
murray1
musashi
muscle
muscles
mushroom
mushroom1
mushrooms
music
music!
music1
music101
music11
music12
music123
music13
music2
music3
music4life
music5
music7
musica
musica1
musical
musical1
musician
musicislife
musicismylife
musiclover
musicman
musico
musicrocks
musics
musik
musika
musique
muskaan
muskan
muslim
muslimah
mustafa
mustang
mustang00
mustang01
mustang02
mustang03
mustang04
mustang05
mustang06
mustang07
mustang1
mustang2
mustang3
mustang4
mustang5
mustang50
mustang65
mustang66
mustang67
mustang69
mustang7
mustang98
mustang99
mustanggt
mustangs
mustangs1
mustapha
mustard
mustard1
muthafucka
mutiara
mutley
mutter
muttley
mutya
muymuy
muzica
muã±eca
muã±eco
muã±ekita
muã±equita
mwahmwah
my baby
my love
my1andonly
my1baby
my1love
my2angels
my2babies
my2boys
my2boyz
my2girls
my2kids
my2sons
my3angels
my3babies
my3boys
my3girls
my3kids
my3sons
my4boys
my4girls
my4kids
my5kids
myaccount
myangel
myangel1
myangels
mybabe
mybabe1
mybabies
mybabies2
mybabies3
mybaby
mybaby07
mybaby1
mybaby12
mybaby2
mybaby3
mybabyboy
mybabygirl
mybabys
myband
mybday
mybear
mybebe
mybebo
mybest
mybestfriend
mybirthday
myboo
myboo1
myboo2
myboys
myboys1
myboys2
myboys3
myboyz
mybuddy
mybutt
mycats
mychem
mychemical
mychemicalromance
mycomputer
mycrush
mydaddy
mydaddy1
mydarling
mydear
mydestiny
mydick
mydogs
mydream
mydreams
myemail
myesha
myfamily
myfamily1
myfriend
myfriends
mygirl
mygirl1
mygirls
mygirls1
mygirls2
mygirls3
mygurl
myheart
myheart1
myhero
myhome
myhoney
myhouse
myhubby
myhumps
myhusband
myimmortal
myjesus
mykel
mykids
mykids03
mykids1
mykids2
mykids3
mykids4
mykids5
myking
mykitty
mylabs
mylady
mylene
myles
myles1
mylife
mylife1
mylife2
mylittlepony
mylord
mylove
mylove!
mylove1
mylove12
mylove123
mylove13
mylove2
mylove21
mylove3
mylove4
mylove4u
mylove5
mylove69
mylove7
mylovely
mylover
mylover1
myloves
myluv
myluvs
myluvz
mymail
mymama
mymelody
mymine
mymom
mymom1
mymommy
mymommy1
mymoney
mymonkey
mymother
mymummy
mymusic
mymymy
myname
myname1
mynameis
mynewlife
mynigga
mynigga1
myonly1
myonlylove
myonlyone
mypass
mypassword
mypet
mypets
myphotos
mypics
mypictures
mypix
myplace
mypooh
myprince
myprincess
mypuppy
myranda
myriam
myrna
myrock
myrockyou
myron
myroom
myrtle
mysavior
myscene
mysecret
myself
myself1
myshit
mysister
myslide
myslides
myslideshow
mysoul
myspace
myspace!
myspace.
myspace.com
myspace0
myspace01
myspace06
myspace07
myspace08
myspace1
myspace10
myspace11
myspace12
myspace123
myspace13
myspace14
myspace2
myspace21
myspace22
myspace23
myspace3
myspace4
myspace5
myspace6
myspace7
myspace8
myspace9
myspacepics
mystar
mysterio
mysterio619
mysterious
mystery
mystery1
mystic
mystic1
mystical
mystikal
mystique
mystuff
mystyle
mythology
mytime
mytwins
mywife
myworld
myworld1
myyahoo
mzsexy
n12345
n123456
n1cole
nabil
nabila
nabilah
nachito
nacho
nacho1
nachonovo
nachos
nacional
nacole
nadeem
nadege
nadhirah
nadia
nadia1
nadiah
nadiesabe
nadine
nadine1
nadira
nadroj
nadya
naenae
naenae1
nafisa
nafnaf
nagrom
nahnah
nahomi
nahomy
nailah
nailpolish
naima
nainai
nairda
nairobi
naisha
najera
najihah
nakamura
nakata
naked
nakita
naknak
nalani
nalgas
nalle
nallely
nalyn
namaku
namaste
nameless
namfon
namnam
nana
nana01
nana07
nana08
nana1
nana11
nana12
nana123
nana13
nana14
nana15
nana17
nanana
nananana
nanang
nanas
nanay
nanayko
nancy
nancy1
nancy123
nancydrew
nancys
nanda
nandito
nando
naneng
nanette
naning
nanis
nanita
nanito
nanna
nannan
nanner
nanners
nannie
nanny
nanny1
nanook
naomi
naomi1
naomie
naosei
napier
naples
napolean
napoleon
napoleon1
napoli
napster
naraku
naranja
naranjo
narayan
narcis
narcisa
narciso
naresh
narnia
narsis
naruhina
naruto
naruto1
naruto10
naruto101
naruto11
naruto12
naruto123
naruto13
naruto14
naruto2
naruto3
naruto5
naruto7
narutouzumaki
narvaez
nascar
nascar08
nascar1
nascar20
nascar24
nascar3
nascar48
nascar8
nascar88
nascimento
naseem
nash13
nasher
nashville
nasigoreng
nasreen
nassau
nasser
nasty
nasty1
nastygirl
nat123
natacha
natacion
natal
natalee
natali
natalia
natalia1
natalie
natalie1
natalie12
natalie123
natalie2
natalie3
natalie7
natalija
nataly
natalya
natanael
natasa
natascha
natasha
natasha1
natasha123
natasja
natasya
nate
nate123
natedog
natedogg
natha
nathali
nathalia
nathalie
nathaly
nathan
nathan01
nathan02
nathan03
nathan04
nathan05
nathan06
nathan07
nathan08
nathan1
nathan10
nathan11
nathan12
nathan123
nathan13
nathan14
nathan16
nathan17
nathan2
nathan21
nathan22
nathan23
nathan24
nathan3
nathan4
nathan5
nathan6
nathan7
nathanael
nathanial
nathaniel
nathaniel1
nathen
nathy
nation
national
natita
native
native1
nativepride
natividad
natnat
natsume
natsumi
nattie
natty
natty1
natural
naturaleza
nature
natwolff
naufal
naughty
naughty1
naughtygirl
nautica
nautical
navajo
navarrete
navarro
naveed
naveen
navidad
navigator
navyblue
navyseal
nayara
nayeli
nayelli
nayely
naynay
naynay1
nazare
nazarene
nazareno
nazareth
nazgul
nbalive
nbanba
ncc1701
ncc1701d
ncc1701e
ne1469
nebraska
nebraska1
nebula
nebuna
nebunatica
nebunatik
nebunik
nebunu
necaxa
necklace
necole
necromancer
nectar
nederland
nedved
need4speed
needforspeed
needlove
neelam
neenee
neenee1
neesha
nefertiti
neftali
negative
negima
negra
negras
negris
negrita
negrito
negro
negro1
negros
nehemiah
neisha
neknek
nelida
nelita
nella
nelle
nellie
nellie1
nelly
nelly1
nelly12
nelly123
nelly2
nellys
nellyville
nelson
nelson1
nelutu
nemanja
nemesis
nemesis1
nemo
nemo12
nemo123
nemrac
nena
nena1
nena11
nena12
nena123
nena13
nena14
nena15
nena16
nena17
nenabonita
nenahermosa
nenalinda
nenamoxa
nenanena
nenas
nenasexy
nene1
nene12
nene123
nene13
nenene
neneng
neneteamo
nenis
nenita
nenitalinda
nenitas
nenito
nenuco
neopet
neopets
neopets1
neopunk
nepal
nepali
nephew
neptune
neptunes
neptuno
nerak
nereida
nerissa
nermal
nerual
nescafe
nesha
nesha1
neshia
nessa
nessa1
nessa123
nessie
nestea
nestle
nestor
netball
netball1
netgear
netnet
netscape
netsirk
netta
nette
nettie
network
neutron
nevada
nevaeh
nevaeh1
neveah
never
never1
neveragain
neverdie
neverever
neverforget
nevergiveup
nevergone
neverguess
neverland
nevermind
nevermore
nevets
neville
new123
newark
newbaby
newbaby1
newberry
newbie
newborn
newcastle
newcastle1
newday
newera
newgirl
newholland
newhope
newhouse
newjersey
newjersey1
newlife
newlife06
newlife07
newlife08
newlife1
newlook
newlove
newman
newman1
newman12
newmexico
newmoon
newnew
newnew1
newone
neworleans
newpass
newpass1
newpassword
newport
newport1
newport100
newports
newrock
newrockyou
newsboys
newspaper
newstart
newton
newtown
newworld
newyear
newyears
newyork
newyork1
newyork12
newyork123
newyork2
newyork3
newyork7
newyorkcity
newzealand
nextel
nextel1
neyney
ngapuhi
ngentot
nguyen
nhica
niagara
niall
niamh
nibbler
nibbles
nibbles1
nic0le
nic123
nicanor
nicaragua
niccole
niceboy
niceday
nicegirl
niceguy
niceone
nicetry
nichelle
nichol
nichola
nicholas
nicholas1
nicholas2
nicholas7
nichole
nichole1
nichole12
nicholle
nicholls
nichols
nicholson
niciodata
nick
nick01
nick05
nick06
nick07
nick08
nick1
nick10
nick101
nick11
nick12
nick123
nick1234
nick13
nick14
nick15
nick16
nick21
nick22
nick23
nick24
nick69
nicka
nickcarter
nickel
nickelback
nickers
nickey
nicki
nicki1
nickie
nickj
nickjonas
nickjonas1
nickle
nickleback
nicknack
nickname
nicknick
nicko
nickolas
nickolas1
nickole
nicky
nicky1
nicky123
nicnac
nicnic
nicol
nicol3
nicola
nicola1
nicolae
nicolai
nicolas
nicolas1
nicolasa
nicole
nicole!
nicole.
nicole01
nicole02
nicole03
nicole04
nicole05
nicole06
nicole07
nicole08
nicole09
nicole1
nicole10
nicole101
nicole11
nicole12
nicole123
nicole13
nicole14
nicole15
nicole16
nicole17
nicole18
nicole19
nicole2
nicole20
nicole21
nicole22
nicole23
nicole24
nicole25
nicole26
nicole27
nicole28
nicole29
nicole3
nicole33
nicole4
nicole5
nicole6
nicole69
nicole7
nicole8
nicole84
nicole85
nicole86
nicole87
nicole88
nicole89
nicole9
nicole90
nicole91
nicole92
nicole93
nicole94
nicole95
nicole99
nicoleta
nicolette
nicolita
nicoll
nicolle
nicolo
nicoya
niculescu
nicusor
nidia
niecey
niesha
nieves
nigel
nigel1
nigeria
nigga
nigga1
nigga12
nigga123
nigga2
nigga3
niggah
niggaplease
niggas
niggas1
niggaz
niggaz1
nigger
nigger1
nigger2
niggers
night
night1
nightcrawler
nighthawk
nightingale
nightlife
nightmare
nightmare1
nights
nightshade
nightwish
nightwolf
nijmegen
nijntje
nike
nike10
nike11
nike12
nike123
nike23
nike90
nikeair
nikeairmax
nikenike
nikhil
nikita
nikita1
nikka
nikki
nikki01
nikki06
nikki07
nikki08
nikki09
nikki1
nikki10
nikki101
nikki11
nikki12
nikki123
nikki13
nikki14
nikki15
nikki18
nikki2
nikki21
nikki22
nikki23
nikki3
nikki4
nikki5
nikki6
nikki7
nikki8
nikki9
nikkia
nikkib
nikkie
nikkie1
nikkis
nikkisixx
nikkita
nikko
nikko1
nikky
niklas
niknak
niknik
niknok
nikol
nikola
nikolai
nikolas
nikole
nikoleta
nikolina
nikos
nilda
nilson
nilton
nimbus
nimeni
nimrod
nina
nina12
nina123
nina13
ninalinda
ninanina
ninas
niners
nineteen
ninewest
ningning
ninguna
nining
nininha
ninini
ninita
ninja
ninja1
ninja123
ninja2
ninjas
ninoska
nintendo
nintendo1
nintendo64
nintendods
nintendogs
nintendowii
nipper
nipple
nipples
nippon
nique
nique1
nirmala
nirvana
nirvana1
nisha
nisha1
nissan
nissan1
nissan350z
nissanskyline
nistelrooy
nitnit
nitram
nitro
nitro1
nitrous
nitsuj
niurka
nivram
nixon
niyah
niã±a
nmnmnm
nnnnn
nnnnnn
nnnnnnn
nnnnnnnn
no1bitch
no1knows
noah06
noah123
noahsark
noangel
nobhead
nobita
nobody
nobody1
nobodyknows
nochance
noddy
nodoubt
noelani
noelia
noella
noelle
noelle1
noemi
noemie
noentry
nofear
noggin
nognog
nogueira
nohemi
nohemy
noidea
noidoi
noiembrie
nojodas
nokia
nokia1
nokia123
nokia3220
nokia3310
nokia5200
nokia5300
nokia6230
nokia6300
nokia6600
nokia6630
nokia7610
nokiaa
nokian70
nokian73
nokian95
nokias
noknok
nolan
nolasco
noles1
nolimit
nolimit1
nolimits
nolose
nolove
nolove1
nolram
nomads
nomames
nomanches
nombre
nomeacuerdo
nomejodas
nomelase
nomercy
nomore
nomore1
noname
noneya
nongnong
nonnie
nonong
nonono
nonoy
nonsense
nonstop
noodle
noodle1
noodles
noodles1
nookie
nookie1
noone
nooneknows
noonie
noonoo
nopass
nopassword
noraini
norbert
norberto
noreen
noregrets
norfolk
noriega
noriel
norika
noriko
norita
norma
norma1
normajean
normal
norman
norman1
normandy
normita
norris
norte
norte14
north
north1
north14
northcarolina
northeast
northern
northside
northside1
northstar
northwest
northwood
norton
norton1
norules
norway
norwich
norwood
nosenada
nosenose
nosequeponer
nosferatu
noside
nosilla
nosmoking
nosotros
nostalgia
nostradamus
nosurrender
nosyaj
not4u2c
not4you
notagain
notalone
notebook
notebook1
notengo
nothin
nothing
nothing1
notice
notnot
notorious
notredame
notredame1
notrust
nottelling
nottingham
notyou
notyours
nounou
nounours
november
november1
november10
november11
november12
november13
november14
november15
november16
november17
november18
november19
november2
november20
november21
november22
november23
november24
november25
november26
november27
november28
november29
november3
november30
november4
november5
november6
november7
november8
november9
novemberrain
novembro
novie
noviembre
novita
noway
noway1
nowayout
nowitzki
noynoy
nsync
nsync1
nubian
nuestroamor
nuevavida
nueve
nugget
nugget1
nuggets
nugraha
nugroho
nuknuk
numark
numba1
number
number1
number10
number11
number12
number13
number14
number15
number1mom
number2
number20
number21
number22
number23
number24
number3
number4
number5
number6
number7
number8
number9
numberone
numbers
numero
numero1
numerouno
numlock
nunavut
nuncamas
nuncateolvidare
nungning
nuninho
nunogomes
nurain
nuraini
nuria
nuriko
nurse
nurse07
nurse1
nursery
nurses
nursing
nursing1
nurul
nurulain
nustiu
nutcase
nutcracker
nutella
nutmeg
nutnut
nutter
nuttertools
nutty
nuttytart
nwo4life
nyasha
nyasia
nycole
nyjets
nyleve
nymets
nymphetamine
nympho
nyyankees
o123456
oakcliff
oakland
oakland1
oakley
oaktown
oaktree
oakwood
oasis
oasis1
oatmeal
oaxaca
obelix
obiwan
oblivion
obloom
obregon
obrien
obsession
obvious
ocampo
ocarina
ocean
ocean1
ocean11
oceanblue
oceane
oceano
oceans
oceans11
oceanside
ochoa
oconnor
octavia
octavian
octavio
october
october06
october1
october10
october11
october12
october13
october14
october15
october16
october17
october18
october19
october2
october20
october21
october22
october23
october24
october25
october26
october27
october28
october29
october3
october30
october31
october4
october5
october6
october7
october8
october9
octombrie
octopus
octubre
odalis
oddball
odessa
odette
odontologia
odracir
odyssey
ofelia
office
officer
offline
offspring
ohbaby
ohiostate
ohiostate1
ohlala
ohmygod
ohmygosh
ohshit
ohsnap
ohyeah
oicu812
oilers
oiloil
oinkoink
oioioi
ojitos
ojkiyd
ojkiydot
ojosverdes
okidoki
okiedokie
okinawa
oklahoma
oklahoma1
okokok
oksana
oktober
olamide
olaola
oldies
oldman
oldnavy
oldnavy1
oldschool
oldskool
oldtrafford
oleander
olemiss
olemiss1
olenka
olguita
olifant
olimpia
olinda
olivares
olive
olive1
oliveira
olivejuice
oliveoil
oliver
oliver1
oliver12
oliver123
oliver2
olivera
oliveros
olives
olivia
olivia1
olivia11
olivia12
olivia123
olivia2
olivia3
olivier
ollie
ollie1
ollie123
olmedo
olvera
olvidar
olvido
olympia
olympiakos
olympic
olympics
olympus
omalley
omar
omar1
omar12
omar123
omar13
omarbravo
omarcito
omari
omari1
omarion
omarion1
omarion2
omarion21
omarsito
omarteamo
ombladon
omega
omega1
omerta
omg123
omgomg
omicron
omonoia
ompong
omsairam
one234
one2three
oneandonly
oneblood
oneday
onegod
oneill
onelove
onelove1
onelove2
oneluv
oneofakind
oneone
onepiece
onetime
onetreehill
onetwo
onetwo3
onetwothree
oneway
onewish
onewish1
onfire
onimusha
onions
onizuka
online
online1
only14me
only1god
only1love
only1me
only4me
onlyhope
onlyiknow
onlylove
onlyme
onlyme1
onlyone
onlyyou
onmyown
onomatopoeia
ontario
onutza
oogabooga
oohlala
ooooo
oooooo
ooooooo
oooooooo
opelastra
opelcorsa
open123
open4me
opendoor
openit
openme
opennow
openopen
opensesame
openup
operation
operator
ophelia
opopop
optical
optimus
option
options
optiplex
oracle
oragon
orange
orange!
orange1
orange10
orange11
orange12
orange123
orange13
orange14
orange15
orange2
orange21
orange22
orange23
orange3
orange4
orange5
orange6
orange7
orange8
orange9
orangecounty
orangejuice
oranges
oranges1
orchard
orchestra
orchid
orchids
ordenador
ordinary
ordinateur
oregon
oregon1
orejas
orellana
oreo
oreo11
oreo12
oreo123
oreo13
oreo22
oreocookie
oreooreo
oreos
orestes
organic
orgasm
orgasmo
oriana
oriental
oriflame
origami
original
original1
orioles
orion
orion1
orlando
orlando1
orlando2
orlando7
orlandob
orlandobloom
ornella
orochimaru
orozco
orquidea
ortega
ortiz
orville
osang
osborne
osbourne
oscar
oscar01
oscar1
oscar11
oscar12
oscar123
oscar13
oscar2
oscar3
oscar5
oscar7
oscardog
oscarin
oscarito
oscarr
oscars
oscarteamo
oscuridad
oshane
osiris
osita
ositas
osito
osito1
ositos
oskar
osman
osopanda
osopolar
osorio
ospreys
osvaldo
oswald
oswaldo
otcho
othello
others
otherside
otilia
otoniel
ottawa
otters
ou812
ou8122
ourlove
outback
outcast
outkast
outkast1
outlaw
outlaw1
outlaws
outlawz
outrageous
outside
outsider
outsiders
outubro
overdose
overdrive
overit
overkill
overload
overlord
overyou
ovidiu
owen10
owens81
ownage
oxford
oxygen
oyster
ozzie
ozzie1
ozzy123
p.i.m.p
p00hbear
p00p00
p0o9i8
p0o9i8u7
p0pc0rn
p12345
p123456
p455w0rd
p4ssw0rd
p@ssw0rd
p@ssword
p@ssword1
pa$$word
pa55w0rd
pa55word
paarden
pablito
pablo
pablo1
pablos
pabloteamo
pacers
pacheco
pachis
pachita
pachito
pachuca
pachuchay
pachuco
paciencia
pacific
pacifico
pacino
pacita
packard
packardbell
packer
packers
packers1
packers4
pacman
pacman1
pacoteamo
pacsun
pacute
padaba
padang
padangat
paddington
paddy
paddy1
paddy123
padfoot
padilla
padraig
padres
padrino
pagedown
pageup
pagibig
pagong
paige
paige1
paige12
paige123
paige13
paige2
paigey
painful
painislove
painkiller
paintball
paintball1
painter
painting
paisley
paixao
pajarita
pajarito
pajaro
pajero
paki4life
paki786
pakistan
pakistan1
pakistan786
pakistani
pakita
pakito
palaboy
palabra
palabras
palace
palacio
palacios
paladin
palafox
palaka
palang
palangga
palawan
palembang
palencia
palermo
palestine
paleta
palidhje
palito
pallmall
palma
palmer
palmetto
palmira
palmolive
palmtree
palmtree1
palmtrees
palmundo
paloma
paloma1
palomares
palomino
palomita
palomitas
palomo
palos
pam123
pamela
pamela1
pamelita
pammie
pampam
pampanga
pampers
pamplona
pampoo
panama
panama1
panasonic
panatha
panathinaikos
pancake
pancake1
pancakes
pancakes1
pancha
panchita
panchito
pancho
pancho1
panda
panda1
panda11
panda12
panda123
panda13
panda14
panda2
panda3
pandabear
pandabear1
pandalandia
pandas
pandas1
panday
pandita
panditas
pandora
pandora1
panfilo
pangan
panganiban
pangeran
panget
pangetako
pangetka
pangetko
pangetmo
pangetz
pangga
pangilinan
pangit
pangitako
pangitka
pango
pangpang
pangya
panic
panic!
panic1
panicatthedisco
panorama
panpan
pantalon
pantat
pantek
pantelimon
pantene
panter
pantera
pantera1
panterarosa
panteras
panterita
panther
panther1
panther2
panthers
panthers1
panties
pantoja
pants
pantufa
panyang
panzer
paokara
paola
paola1
paola12
paola123
paolas
paolateamo
paolis
paolita
paolo
paopao
papa12
papa123
papabear
papacito
papagaio
papagal
papako
papalote
papamama
papang
papapa
paparazzi
paparoach
papart
papas
papasito
papasmurf
papaya
papaymama
paper
paper1
paperboy
paperclip
papercut
papers
papichulo
papichulo1
papillon
papimami
papirrin
papita
papiteamo
papito
papito1
papoila
papoose
pappas
pappy1
paprika
papucho
papusa
papusica
papusik
paquita
paquito
paracetamol
parada
parade
paradis
paradise
paradise1
paradox
paragon
paraguay
paraiso
paralelepipedo
paramedic
paramore
paramore1
paranoia
paranoid
paraque
parasiempre
parasite
parati
parazitii
paredes
pareja
pareko
parekoh
parekoy
parent
parents
parfum
paris
paris06
paris1
paris12
paris123
paris2
parish
parishilton
pariss
parker
parker1
parker9
parkhead
parkour
parkside
parkview
parkway
parokya
parola
parolamea
parramatta
parris
parrish
parrot
parsley
parsons
parties
partizan
partner
party
party1
party123
partyanimal
partyboy
partygirl
partygirl1
partyhard
partys
partytime
partz
pasadena
pasaporte
pasarica
pasaway
pascal
pascale
pascua
pascual
pascualina
pasha
pasion
pasita
pasodeblas
pasquale
pass
pass12
pass123
pass1234
pass1word
passat
passcode
passed
passing
passion
passion1
passion2
passionate
passionfruit
passions
passme
passord
passowrd
passpass
passport
passport1
passsword
passw0rd
passward
passwerd
passwor
password
password!
password*
password.
password0
password00
password01
password05
password06
password07
password08
password09
password1
password10
password101
password11
password12
password123
password1234
password12345
password13
password14
password15
password16
password17
password18
password19
password2
password20
password21
password22
password23
password24
password25
password26
password27
password28
password3
password32
password33
password4
password44
password45
password5
password55
password6
password69
password7
password77
password8
password87
password88
password89
password9
password90
password91
password92
password93
password94
password95
password99
password?
passwordd
passwordko
passwords
passwort
pasta
pastel
pastelito
pastilla
pastor
pastora
pastrana
pasword
pasword1
pat123
patata
patate
patch
patch1
patch123
patches
patches1
patches2
patchie
patchy
paterson
pateta
pathetic
pathfinder
patico
patience
patience1
patineta
patita
patito
patitofeo
patolin
patolucas
patos
patpat
patria
patric
patrica
patrice
patrice1
patricia
patricia1
patricio
patrick
patrick!
patrick01
patrick1
patrick12
patrick123
patrick2
patrick22
patrick23
patrick3
patrick4
patrick5
patrick7
patrickstar
patrik
patriot
patriots
patriots1
patriots12
patrisha
patron
patronus
patsy
pattaya
patterson
patterson1
pattie
patton
patty
patty1
patty123
pattycake
paul
paul01
paul12
paul123
paul21
paul22
paula
paula1
paula123
paulaandrea
paulas
pauleen
paulene
paulette
paulfrank
pauli
paulica
paulie
paulin
paulina
paulina1
pauline
pauline1
paulinha
paulinho
paulinita
paulino
paulis
paulita
paulito
pauljohn
paulo
paulos
paulpaul
paulus
paulwalker
paulwall
pauly
paulyn
paupau
pavel
pavilion
pavilion1
pawpaw
paxton
payasito
payaso
payat
payatot
payback
payday
paypay
payton
payton1
payton34
pazaway
pazyamor
pazzaway
pazzword
pbandj
pdiddy
peabody
peace
peace!
peace1
peace12
peace123
peace2
peace3
peace7
peaceandlove
peaceful
peacelove
peacemaker
peaceman
peaceout
peaceout1
peaces
peach
peach1
peaches
peaches1
peaches12
peaches2
peaches3
peaches4
peaches7
peachez
peachie
peachtree
peachy
peachy1
peacock
peanut
peanut!
peanut01
peanut05
peanut06
peanut07
peanut08
peanut1
peanut10
peanut11
peanut12
peanut123
peanut13
peanut2
peanut21
peanut22
peanut23
peanut3
peanut4
peanut5
peanut6
peanut69
peanut7
peanut9
peanutbutter
peanuts
peanuts1
peapod
pearce
pearl
pearl1
pearljam
pearls
pearly
pearson
pebble
pebbles
pebbles1
pebbles2
pecas
pechan
pechocha
pechocho
pecker
pecosa
pecosita
pedersen
pedigree
pedorro
pedrinho
pedrito
pedro
pedro1
pedrocas
pedros
pedrosa
pedroteamo
peejay
peekaboo
peekaboo1
peepee
peepee1
peepers
peeps
peewee
peewee1
peewee13
peewee2
pegaso
pegasus
peggy
peggy1
peggysue
peipei
peixes
peixinho
pekeã±a
pekpek
pelado
pelangi
pelayo
pelican
pelicula
peligro
pelon
pelona
pelos
pelota
pelotero
peluca
peluche
peluche1
peluches
peluchin
peluchito
peludo
pelusa
pelusita
peluso
peluza
pembroke
penang
pencil
pencil1
pencilcase
pencils
pendeja
pendejo
pendejos
pendragon
penelope
penelope1
penfold
penguin
penguin1
penguin2
penguin7
penguins
penguins1
penis
penis1
penis123
penis69
penney
pennie
pennies
pennstate
penny
penny1
penny12
penny123
penny2
pennylane
pennys
pennywise
penpen
pensacola
penshoppe
pentagon
pentagram
pentium
pentium4
people
people1
people12
people123
people2
peoples
pepe123
pepelucho
pepeteamo
pepina
pepino
pepita
pepito
pepper
pepper01
pepper07
pepper1
pepper10
pepper11
pepper12
pepper123
pepper13
pepper2
pepper23
pepper3
pepper4
pepper5
pepper7
pepperann
peppermint
pepperoni
peppers
peppie
peppy
pepsi
pepsi1
pepsi12
pepsi123
pepsi2
pepsi5
pepsicola
pepsimax
pepsis
peque
pequena
peques
pequeã±a
pequitas
peralta
percival
percussion
percy
percy1
perdana
perdida
perdomo
perdon
perdoname
pereira
perempuan
perez
perez1
perfect
perfect1
perfect10
perfecta
perfection
perfecto
performance
perfume
perica
pericles
perico
pericos
peridot
period
periquito
perita
periwinkle
perkins
perla
perla1
perlas
perlita
permana
permata
permen
perola
perra
perras
perreo
perrin
perris
perrita
perrito
perritos
perro
perro1
perroloco
perron
perros
perry
perry1
persia
persian
persib
persija
person
person1
personal
personal1
peruana
peruanita
peruano
peruvian
pervert
pescadito
pescado
pestinha
petals
petardas
pete123
peter
peter1
peter12
peter123
peter2
peterbilt
peterjohn
peterpan
peterpan1
peters
peterson
petewentz
petewentz1
petey
petey1
petite
petlover
petpet
petra
petrica
petrie
petrisor
petronela
petronila
petros
petrov
petrus
petruta
petter
petunia
peugeot
peyton
peyton1
peyton18
phanget
phanie
phantom
phantom1
pharmacist
pharmacy
pharrell
phatboy
phatfarm
phatgirl
phatty
phelps
phenix
pheobe
pheonix
phil413
philadelphia
philip
philip1
philipp
philippa
philippe
philippines
philips
phillies
phillip
phillip1
phillips
phillips1
philly
philly1
philly215
philomena
phoebe
phoebe1
phoenix
phoenix1
phone
phone1
phone123
phonebook
phones
photo
photo1
photobucket
photography
photos
photos1
phuket
phuong
phx602
phylicia
phyllis
physics
pianist
piano
piano1
pianos
piazza
picachu
picard
picasso
picasso1
piccola
piccolo
pichi
pichirilo
pichis
pichon
pickle
pickle1
pickle2
pickles
pickles1
pickles2
picnic
picolina
picolo
picoro
pics
pics4me
picture
picture1
pictures
pictures1
piczo
pie123
pieces
piedad
piedra
pieface
pieman
piepie
pierce
piercing
pierina
pierito
piero
pierre
pierre1
pieter
pietro
pig123
pigeon
piggie
piggies
pigglet
piggy
piggy1
piggy123
piggy2
piggybank
piggys
piglet
piglet1
piglet12
piglet123
piglet2
piglets
pigpen
pigpig
pigsfly
pikachu
pikachu1
pikapika
pilapil
pilar
pilarcita
pilgrim
pilipinas
pilipino
pilita
pillar
pillow
pillow1
pillows
pilot
pilot1
piloto
pilots
pimboli
pimenta
pimentel
pimienta
pimp
pimp#1
pimp01
pimp05
pimp06
pimp07
pimp08
pimp09
pimp1
pimp10
pimp101
pimp11
pimp12
pimp123
pimp1234
pimp13
pimp14
pimp15
pimp16
pimp18
pimp21
pimp22
pimp23
pimp24
pimp4life
pimp69
pimp99
pimpcess
pimpdaddy
pimpdaddy1
pimped
pimpen
pimper
pimpette
pimpette1
pimpim
pimpin
pimpin!
pimpin1
pimpin101
pimpin12
pimpin13
pimpin2
pimpin23
pimpin3
pimpin5
pimpin69
pimpin7
pimping
pimping1
pimpjuice
pimple
pimpmyride
pimpollo
pimppimp
pimps
pimpshit
pimpsta
pimpster
pimptress
pinacolada
pinapple
pinay
pinball
pinche
pindakaas
pineapple
pineapple1
pineapples
pinecone
pineda
pinetree
pinewood
pingky
pingping
pingpong
pingu
pingui
pinguim
pinguin
pinguino
pinhead
pinheiro
pinina
pink
pink00
pink01
pink02
pink03
pink04
pink05
pink06
pink07
pink08
pink09
pink1
pink10
pink100
pink101
pink11
pink12
pink123
pink1234
pink13
pink14
pink143
pink15
pink16
pink17
pink18
pink19
pink20
pink2006
pink2007
pink21
pink22
pink23
pink24
pink25
pink26
pink27
pink28
pink29
pink321
pink33
pink333
pink44
pink45
pink4eva
pink55
pink66
pink69
pink77
pink84
pink85
pink86
pink87
pink88
pink89
pink90
pink91
pink92
pink93
pink94
pink95
pink96
pink99
pinkaholic
pinkangel
pinkbabe
pinkbaby
pinkbear
pinkblue
pinkbunny
pinkbutterfly
pinkcat
pinkchick
pinkdog
pinkee
pinker
pinkers
pinkey
pinkfairy
pinkflower
pinkfloyd
pinkfloyd1
pinkfluff
pinkgal
pinkgirl
pinkgirl1
pinkgurl
pinki
pinkice
pinkie
pinkie1
pinkies
pinkish
pinkky
pinkladies
pinklady
pinklady1
pinklips
pinklove
pinklover
pinkme
pinkmonkey
pinkness
pinkpanter
pinkpanther
pinkpig
pinkpigs
pinkpink
pinkpink1
pinkpony
pinkprincess
pinkpunk
pinkrocks
pinkrose
pinkroses
pinkrox
pinkrules
pinks
pinkslip
pinkstar
pinkstars
pinkster
pinktink
pinky
pinky07
pinky08
pinky1
pinky10
pinky101
pinky11
pinky12
pinky123
pinky13
pinky14
pinky16
pinky2
pinky22
pinky3
pinky4
pinky5
pinky6
pinky69
pinky7
pinky8
pinkygirl
pinkys
pinkyy
pinkz
pinnacle
pinocho
pinokio
pinoy
pinoyako
pinpin
pinpon
pintar
pintas
pinto
pintura
piojito
piolin
piolina
piolo
pioneer
pioneer1
pioneers
piopio
pipay
pipeline
piper
piper1
pipers
pipinha
pipipi
pipito
pipkin
pipoca
pipocas
pipoka
pipoy
pippa
pippen
pippen33
pipper
pippin
pippin1
pippip
pippy
piramida
piramide
piranha
pirata
piratas
pirate
pirate1
pirates
pirates1
pirilampo
piruja
pirula
pirulo
pisang
pisces
pisces1
piscis
pisica
pisicuta
pisicutza
pisoias
pissed
pissedoff
pisshead
pissoff
pissoff1
pistache
pistol
piston
pistons
pistons1
pitagoras
pitbul
pitbull
pitbull1
pitbulls
pitcher
pitica
piticot
piticu
pitinha
pittbull
pittsburgh
pitucha
pitufa
pitufina
pitufo
pituxa
piupiu
pixie
pixie1
pixiedust
pixies
pizarro
pizza
pizza1
pizza12
pizza123
pizza2
pizza5
pizzahut
pizzahut1
pizzaman
pizzapie
pizzas
placebo
placido
planes
planet
planeta
plankton
planner
plants
plasma
plaster
plastic
plastic1
platano
platinum
platinum1
platon
platypus
playa
playa1
playa4life
playa69
playah
playas
playaz
playb0y
playball
playboi
playboii
playboy
playboy!
playboy01
playboy06
playboy07
playboy08
playboy1
playboy10
playboy101
playboy11
playboy12
playboy123
playboy1234
playboy13
playboy14
playboy15
playboy16
playboy18
playboy2
playboy21
playboy22
playboy23
playboy3
playboy5
playboy6
playboy69
playboy7
playboy8
playboybunny
playboys
playboyz
playbunny
player
player1
player12
player123
player13
player2
player21
player23
player3
player69
players
playful
playgal
playgirl
playgirl1
playgirl69
playground
playgurl
playhouse
playing
playmaker
playmate
playmate1
playstation
playstation2
playstation3
playtime
pleasant
please
please1
pleasure
pleasure1
plies
plies1
plmokn
plokij
plonker
plopplop
ployploy
pluisje
plumber
plumeria
plummer
plus44
plusone
pluto
pluto1
pluton
plymouth
pocahontas
pochacco
pochaco
pochi
pochie
pochita
pochito
pocho
pocholo
pocket
pockets
pocoyo
poderosa
poderoso
poekie
poepie
poesia
poesje
poetic
poetry
poetry1
pogiako
pogiko
pogime
pogita
pogito
poi098
pointe
pointer
pointy
poipoi
poison
poison1
poisonivy
poisson
poiuy
poiuyt
poiuytre
poiuytrewq
pokadot
pokemon
pokemon1
pokemon10
pokemon12
pokemon123
pokemon2
pokemon3
pokemons
poker
poker1
pokerface
pokers
pokesmot
pokey
pokey1
pokhara
poknat
pokpok
pokwang
polaco
polanco
poland
polarbear
polarbear1
polaris
policarpio
police
police1
policeman
policia
policy
polina
polish
polisi
polita
polite
politecnico
politia
politica
polito
polkadot
polkadots
polkadots1
polkaudio
polla
pollard
pollie
pollis
pollita
pollito
pollito1
pollitos
pollo
pollock
pollos
polly
polly1
polly123
pollyanna
pollypocket
polo
polo12
polo123
polola
pololo
polonia
polopolo
polosport
polpol
polska
polska1
pommes
pomona
pompam
pompey
pompis
pompom
ponce
ponce1
ponchito
poncho
poncho1
pongo
pongo1
pongpang
pongpong
ponies
ponorogo
ponpon
pontiac
pontiac1
pontianak
pony123
ponyang
ponyboy
ponygirl
ponytail
poo123
poobear
poobum
pooch
poochi
poochie
poochie1
poochy
poodie
poodle
poodle1
poodles
pooface
pooh
pooh01
pooh02
pooh05
pooh06
pooh07
pooh08
pooh09
pooh1
pooh10
pooh11
pooh12
pooh123
pooh13
pooh14
pooh15
pooh16
pooh17
pooh18
pooh21
pooh22
pooh23
pooh24
pooh69
pooh89
poohbaby
poohbear
poohbear!
poohbear07
poohbear1
poohbear11
poohbear12
poohbear123
poohbear13
poohbear14
poohbear16
poohbear2
poohbear22
poohbear3
poohbear4
poohbear5
poohbear7
poohead
poohgirl
poohpooh
pooja
pooka
pooka1
pookey
pookie
pookie1
pookie12
pookie123
pookie13
pookie16
pookie2
pookie3
pookie7
pookiebear
pooky
pooky1
poonam
poooo
pooooo
pooop
poop
poop00
poop1
poop11
poop12
poop123
poop69
pooper
pooper1
poopers
poopey
poopface
poophead
poophead1
poopie
poopie1
poopie2
poopies
poopoo
poopoo1
poopoo2
poopoopoo
pooppoop
poops
poopsie
poopstain
poopy
poopy1
poopy2
poopyhead
poopypants
pooter
pooter1
pootie
pop123
popcorn
popcorn1
popcorn12
popcorn123
popcorn2
popcorn3
popcorn7
popescu
popeye
popeye1
popis
popito
popola
popolo
popopo
popopopo
popos
popoy
popper
poppers
poppet
poppie
poppies
poppin
poppins
popples
poppop
poppop1
popprincess
poppy
poppy1
poppy12
poppy123
poppy2
poppydog
poppys
poprocks
popsicle
popsie
popstar
popstar1
popstars
poptart
poptart1
poptarts
popular
popular1
porche
porfavor
porfirio
poring
porkchop
porkchop1
porky
porkypig
porno
pornografia
pornstar
pornstar1
porpor
porque
porras
porscha
porsche
porsche1
porsche911
porsha
porshe
porsiempre
porta
portable
portal
porter
porter1
portia
portillo
portimao
portista
portland
porto
portocala
portos
portsmouth
portuamor
portugal
portugal1
portugalia
portugues
portvale
posadas
poseidon
poser
positive
positivo
possible
possum
possum1
postal
poster
postman
postmanpat
pot420
potato
potato1
potatoe
potatoes
potchi
potchie
pothead
pothead1
pothead420
potito
potnoodle
potpot
potter
potter1
potter7
potters
pounce
pouncer
poupee
powder
powder1
powell
power
power1
power12
power123
power2
power3
powerade
powerful
powergirl
powerhouse
powerman
powerof3
powerpuff
powerpuffgirls
powerranger
powerrangers
powers
powers1
powpow
powwow
poypoy
ppppp
pppppp
ppppppp
pppppppp
pppppppppp
pr1nc3ss
pr1ncess
prada
prada1
praise
praisegod
praisehim
praisethelord
prakash
prancer
praning
prasad
prasetyo
pratama
pratiwi
praveen
pray4me
prayer
prayer1
prayers
preacher
preciosa
preciosa1
precioso
precious
precious1
precious12
precious2
precious3
precious7
predator
preeti
preety
pregnant
prelude
premier
premium
preppy
preppy1
presario
presario1
preschool
prescott
present
president
presidente
presiosa
presley
presley1
pressure
prestige
presto
preston
preston1
pretender
pretinha
pretty
pretty01
pretty08
pretty1
pretty10
pretty11
pretty12
pretty123
pretty13
pretty14
pretty15
pretty18
pretty2
pretty22
pretty23
pretty3
pretty5
pretty7
prettyako
prettyangel
prettybaby
prettyboy
prettyboy1
prettycute
prettyeyes
prettyface
prettygirl
prettygurl
prettyinpink
prettykitty
prettylady
prettyme
prettynpink
prettypink
prettyprincess
prettyricky
prettywoman
prety
pretzel
price
priceless
pricey
pricila
pride
pride1
priest
prieta
prieteni
prietenie
prieto
prima
primas
primavara
primavera
prime
primera
primero
primetime
primo
primos
primrose
primus
princ3ss
prince
prince1
prince12
prince123
prince2
prince22
prince55
princecharming
princes
princes1
princesa
princesa1
princesas
princesita
princess
princess!
princess#1
princess*
princess.
princess00
princess01
princess02
princess03
princess04
princess05
princess06
princess07
princess08
princess09
princess1
princess10
princess101
princess11
princess12
princess123
princess1234
princess13
princess14
princess15
princess16
princess17
princess18
princess19
princess2
princess20
princess21
princess22
princess23
princess24
princess25
princess26
princess27
princess28
princess3
princess30
princess32
princess33
princess4
princess5
princess6
princess69
princess7
princess77
princess8
princess84
princess85
princess86
princess87
princess88
princess89
princess9
princess90
princess91
princess92
princess93
princess94
princess95
princess96
princess97
princess98
princess99
princessa
princesse
princesshours
princessme
princesss
princesz
princeton
princez
princeza
princezz
principe
principessa
principito
pringle
pringles
prinses
prinsesa
prinsses
printer
printer1
printesa
prisca
prisci
priscila
priscilla
priscilla1
prishtina
prisila
prisma
prison
prisonbreak
prissy
prissy1
pritchard
privacy
privado
private
private1
priya
priyanka
problem
prodigy
profesor
professional
professor
profeta
profile
progress
prohibido
project
prom2008
promise
promise1
promises
promo2006
promo2007
promocion
pronto
propel
property
prophet
prospect
prosper
prosperity
prostituta
protect
protection
proton
proverbs
proverbs31
providence
proview
prowler
prozac
prudence
psalm139
psalm23
psalm91
psalms
psalms23
psalms91
psicologa
psicologia
psikologi
psp123
psyche
psychedelic
psycho
psycho1
psychology
public
publicidad
pucca
puccaygaru
puchi
puchini
puchis
puchito
puchunga
puchungo
puddin
puddin1
pudding
pudding1
puddle
puddles
puddles1
pudge
pudgie
pudrete
puebla
pueblo
puerta
puerto
puertorico
puffdaddy
puffer
puffin
puffy
puffy1
pufulet
pufulete
pug106
pugsley
pugsly
puimic
puipui
puisor
puiumeu
puiutu
puiutz
pujols5
pukimak
pukita
pukkie
pulamea
pulga
pulgas
pulgoso
pulguita
pulido
pulsar
pulsera
pumas
pumas1
pumasrebel
pumass
pumasunam
pumba
pumbaa
pumita
pumitas
pumkin
pumkin1
pumpit
pumpitup
pumpkin
pumpkin1
pumpkin12
pumpkin2
pumpkin3
pumpkinpie
pumpkins
pumpum
punani
punisher
punjab
punjabi
punk
punk101
punk12
punk123
punk13
punk4life
punkass
punked
punkemo
punker
punkers
punketa
punkgirl
punkgurl
punkie
punkin
punkin1
punkista
punkizta
punkme
punknotdead
punkprincess
punkrock
punkrock1
punkrock101
punkrocker
punks
punksnotdead
punkstar
punkster
punky
punky1
punkyfish
punkz
punyeta
punzalan
pupici
puppet
puppie
puppies
puppies1
puppies123
puppies2
puppup
puppy
puppy1
puppy101
puppy12
puppy123
puppy13
puppy2
puppy3
puppy5
puppy6
puppy7
puppydog
puppydog1
puppylove
puppylove1
puppylover
puppyluv
puppypower
puppys
puppys1
puput
puravida
purdue
purelove
purity
purnama
purpl3
purple
purple!
purple.
purple01
purple05
purple06
purple07
purple08
purple09
purple1
purple10
purple101
purple11
purple12
purple123
purple13
purple14
purple15
purple16
purple17
purple18
purple19
purple2
purple20
purple21
purple22
purple23
purple24
purple25
purple26
purple27
purple28
purple3
purple4
purple5
purple6
purple69
purple7
purple77
purple8
purple88
purple9
purple99
purplegirl
purplehaze
purplerain
purpose
purpura
pusing
puspita
pussie
pussinboots
pusspuss
pussy
pussy1
pussy12
pussy123
pussy2
pussy69
pussycat
pussycat1
pussycatdoll
pussycatdolls
pussycats
pussykat
pussys
putaka
putamadre
putamare
putangina
putanginamo
putas
putera
puteri
putita
putito
putos
putra
putri
putter
puttputt
puzzle
pwincess
pxndx
pyramid
pyramid1
python
q12345
q123456
q1q1q1
q1w2e3
q1w2e3r4
q1w2e3r4t5
q2w3e4
q2w3e4r5
qawsed
qawsedrf
qaz123
qazplm
qazqaz
qazqaz1
qazwsx
qazwsx1
qazwsx12
qazwsx123
qazwsxed
qazwsxedc
qazwsxedc1
qazwsxedcrfv
qazxsw
qazxsw1
qazxswedc
qazzaq
qistina
qpalzm
qqq111
qqqqq
qqqqqq
qqqqqqq
qqqqqqqq
qqqqqqqqqq
qtimporta
qtpie
quack
quackers
quagmire
quaker
quality
quanna
quantum
quaresma
quartz
quatro
quebec
queen
queen1
queen12
queen123
queen2
queena
queenb
queenb1
queenbee
queenbee1
queenbitch
queene
queenie
queenie1
queens
queens1
queensland
queeny
queenz
quennie
quentin
quentin1
queonda
quepasa
quepedo
queque
queretaro
querida
querido
querubin
quesha
quesito
queso
question
queteimporta
quetta
quetzal
quevedo
quezada
quezon
quiana
quicksilver
quidditch
quiero
quijano
quiksilver
quimera
quimica
quince
quincy
quincy1
quinn
quinn1
quinny
quinones
quinta
quintana
quintanilla
quinten
quintero
quintin
quinto
quinton
quinton1
quinty
quique
quiqui
quiroz
quisha
quispe
quita
qwaszx
qwaszx1
qwe123
qweasd
qweasdzxc
qwedsa
qweqwe
qwer12
qwer123
qwer1234
qwerasdf
qwerqwer
qwert
qwert1
qwert12
qwert123
qwert12345
qwert6
qwerty
qwerty.
qwerty1
qwerty11
qwerty12
qwerty123
qwerty1234
qwerty12345
qwerty123456
qwerty13
qwerty2
qwerty5
qwerty6
qwerty69
qwerty7
qwertyu
qwertyu1
qwertyui
qwertyuio
qwertyuio1
qwertyuiop
qwertyuiop[]
qwertyuiopasdfg
qwertz
qwqwqw
r0bert
r0ckstar
r0cky0u
r12345
r123456
r2d2c3po
rabbit
rabbit1
rabbit123
rabbit2
rabbits
rabito
raccoon
racecar
racecar1
racer1
racers
racerx
rach123
rachael
rachael1
racheal
rachel
rachel01
rachel1
rachel11
rachel12
rachel123
rachel13
rachel2
rachel3
rachell
rachelle
rachelle1
rachie
racine
racing
racing1
racoon
racquel
radamantis
radar
radar1
radcliffe
radford
radhika
radiation
radical
radio
radio1
radiohead
radiology
raducu
raeann
raegan
raelynn
raerae
raerae1
rafael
rafael1
rafaela
rafaelito
raffles
raffy
rafiki
rafinha
rafita
rafraf
ragazza
ragdoll
raghav
ragnarok
rahasia
rahayu
raheem
rahma
rahman
rahmat
rahrah
rahsia
rahul
raichu
raiden
raider
raider1
raiders
raiders1
raiders12
raiders13
raiders14
raiders18
raiders2
raiders3
raihan
raikkonen
railey
railroad
raimundo
rainbow
rainbow!
rainbow1
rainbow12
rainbow123
rainbow13
rainbow2
rainbow3
rainbow4
rainbow5
rainbow6
rainbow69
rainbow7
rainbow8
rainbows
rainbows1
raindrop
raindrops
raine
rainer
rainey
rainfall
rainforest
rainie
rainier
raining
rainman
rainrain
rainy
rainyday
rairai
raisa
raisin
raissa
raistlin
raiza
raizen
rajesh
rakata
rakel
rakelita
rakesh
rakion
rakista
rakizta
rakiztah
rakker
raleigh
ralph
ralph1
ralphie
ralphy
raluca
ralucutza
raluk
raluka
ram1500
ramadan
ramadhan
ramazan
rambo
rambo1
ramboo
rambutan
ramesh
ramil
ramirez
ramirez1
ramiro
rammstein
ramon
ramon1
ramona
ramona1
ramoncito
ramone
ramones
ramones1
ramos
ramos1
rampage
ramram
ramsay
ramses
ramsey
ramstein
ranarene
rancho
rancid
randa
randal
randall
randall1
randel
randell
randi
randolf
randolph
random
random1
random123
randomness
randy
randy1
randy12
randy123
randyorton
randys
rangel
ranger
ranger1
rangerover
rangers
rangers#1
rangers01
rangers07
rangers1
rangers11
rangers12
rangers123
rangers1690
rangers1873
rangers2
rangers51
rangers9
rangersfc
rangersfc1
rangersno1
rangga
raniel
ranita
ranitas
rankin
ranma
rannie
ranonline
ranran
ransom
rapero
raphael
rapid
rapido
raposo
rapper
rapper1
raprap
rapstar
raptor
raptors
rapture
rapunzel
raquel
raquel1
raquelita
rarara
rares
rarotonga
rasberry
rascal
rascal1
rasengan
rashaad
rashad
rashad1
rashard
rashawn
rasheed
rashel
rashid
rashida
rashmi
rasmus
raspberry
rasputin
rasta
rasta1
rastafari
rastafarian
rastaman
rastas
ratablanca
ratbag
ratboy
ratchet
ratdog
ratedr
ratface
ratinha
ratinho
ratita
ratman
raton
ratona
ratoncita
ratoncito
rattler
rattlers
ratusca
raulito
raulteamo
ravemaster
raven
raven1
raven11
raven12
raven123
raven13
raven2
ravenclaw
ravens
ravens1
raver
raverbaby
ravers
rawiswar
rawr123
ray123
rayana
rayann
rayanne
rayden
rayearth
rayito
raylene
rayman
raymark
raymart
raymon
raymond
raymond1
raymund
raymundo
rayne
rayquaza
rayray
rayray1
rayray2
rayshawn
rayven
rayver
raziel
razor
razor1
razorback
razorblade
razorlight
razvan
razvanel
razzle
rb26dett
rbd123
rbd4ever
rbdrbd
reader
reading
reading1
readingfc
ready
ready2go
reagan
reagan1
realdeal
reality
realize
reallove
really
realmadrid
realme
realnigga
realtalk
realworld
realyn
reanna
reanne
reaper
reaper1
reason
rebeca
rebecca
rebecca1
rebecca123
rebecca2
rebecca7
rebeka
rebekah
rebekah1
rebekka
rebel
rebel1
rebel12
rebel123
rebela
rebelde
rebelde1
rebelde12
rebelde123
rebelde13
rebelde2
rebeldes
rebeldeway
rebelgirl
rebellion
rebels
rebels1
rebirth
reborn
rebound
recall
recca
reccos
recess
rechelle
reckless
record
records
recovery
recuerdame
recuerdo
recuerdos
recycle
red
red123
red1234
red12345
red321
red456
redalert
redalert2
redangel
redapple
redarmy
redbird
redblack
redblood
redblue
redbone
redbone1
redboy
redbull
redbull1
redcar
redcat
redcross
reddevil
reddevils
reddog
reddog1
reddragon
reddwarf
redeemed
redeemer
redemption
redentor
redeye
redeyes
redfire
redfish
redfox
redfred
redgirl
redhair
redhat
redhead
redhead1
redheads
redheart
redhorse
redhot
redhot1
redhouse
redlight
redline
redlion
redlips
redlove
redman
redman1
redmond
redmoon
redneck
redneck1
redneck2
redondo
redred
redred1
redredred
redrock
redrose
redrose1
redroses
redrover
redrum
redrum1
redskin
redskins
redskins1
redsky
redsox
redsox04
redsox1
redsox33
redstar
redwall
redwine
redwing
redwings
redwings1
redwood
reebok
reece
reece1
reecey
reefer
reena
reeree
reeree1
reese
reese1
reesecup
reeses
reeses1
reesie
reeves
refinnej
reflection
reflex
refresh
refugio
regala
regalado
regan
regeton
reggae
reggaeton
reggie
reggie1
regie
regina
regina1
reginald
regine
register
regret
regueton
reign
reigne
reilly
reina
reina1
reinaldo
reindeer
reiner
reinier
reinita
reject
rejected
rejoice
relampago
relax
relientk
religion
relish
relisys
reload
reloaded
relogio
remedios
remedy
remember
remember1
rememberme
remington
remington1
remix
remote
rempit
remrem
remus
renacer
renae
renae1
renaldo
renalyn
renan
renante
renard
renata
renate
renato
renault
rendell
rendezvous
rendon
reneboy
renecito
renee
renee06
renee07
renee08
renee1
renee11
renee12
renee123
renee13
renee14
renee15
renee16
renee2
renee21
renee3
renee5
renee7
renegade
renegades
renelyn
reniel
renita
rennie
reno911
renren
renteria
renton
renuka
renzo
replay
reptile
republic
republica
requiem
rerere
rescue
rescue1
research
reshma
resident
residentevil
respect
respect1
respeto
restart
restinpeace
restless
restrepo
resty
resume
retard
retard1
retarded
retro
retrospect
retry
retsel
return
retype
reuben
reunion
revelation
revelde
revenge
reverse
revilo
revival
revolucion
revolution
revolver
reward
rewind
rex123
rexona
rexrex
rey123
rey619
reyann
reydereyes
reyes
reyes1
reymar
reymark
reymart
reymisterio
reymisterio619
reymon
reymond
reymysterio
reyna
reyna1
reynald
reynaldo
reynalyn
reynan
reynante
reynita
reynold
reynolds
reynoso
reyrey
reyrey619
rfcno1
rhaine
rhandy
rhapsody
rhealyn
rhenz
rhian
rhiana
rhianna
rhianne
rhiannon
rhiannon1
rhina
rhino
rhinos
rhoda
rhodes
rhodora
rhona
rhonda
rhonda1
rhose
rhythm
rianna
rianne
ribbit
ribbon
ribeiro
ribena
rican1
ricardinho
ricardito
ricardo
ricardo1
ricardoteamo
riccardo
richar
richard
richard1
richard12
richard123
richard2
richard21
richard3
richard7
richards
richardson
richbitch
richboy
richel
richelle
richgirl
richi
richie
richie1
richman
richmond
richter
richy
rickey
rickey1
ricki
rickie
rickjames
ricky
ricky1
ricky12
ricky123
ricky2
ricky3
rickymartin
rickys
riddick
riddle
ridebmx
rideordie
rider
riders
riding
ridwan
right
righton
rigoberto
rihana
rihanna
rikardo
rikimaru
rikki
rikrdo
riley
riley05
riley06
riley1
riley123
riley2
riley3
rimmer
rincon
ringer
ringo
ringo1
ringostar
ringring
rinoa
rinrin
riorio
riotgirl
ripcurl
ripdad
ripdaddy
ripley
ripmom
ripper
ripple
riquelme
rissa
rissa1
ritchel
ritchie
ritinha
ritter
rivaldo
rivas
river
river1
rivera
rivera1
riverdale
riverisland
rivermaya
rivero
riverplate
rivers
riverside
riverside1
riverview
rizal
rizalyn
rizky
rizza
rkelly
roadkill
roadrunner
roadtrip
roanne
rob123
robben
robbie
robbie1
robbie123
robbie2
robbiewilliams
robbin
robbins
robby
robby1
robert
robert!
robert01
robert06
robert07
robert08
robert1
robert10
robert11
robert12
robert123
robert13
robert14
robert15
robert16
robert17
robert18
robert19
robert2
robert20
robert21
robert22
robert23
robert24
robert25
robert3
robert4
robert5
robert6
robert69
robert7
robert8
roberta
roberta1
roberth
robertito
roberto
roberto1
robertocarlos
roberts
roberts1
robertson
robin
robin1
robin123
robina
robinho
robinhood
robins
robinson
robinson1
robles
robocop
robots
robson
robvandam
robyn
robyn1
robzombie
rocafella
rocanlover
rocawear
rocawear1
rocco
rocco1
rocha
rochel
rochelle
rochelle1
rochester
rocio
rock
rock me
rock on
rock u
rock you
rock1
rock101
rock11
rock12
rock123
rock13
rock22
rock4ever
rock4life
rock666
rockandroll
rockangel
rockband
rockbottom
rockchick
rocker
rocker1
rockera
rockerita
rockero
rockers
rockerz
rocket
rocket1
rocketman
rockets
rockets1
rockey
rockford
rockgirl
rockhard
rockie
rockies
rockin
rocking
rockista
rockit
rockizta
rockiztah
rockk
rocklee
rockman
rockme
rockmusic
rockmyworld
rocknroll
rocknroll1
rocko
rocko1
rockon
rockon!
rockon1
rockon2
rockout
rockpass
rockport
rockprincess
rockpunk
rockrock
rockroll
rockrules
rocks
rocks1
rockstar
rockstar!
rockstar1
rockstar12
rockstar13
rockstar2
rockstar7
rocksteady
rocku
rockwell
rocky
rocky01
rocky06
rocky07
rocky1
rocky10
rocky11
rocky12
rocky123
rocky13
rocky14
rocky2
rocky22
rocky3
rocky4
rocky5
rocky6
rocky7
rockybalboa
rockyboy
rockydog
rockyou
rockyou!
rockyou.com
rockyou07
rockyou08
rockyou1
rockyou12
rockyou123
rockyou13
rockyou2
rockyou3
rockyou7
rockyoupass
rockyoupassword
rockyroad
rockys
rockz
rococo
roddick
rodel
rodelyn
rodeo
rodeo1
roderick
rodger
rodgers
rodica
rodman
rodney
rodney1
rodolfo
rodri
rodrick
rodrigo
rodrigo1
rodrigues
rodriguez
rodriguez1
rogelio
roger
roger1
rogerio
rogers
rogue
rohan
rohana
rohani
roisin
rojas
rojito
rokyou
rolan
roland
roland1
rolando
rolando1
roldan
rolemodel
roller
rollercoaster
rollie
rollin
rollin60
rolling
rollingstones
rollins
rolltide
rolltide1
rolly
rolyat
romain
romaine
romalyn
roman
roman1
romana
romance
romance1
romania
romano
romans
romans828
romantic
romantica
romantico
romar
romario
romel
romelia
romell
romelyn
romeo
romeo1
romeo12
romeo123
romeo2
romeo3
romeos
romeoyjulieta
romero
romero1
romina
rominita
rommel
romnick
romulo
ron123
ronal
ronald
ronald1
ronaldinho
ronaldinho10
ronaldo
ronaldo07
ronaldo1
ronaldo123
ronaldo17
ronaldo7
ronaldo9
ronalyn
ronan
ronel
ronell
ronica
ronie
roniel
ronnel
ronnie
ronnie1
ronnie12
ronnie2
ronny
ronquillo
ronron
roofus
rookie
rooney
rooney08
rooney1
rooney10
rooney123
rooney8
rooroo
roosevelt
roosje
rooster
rooster1
roosters
root
rootbeer
rootbeer1
roque
rosa12
rosa123
rosadito
rosado
rosalba
rosales
rosali
rosalia
rosalie
rosalina
rosalind
rosalinda
rosaly
rosalyn
rosamaria
rosana
rosanegra
rosangela
rosanna
rosapastel
rosaria
rosario
rosario1
rosaroja
rosary
rosas
rosasrojas
rosateamo
rosaura
rosco
rosco1
roscoe
roscoe1
roscommon
rose
rose05
rose07
rose08
rose1
rose10
rose11
rose12
rose123
rose1234
rose13
rose14
rose15
rose16
rose17
rose18
rose19
rose21
rose22
rose23
rose24
rose88
rosean
roseann
roseanna
roseanne
rosebud
rosebud1
rosebuds
rosehill
roseline
rosella
roselle
roselyn
rosemarie
rosemary
rosemary1
rosendo
rosenrot
rosepetal
rosered
roserose
roses
roses1
roses2
rosesarered
rosetta
rosette
rosewood
rosey
rosey1
roshan
roshni
rosie
rosie1
rosie12
rosie123
rosie2
rosiedog
rosieposie
rosies
rosina
rosinha
rosita
rosita1
rositafresita
roslyn
rosmeri
rosmery
ross123
rossana
rossco
rossel
rossi
rossi46
rossie
rossy
roswell
rotary
rotciv
rotherham
rotsen
rotten
rotterdam
rottweiler
route66
rover
rover1
rovers
rowan
rowdy
rowdy1
rowel
rowell
rowena
rowing
rowland
rowley
roxan
roxana
roxane
roxanita
roxann
roxanna
roxanne
roxanne1
roxas
roxette
roxie
roxie1
roxy
roxy01
roxy06
roxy07
roxy09
roxy1
roxy10
roxy101
roxy11
roxy12
roxy123
roxy1234
roxy13
roxy14
roxy15
roxy16
roxy17
roxy18
roxy21
roxy22
roxy23
roxy24
roxy69
roxybabe
roxybaby
roxychick
roxydog
roxyfoxy
roxygirl
roxygirl1
roxygurl
roxylife
roxyrox
roxyroxy
royal
royal1
royals
royalty
royboy
royce
roygbiv
roykeane
royroy
royston
rrrrr
rrrrrr
rrrrrrr
rsturbo
rubber
rubber1
rubberband
rubberduck
rubberduckie
rubberducky
rubbish
ruben
ruben1
rubencito
rubens
rubenteamo
rubie
rubies
rubina
ruby
ruby11
ruby12
ruby123
rubyann
rubyred
rubyrose
rubyruby
ruckus
ruddy
rudeboi
rudeboy
rudegirl
rudolf
rudolph
rueben
ruffles
ruffryder
ruffryders
rufina
rufino
rufito
rufus
rufus1
rugby
rugby1
rugby123
rugger
rugrat
rugrats
rugrats1
rukawa
rumahku
rumble
run4fun
runaway
runescape
runescape1
runner
runner1
running
running1
rupert
rupert1
rush2112
rushhour
russel
russell
russell1
russia
russian
rustie
rusty
rusty01
rusty1
rusty123
rusty2
rustydog
rutgers
ruthann
ruther
rutherford
ruthie
ruthless
ruthy
ruxandra
ruzzel
ryan
ryan01
ryan02
ryan03
ryan04
ryan05
ryan06
ryan07
ryan08
ryan09
ryan1
ryan10
ryan101
ryan11
ryan12
ryan123
ryan1234
ryan13
ryan14
ryan143
ryan15
ryan16
ryan17
ryan18
ryan20
ryan2005
ryan2006
ryan2007
ryan21
ryan22
ryan23
ryan24
ryan25
ryan4ever
ryan69
ryan99
ryangiggs
ryanjames
ryanjay
ryanlee
ryann
ryanne
ryanross
ryanryan
ryans
ryansheckler
ryder
rylee
rylee1
ryleigh
ryoma
ryomaechizen
s0ccer
s12345
s123456
s1234567
s123456789
saavedra
sabado
sabastian
sabbath
sabbath1
saber
sabian
sabiduria
sabina
sabine
sabino
sable
sable1
sabres
sabrina
sabrina1
sabrina123
sabrina2
sabritas
sabrosa
sabroso
sac916
sacha
sachiko
sachin
sacramento
sacred
sacredheart
sacrifice
sad123
sadako
sadam
saddam
saddie
saddle
sadeyes
sadgirl
sadie
sadie1
sadie12
sadie123
sadie2
sadie3
sadiedog
sadiegirl
sadiemae
sadies
sadler
sadness
sadsad
safari
safety
safeway
saffie
saffron
safira
safiro
safiya
safwan
sagapo
sagara
sagetator
saging
sagita
sagitario
sagitarius
sagittarius
sagrado
sagres
sahabat
sahara
saibaba
saiful
saigon
saikano
sailboat
sailing
sailor
sailor1
sailormoon
saimon
saint
saint1
saints
saints1
saintseiya
saintsfc
saipan
saira
sairam
saisai
saiyan
saiyuki
sakina
sakinah
sakura
sakura1
sakura12
sakura123
sakurachan
sakuragi
sakurita
salaam
salam
salama
salamanca
salamander
salamandra
salamat
salami
salas
salazar
salbahe
salcedo
salchicha
saleem
saleen
salem
salem1
salena
sales
salesiano
salgado
salguero
salida
salima
salina
salinas
salisbury
saliva
sallie
sally
sally1
sally123
sallyann
sallydog
salma
salmah
salman
salmankhan
salmo23
salmon
salmos
salome
salomon
salonga
salope
salsa
salsa1
salsabila
salsal
saltrock
salut
salvacion
salvador
salvador1
salvaje
salvame
salvation
salvation1
salvatore
sam
sam101
sam123
sam1234
samael
samaniego
samanta
samantha
samantha!
samantha1
samantha12
samantha123
samantha14
samantha2
samantha3
samantha5
samantha7
samara
samara1
samaria
samarinda
samatha
samba
sambo
sambo1
samboy
sambuca
samdog
sameer
samia
samiam
samiam1
samina
samir
samira
samita
sammi
sammi1
sammie
sammie1
sammie123
sammilby
sammy
sammy01
sammy06
sammy07
sammy1
sammy10
sammy101
sammy11
sammy12
sammy123
sammy13
sammy14
sammy16
sammy17
sammy2
sammy21
sammy22
sammy24
sammy3
sammy4
sammy5
sammy6
sammy7
sammy8
sammyb
sammyboy
sammycat
sammydog
sammyg
sammyj
sammyjo
sammys
sammysam
samoa
samoa1
samoan
samoana
samoht
samone
samonte
samora
sampaguita
sample
sampoerna
sampson
sampson1
samsam
samsam1
samsamsam
samsara
samson
samson1
samsoon
samster
samsun
samsung
samsung1
samsung123
samsung2
samsungd500
samsungd600
samtron
samual
samuel
samuel1
samuel12
samuel2
samuelito
samurai
samuraix
samwise
sanandreas
sanandres
sanane
sanantonio
sancai
sancarlos
sanches
sanchez
sanchez1
sancho
sanctuary
sandal
sandara
sandee
sandeep
sander
sanders
sanders1
sanderson
sandhu
sandhya
sandi
sandia
sandie
sandiego
sandiego1
sandking
sandler
sandman
sandman1
sandor
sandoval
sandra
sandra1
sandra12
sandra123
sandra2
sandrateamo
sandrina
sandrine
sandrinha
sandrita
sandro
sandstorm
sandwich
sandy
sandy1
sandy12
sandy123
sandy13
sandy2
sandy7
sandydog
sandys
sanford
sanfran
sanfrancisco
sangay
sangeeta
sangeetha
sanger
sangita
sangre
sangreazul
sanita
sanity
saniya
saniyah
sanjana
sanjay
sanjaya
sanjose
sanjuan
sanjudas
sanluis
sanmarcos
sanmartin
sanmiguel
sanne
sanook
sanosuke
sanpablo
sanpedro
sanrio
sansan
sanson
santa
santa1
santaclaus
santacruz
santafe
santamaria
santana
santana1
santander
santarosa
santeria
santi
santiago
santiago1
santillan
santina
santino
santo
santodomingo
santos
santos1
santosh
santy
saoirse
saosin
sapatos
saphira
saphire
sapito
sapper
sapphire
sapphire1
saprissa
saputra
sara
sara1
sara12
sara123
sara13
saraba
sarabeth
sarabi
sarabia
saracen
sarah
sarah01
sarah06
sarah07
sarah1
sarah10
sarah11
sarah12
sarah123
sarah13
sarah14
sarah15
sarah16
sarah2
sarah21
sarah22
sarah23
sarah3
sarah5
sarah7
saraha
sarahann
sarahb
sarahc
sarahd
sarahg
sarahh
sarahi
sarahj
sarahjane
sarahk
sarahl
sarahlee
sarahlouise
sarahm
sarahmae
sarahp
sarahs
sarahw
sarahy
sarai
sarajane
sarajevo
saralee
sarang
saranghae
saranghe
sarangheyo
saranya
sarasara
saraswati
sarateamo
saratoga
saray
sarbear
sardonyx
sarge1
sargent
sariah
sarika
sarina
sarinha
saris
sarita
sarmiento
sarrah
sasasa
sascha
sasha
sasha01
sasha1
sasha12
sasha123
sasha2
sashas
sashimi
saske
saskia
sasori
sasquatch
sassie
sassie1
sassy
sassy01
sassy1
sassy101
sassy11
sassy12
sassy123
sassy13
sassy14
sassy16
sassy2
sassy21
sassy3
sassy4
sassy5
sassy6
sassy7
sassycat
sassygirl
sassygirl1
sassygurl
sassys
sasuke
sasuke1
sasuke12
sasuke123
sasuke13
sasukeuchiha
sasunaru
sasusaku
satan
satan666
satana
satanas
satanic
satefut
satelite
satellite
satine
satisfaction
satish
sativa
satnam
satoshi
satria
satriani
saturday
saturn
saturn1
saturno
saudade
saudades
saulito
saulteamo
saunders
sauron
sausage
sausages
savage
savage1
savagegarden
savana
savanah
savanna
savanna1
savannah
savannah1
savannah2
saved
saved1
saveme
saviola
savion
savior
savior1
saviour
sawada
sawasdee
sawsaw
sawyer
saxaphone
saxophone
saxovtr
sayang
sayang1
sayangawak
sayangkamu
sayangku
sayank
saydee
saydie
sayonara
saysay
sayson
sayuri
saywhat
sbc123
sc00by
scabbers
scamper
scampi
scampy
scandal
scandalous
scania
scanner
scarecrow
scared
scareface
scarface
scarface1
scarface2
scarlet
scarlet1
scarlets
scarlett
scarlett1
scarymovie
schatje
schatz
schatzi
schmidt
schneider
scholar
scholes
school
school1
school12
school123
school2
schoolbus
schoolgirl
schools
schoolsucks
schule
schumacher
schumi
schuyler
science
science1
scissors
sclub7
scoala
scobby
scofield
scoobie
scooby
scooby-doo
scooby01
scooby1
scooby12
scooby123
scooby13
scooby2
scooby3
scooby5
scooby7
scoobydo
scoobydoo
scoobydoo1
scoobydoo2
scooter
scooter1
scooter123
scooter2
scooter3
scooter7
scooters
scorpia
scorpian
scorpio
scorpio1
scorpio2
scorpion
scorpion1
scorpions
scotch
scotland
scotland1
scott
scott1
scott12
scott123
scott2
scott69
scottie
scottie1
scottish
scotts
scotty
scotty1
scottyboy
scouser
scout
scout1
scouting
scouts
scrabble
scrapbook
scrapper
scrappy
scrappy1
scrappydoo
scrapy
scratch
scratchy
scream
screamer
screamo
screen
screwu
screwyou
scribble
scroll
scrubs
scruff
scruffy
scruffy1
scrumpy
scully
scumbag
scumpi
scumpica
scumpik
se7en
seadoo
seafood
seagull
seagulls
seahawks
seahawks1
seahorse
seaman
seamus
sean
sean01
sean06
sean07
sean1
sean12
sean123
sean21
sean22
seanie
seanjohn
seanna
seanpaul
seansean
seany
search
searching
seashell
seashells
seaside
season
seasons
seatibiza
seatleon
seattle
seattle1
seaways
seaweed
seaworld
sebas
sebastian
sebastian1
sebastian2
sebastiao
sebastien
sebastion
sebitas
sebring
second
secret
secret!
secret1
secret12
secret123
secret2
secret7
secreta
secretaria
secretary
secrete
secretlove
secreto
secretos
secrets
secrets1
secundaria
secure
security
security1
sedona
seduction
seductive
seeker
seesaw
seether
seeyou
sefeliz
segovia
segredo
segundo
segura
seguridad
seguro
seifer
seigaku
seigneur
seinfeld
sejati
sekolah
sekreto
selamanya
selamat
selangor
select
selecta
selena
selena1
selenagomez
selene
selfish
selina
selina1
sellers
selma
selosa
selvin
selwyn
semaj
semangat
semarang
sembarang
sembilan
semedo
semeolvido
seminario
seminole
seminoles
seminoles1
semper
semperfi
semperfi1
sempoi
sempre
sempron
sempurna
semsem
senate
senator
sendiri
sendoh
seneca
senegal
senior
senior03
senior04
senior05
senior06
senior07
senior08
senior09
senior1
senior2006
senior2007
senior2008
seniors
seniors06
seniors07
seniors08
seniseviyorum
senorita
sensation
sensei
sensesfail
sensitive
sensual
sentimental
sentimiento
sentinel
sentra
senyum
sepatu
sephiroth
sephora
sept10
sept11
sept12
sept13
sept14
sept15
sept16
sept17
sept18
sept19
sept20
sept21
sept22
sept23
sept24
sept25
sept26
sept27
sept28
sept29
sept30
september
september1
september10
september11
september12
september13
september14
september15
september16
september17
september18
september19
september2
september20
september21
september22
september23
september24
september25
september26
september27
september28
september29
september3
september30
september4
september5
september6
september7
september8
september9
septembrie
septian
septiembre
sepultura
sepulveda
sequoia
serafin
serafina
seraphim
serban
serbia
sereia
serena
serena1
serenade
serendipity
serene
serenity
serenity1
serfeliz
sergei
serginho
sergio
sergio1
sergio123
sergioteamo
sergiu
series
serina
serious
serkan
seronoser
serpent
serpiente
serrano
serseri
servando
servant
server
service
service1
services
sesame
sesshomaru
sesshoumaru
sesshy
setembro
seth
seth123
sethcohen
setiawan
setiembre
setsuna
setter
settings
setubal
seven
seven07
seven1
seven11
seven7
seven77
seven777
sevendust
sevenfold
sevens
seventeen
seventeen17
sevenup
severino
severus
sevilla
seville
sex
sex101
sex123
sex666
sex6969
sexandthecity
sexbomb
sexgod
sexi123
sexibitch
sexie
sexie1
sexies
sexiest
sexiest1
sexigirl
sexigurl
sexii
sexii1
sexilexi
seximama
seximami
sexime
sexiness
sexisgood
sexkitten
sexmachine
sexman
sexme
sexonlegs
sexonthebeach
sexooral
sexosexo
sexpistols
sexpot
sexsex
sexsex1
sexsexsex
sexton
sextoy
sexual
sexual1
sexxi
sexxi1
sexxie
sexxii
sexxxy
sexxy
sexxy1
sexy
sexy!!
sexy#1
sexy00
sexy01
sexy02
sexy03
sexy04
sexy05
sexy06
sexy07
sexy08
sexy09
sexy1
sexy10
sexy100
sexy101
sexy11
sexy12
sexy123
sexy1234
sexy13
sexy14
sexy15
sexy16
sexy17
sexy18
sexy19
sexy2
sexy20
sexy2006
sexy2007
sexy21
sexy22
sexy23
sexy24
sexy25
sexy26
sexy27
sexy28
sexy29
sexy30
sexy31
sexy32
sexy33
sexy34
sexy44
sexy45
sexy4eva
sexy4ever
sexy4life
sexy4u
sexy55
sexy66
sexy67
sexy69
sexy77
sexy87
sexy88
sexy89
sexy90
sexy91
sexy911
sexy92
sexy93
sexy94
sexy99
sexyako
sexyangel
sexyass
sexyass1
sexyb
sexybabe
sexybabe1
sexybabes
sexybaby
sexybaby1
sexyback
sexyback1
sexybeast
sexybeast1
sexybexy
sexybiatch
sexybitch
sexybitch1
sexybitch2
sexybitch69
sexyblack
sexyblack1
sexybody
sexyboi
sexyboo
sexyboy
sexyboy1
sexyboys
sexybum
sexybunny
sexycani
sexycat
sexychic
sexychica
sexychick
sexychick1
sexychris
sexycool
sexyd
sexydanny
sexydevil
sexydiva
sexyeyes
sexygal
sexygirl
sexygirl1
sexygirl12
sexygirl2
sexygirls
sexygrl
sexygurl
sexygurl1
sexyguy
sexyhot
sexyk
sexyko
sexylady
sexylady1
sexylegs
sexylexi
sexylexy
sexylicious
sexylips
sexylove
sexylove1
sexylove2
sexylover
sexyluv
sexyma
sexyma1
sexymama
sexymama1
sexymama12
sexymama2
sexymami
sexymami1
sexymamma
sexyman
sexyman1
sexyme
sexyme1
sexyme123
sexyme2
sexymom
sexymoma
sexymomma
sexymomma1
sexyness
sexyone
sexyone1
sexypink
sexyprincess
sexyred
sexyred1
sexyrexy
sexyryan
sexys
sexysam
sexysarah
sexysexy
sexysexy1
sexyslim
sexystar
sexyt
sexythang
sexythang1
sexything
sexytime
sexyxx
sexyy
sexyyy
seychelles
seymour
sf49ers
sfgiants
sh0rty
sha123
shabba
shad0w
shadae
shaddow
shaddy
shades
shadey
shadmoss
shadmoss1
shadow
shadow01
shadow07
shadow1
shadow10
shadow11
shadow12
shadow123
shadow13
shadow14
shadow15
shadow16
shadow2
shadow21
shadow22
shadow23
shadow24
shadow3
shadow4
shadow5
shadow6
shadow69
shadow7
shadow8
shadow9
shadow99
shadowcat
shadowfax
shadowman
shadows
shady
shady1
shaeshae
shafiq
shagger
shaggy
shaggy1
shaggy2
shaggy2dope
shaheen
shahid
shahrukh
shahrukhkhan
shahrul
shaider
shaila
shaina
shaine
shaira
shaka
shake
shakeit
shaker
shakera
shakes
shakespeare
shakey
shakia
shakila
shakir
shakira
shakira1
shakti
shakur
shalala
shalimar
shalini
shalom
shalom1
shalyn
shamae
shaman
shamanking
shamar
shamara
shame
shameka
shamel
shameless
shamika
shamir
shamira
shammy
shampoo
shamrock
shamrock1
shamrocks
shamus
shan123
shana
shana1
shanae
shanay
shanaya
shanda
shandi
shandy
shane
shane01
shane1
shane12
shane123
shane2
shane21
shane3
shane69
shanea
shanee
shanefilan
shaneka
shanel
shanell
shanelle
shanem
shaner
shanes
shanewest
shaney
shang
shanghai
shangrila
shani
shania
shania1
shanice
shanice1
shanie
shanika
shaniqua
shanique
shanise
shanita
shaniya
shankar
shankill
shanks
shann0n
shanna
shanna1
shannah
shannan
shanne
shannel
shannen
shannie
shannon
shannon01
shannon1
shannon12
shannon123
shannon2
shannon3
shannon7
shanny
shanny1
shanon
shanshan
shanta
shantae
shantal
shantay
shante
shantel
shantel1
shantell
shantelle
shanti
shanty
shaolin
shaoran
shaquan
shaquille
shara
sharae
sharapova
sharda
shardae
sharee
sharen
shari
sharie
sharif
sharifah
sharina
sharingan
shark
shark1
sharkbait
sharkboy
sharkey
sharks
sharks1
sharky
sharleen
sharlene
sharlyn
sharma
sharmaine
sharmila
sharmin
sharna
sharon
sharon1
sharon123
sharona
sharpay
sharpe
sharpie
sharpie1
sharron
shasha
shasha1
shashi
shasta
shasta1
shatta
shaun
shaun1
shauna
shauna1
shauni
shaunie
shaunna
shauny
shavon
shavonne
shawie
shawn
shawn1
shawn12
shawn123
shawn2
shawna
shawna1
shawnee
shawnie
shawnm
shawnmichaels
shawny
shawty
shawty1
shawty10
shay
shay12
shay123
shayla
shayla1
shaylee
shayna
shayne
shayne1
shayneward
shayshay
shayshay1
shazam
shazza
shazzy
shearer
shearer9
sheashea
sheba
sheba1
sheba123
sheccid
sheckler
shedevil
sheeba
sheeba1
sheehan
sheela
sheen
sheena
sheena1
sheep
sheepdog
sheeps
sheepy
sheera
sheetal
sheffield
sheffwed
sheila
sheila1
sheilla
shekinah
shela
shelbi
shelbie
shelby
shelby01
shelby1
shelby12
shelby123
shelby2
sheldon
sheldon1
shelia
shell
shell1
shella
shellbell
shelle
shelley
shelley1
shelli
shellie
shells
shelly
shelly1
shelly123
shelter
shelton
shemar
shena
sheng
shenna
shenshen
shepherd
sheppard
sheppy
sherbert
sherbet
sheree
shereen
sheridan
sherie
sheriff
sherika
sherilyn
sherina
sherine
sherlock
sherly
sherlyn
sherman
sherman1
sherpa
sherrell
sherri
sherrie
sherry
sherry1
sherryl
sherwin
sherwood
sheryl
sheryll
sheshe
shetland
shevchenko
sheyla
shianne
shibby
shibby1
shiela
shielamae
shield
shield2026
shields
shiella
shiena
shift
shifty
shihtzu
shikamaru
shikin
shiloh
shiloh1
shilpa
shimano
shimmer
shimmy
shinchan
shine
shine1
shinee
shiner
shines
shiney
shinhwa
shinichi
shinigami
shining
shiningstar
shinji
shinobi
shinoda
shinta
shiny
shippo
shippuden
shippuuden
shireen
shirin
shirley
shirley1
shirly
shishi
shit
shit123
shitass
shitbag
shitface
shitface1
shitfuck
shithappens
shithead
shithead1
shithole
shitka
shitshit
shitty
shitty1
shiva
shivani
shiver
shivers
shiznit
shizuka
shizzle
shmily
shobe
shocker
shocks
shockwave
shoebox
shoelace
shoes
shoes1
shogun
shohoku
shona
shonda
shonta
shonte
shonuff
shooter
shooter1
shooting
shootingstar
shopaholic
shopgirl
shopper
shoppin
shopping
shopping1
shopping123
short
short1
shortcake
shortcake1
shortee
shorti
shortie
shortie1
shorts
shortstop
shortstuff
shorty
shorty!
shorty01
shorty03
shorty05
shorty06
shorty07
shorty08
shorty09
shorty1
shorty10
shorty101
shorty11
shorty12
shorty123
shorty13
shorty14
shorty15
shorty16
shorty17
shorty18
shorty19
shorty2
shorty21
shorty22
shorty23
shorty24
shorty25
shorty3
shorty4
shorty5
shorty6
shorty69
shorty7
shorty8
shorty87
shorty88
shorty9
shortys
shosho
shotgun
shotgun1
shotokan
shotta
shower
showme
showmethemoney
showstopper
showtime
showtime1
shredder
shrek
shrek2
shrestha
shreya
shrimp
shroom
shrooms
shuffle
shugar
shukri
shushu
shutup
shutup1
shyann
shyanne
shyanne1
shygirl
shygirl1
shygurl
shyguy
shyla
shyshy
shyshy1
sialan
siamese
siberia
siberian
sicily
sickboy
sickness
sicnarf
sidekick
sidekick2
sidekick3
sidewalk
sidewinder
sidney
sidney1
siemens
siempre
siemprejuntos
siempreteamare
siempretu
siempreyo
sienna
sienna1
sierra
sierra01
sierra1
sierra12
siete
siete7
sigma
sigmund
signin
signout
sigrid
sikreto
silence
silencio
silent
silent1
silenthill
silly
silly1
sillybilly
sillygirl
sillygoose
sillyme
silva
silvana
silvano
silver
silver1
silver12
silver123
silver2
silver3
silver7
silverado
silverchair
silverfox
silverio
silvermoon
silverstar
silverstein
silverstone
silvester
silvestre
silvia
silvia1
silvio
silvita
silviu
simang
simao
simba
simba1
simba12
simba123
simba2
simbas
simcity
simeon
simina
simion
simmons
simmons1
simoes
simon
simon1
simon123
simona
simone
simone1
simonica
simonik
simons
simonsays
simpatica
simple
simple1
simplegirl
simpleme
simplemente
simplementeyo
simpleplan
simplicity
simplu
simply
simplyme
simpson
simpson1
simpsons
simpsons1
simran
sims2
simsim
simson
sinaga
sinaloa
sinaloa1
sinatra
sinbad
sinbandera
sincera
sincere
sincere1
sinceridad
sinchan
sincity
sinclair
sindy
sinead
sinful
singapore
singer
singer1
singh
singing
singing1
singkit
singko
single
single!
single01
single06
single07
single08
single1
single12
single123
single2
single3
singles
singleton
singsing
singstar
sinichi
sininho
sinister
sinned
sinner
sinterklaas
siobhan
siobhan1
siomai
siopao
siraulo
siregar
sirena
sirene
sirenita
siriporn
sirius
sisisi
siska
sissie
sissy
sissy1
sissy123
sissy2
sistah
sistem
sistemas
sister
sister1
sister2
sister3
sisterhood
sisters
sisters1
sisters2
sisters3
sithlord
sittie
sixela
sixers
sixers3
sixflags
sixpack
sixpence
sixsix
sixsixsix
sixteen
sixteen16
sixty9
sixtynine
sizzla
sizzle
sk84ever
sk84life
sk8board
sk8er
sk8er1
sk8erboi
sk8erboy
sk8ergirl
sk8ergurl
sk8ers
sk8ing
sk8ordie
sk8sk8
sk8ter
sk8terboy
sk8tergirl
skandar
skank
skank1
skanky
skapunk
skate
skate1
skate12
skate123
skate4life
skate8
skateboard
skateboarding
skateordie
skater
skater1
skater101
skater11
skater12
skater123
skater13
skater2
skater4
skater5
skater7
skaterboy
skaterboy1
skatergirl
skaters
skates
skating
skating1
skechers
skeet
skeeter
skeeter1
skeleton
skelly
skeptron
sketch
skidoo
skidrow
skiing
skillet
skills
skillz
skinhead
skinner
skinny
skinny1
skipper
skipper1
skippy
skippy1
skittle
skittle1
skittles
skittles!
skittles1
skittles2
skittles7
skittlez
skitty
skooter
skopje
skorpion
skull
skull1
skulls
skully
skullz
skunk
skunky
sky123
skyblue
skyblue1
skydive
skyhigh
skylar
skylar1
skylark
skyler
skyler1
skyline
skyline1
skylinegtr
skyliner34
skynet
skysky
skywalker
slacker
slamdunk
slammer
slankers
slapper
slappy
slapshock
slapshot
slash
slash1
slasher
slater
slaughter
slayer
slayer1
slayer666
slayers
slbenfica
sleep
sleeping
sleepingbeauty
sleepover
sleepy
sleepy1
sleepyhead
slick
slick1
slide
slider
slides
slideshow
slideshow1
slideshows
slifer
slimer
slimfast
slimjim
slimjim1
slimshady
slimshady1
slimthug
slinky
slinky1
slipknot
slipknot1
slipknot2
slipknot6
slipknot666
slipper
slippers
slither
sliver
sloane
slugbug
slugger
slumber
slurpee
slut69
slytherin
smack
smackdown
smackdown1
smackers
smackthat
small
small1
smallfry
smalls
smallville
smansa
smart
smart1
smartass
smartboy
smartgirl
smartguy
smartie
smarties
smarts
smarty
smarty1
smartypants
smash
smasher
smashing
smeagol
smecher
smechera
smecheru
smecherul
smeghead
smells
smelly
smelly1
smellybum
smellycat
smellyfeet
smellysocks
smiffy
smile
smile!
smile01
smile1
smile10
smile101
smile11
smile12
smile123
smile13
smile2
smile21
smile22
smile23
smile3
smile4
smile4ever
smile4me
smile4u
smile5
smile7
smile8
smilebig
smilee
smiler
smiles
smiles1
smiley
smiley1
smiley12
smiley123
smiley13
smiley2
smileyface
smileys
smilez
smilie
smiling
smirnoff
smith
smith1
smith14
smithers
smiths
smithy
smitty
smitty1
smoke
smoke1
smoke20
smoke420
smokepot
smoker
smokers
smokes
smokeweed
smokey
smokey01
smokey1
smokey11
smokey12
smokey123
smokey13
smokey2
smokey3
smokey5
smokey7
smokeyjoe
smokie
smokie1
smokin
smokin1
smoking
smooch
smooches
smoochie
smooth
smooth1
smoothie
smores
smudge
smudge1
smudger
smukke
smurf
smurf1
smurfette
smurfs
smurfy
sn00py
snacks
snails
snake
snake1
snakeeyes
snakes
snapon
snapper
snapple
snapple1
snappy
snatch
snazzy
sneaker
sneakers
sneaky
sneaky1
snicker
snicker1
snickerdoodle
snickers
snickers1
snickers2
snickers3
sniffer
sniffles
sniffy
snikers
sniper
sniper1
snipes
snipper
snitch
snoogins
snooker
snookie
snooks
snookums
snooky
snoop
snoop1
snoopdog
snoopdogg
snoops
snoopy
snoopy01
snoopy1
snoopy11
snoopy12
snoopy123
snoopy13
snoopy2
snoopy22
snoopy3
snoopy5
snoopy7
snooze
snoppy
snorlax
snotface
snow
snow123
snowangel
snowbaby
snowball
snowball1
snowball2
snowbell
snowbird
snowboard
snowboard1
snowboarding
snowbunny
snowdrop
snowey
snowflake
snowflake1
snowflakes
snowgirl
snowhite
snowie
snowman
snowman1
snowpatrol
snowwhite
snowwhite1
snowy
snowy1
snowy123
snuffie
snuffles
snuffy
snuggle
snuggle1
snuggles
snuggles1
snyder
soares
sobrenatural
soccer
soccer!
soccer#1
soccer*
soccer.
soccer00
soccer01
soccer02
soccer03
soccer04
soccer05
soccer06
soccer07
soccer08
soccer09
soccer1
soccer10
soccer101
soccer11
soccer12
soccer123
soccer13
soccer14
soccer15
soccer16
soccer17
soccer18
soccer19
soccer2
soccer20
soccer21
soccer22
soccer23
soccer24
soccer25
soccer26
soccer27
soccer28
soccer29
soccer3
soccer32
soccer33
soccer4
soccer44
soccer45
soccer4life
soccer5
soccer55
soccer6
soccer69
soccer7
soccer77
soccer8
soccer88
soccer89
soccer9
soccer91
soccer92
soccer93
soccer94
soccer95
soccer96
soccer99
soccerbabe
soccerball
soccerboy
soccerchick
soccerfreak
soccergirl
soccermom
soccerplayer
soccerrocks
soccerrox
soccerrules
soccerstar
social
sociales
society
sociology
socks
socks1
soclose
socom3
socool
socorro
socrates
socute
sodapop
sodapop1
sofia
sofia1
sofia123
sofias
sofie
sofine
sofresh
softball
softball!
softball00
softball01
softball05
softball06
softball07
softball08
softball09
softball1
softball10
softball11
softball12
softball13
softball14
softball15
softball16
softball17
softball18
softball19
softball2
softball20
softball21
softball22
softball23
softball24
softball25
softball27
softball3
softball33
softball4
softball5
softball6
softball7
softball8
softball9
softballchick
software
soinlove
sokissme
sol123
solana
solange
solano
solaris
soldado
soldier
soldier1
solecito
soledad
solehah
soleil
solesito
solid
solidsnake
soliman
solimar
solis
solita
solitaire
solitaria
solitario
solito
solitude
solluna
solodios
soloman
solomio
solomon
solomon1
soloparami
soloparati
soloporti
solorzano
solotu
solotuya
solotuyyo
soloyo
solrac
solsol
soltera
solterita
soltero
soluna
solution
solyluna
somalia
sombra
somebody
someday
someone
someone1
somerset
something
something1
sometime
sometimes
somewhere
sommer
somostuyyo
sonali
sonam
sonata
sondra
songbird
songoku
sonia
sonia1
sonic
sonic1
sonic12
sonic123
sonic2
sonics
sonicx
sonido
soninha
sonita
soniya
sonja
sonnie
sonny
sonny1
sonnybill
sonnyboy
sonnymoore
sonofabitch
sonofdork
sonofgod
sonoma
sonora
sonrie
sonrisa
sonrisas
sonshine
sonson
sony123
sonya
sonya1
sonyericson
sonyericsson
sonysony
sonyvaio
sookie
sooner
sooner1
sooners
sooners1
sootie
sooty
sooty1
sophia
sophia1
sophie
sophie01
sophie06
sophie07
sophie1
sophie11
sophie12
sophie123
sophie13
sophie2
sophie3
sophie7
sophmore
sophomore
sopita
soprano
sopranos
soraia
soraya
sorcha
soriano
soricel
sorin
sorina
sorinel
sorpresa
sorriso
sorrow
sorry
sosexy
sosexy1
sosick
sosodef
sososo
sossy
sosweet
sotelo
soulfly
soulja
souljaboy
souljaboy1
souljagirl
souljagurl
souljah
soulm8
soulmate
soulmates
soulreaver
sounds
souris
sousa
sousou
south
south1
south13
southafrica
southampton
southeast
southend
southern
southern1
southgate
southpark
southpark1
southpaw
southpole
southpole1
southside
southside1
southside13
southwest
southwest1
sovereign
sowhat
soybella
soybonita
soyelmejor
soyemo
soyfeliz
soygay
soygenial
soyguapo
soyhermosa
soylamejor
soylibre
soylinda
soylomaximo
soylomejor
soyrebelde
soysexy
soysuper
soyunica
soyyo
space
space1
spacebar
spacejam
spaceman
spaces
spaceship
spacey
spades
spagetti
spaghetti
spain
spalding
spangle
spania
spaniel
spanish
spanish1
spankie
spankme
spanky
spanky1
spanky2
spanna
spanner
sparco
sparda
spark
sparkey
sparkie
sparkle
sparkle1
sparkles
sparkles1
sparkling
sparks
sparks1
sparky
sparky1
sparky11
sparky12
sparky123
sparky2
sparrow
sparrow1
sparta
spartacus
spartan
spartan1
spartan117
spartans
spartans1
spawn
spazzy
speaker
speaker1
speakers
spears
special
special1
special2
speciala
specialk
specialk1
speckles
spectacular
spectrum
speed
speed1
speedo
speedracer
speedtouch
speedway
speedy
speedy1
spelling
spells
spence
spencer
spencer1
speranta
sphinx
spice
spice1
spicegirl
spicegirls
spicer
spices
spicey
spicy
spicy1
spider
spider-man
spider1
spider123
spiderman
spiderman1
spiderman123
spiderman2
spiderman3
spiderman4
spiderpig
spiders
spiderweb
spidey
spiffy
spike
spike1
spike12
spike123
spike13
spike2
spiker
spikes
spikey
spinach
spinner
spinners
spioanele
spiral
spirit
spirit1
spirits
spitfire
spitfire1
splash
splash1
splendid
spliff
splinter
splintercell
splodge
spoiled
spoiled1
spoiledbrat
spongbob
sponge
sponge1
spongebob
spongebob!
spongebob1
spongebob12
spongebob123
spongebob13
spongebob2
spongebob3
spongebob5
spongebob7
spongebob8
spongebob9
spongecola
spongey
spongy
spookie
spooks
spooky
spooky1
spoon
spooner
spoons
sport
sport1
sporting
sports
sports1
sporty
sporty1
sportygirl
sportz
spotlight
spots
spottie
spotty
spotty1
spring
spring06
spring1
springer
springfield
springs
sprinkle
sprinkles
sprint
sprint1
sprinter
sprite
sprite1
sprocket
sprouse
sprout
spuddy
spunky
spunky1
spurs
spurs1
spurs21
sputnik
spyder
spyder1
squall
square
squarepants
squash
squeak
squeaker
squeaky
squeaky1
squeek
squeeky
squidge
squidward
squirrel
squirt
squirt1
squirtle
squish
squishy
squishy1
sr20det
srbija
srcence
srijana
srilanka
sssss
ssssss
sssssss
ssssssss
ssssssssss
st.louis
st3v3n
stacey
stacey1
stacey123
staci
stacia
stacie
stacy
stacy1
stafford
staffy
staind
stalin
stalker
stallion
stallone
stamford
stampede
stamper
standard
standbyme
standup
stanford
stanley
stanley1
stanly
stanton
staple
stapler
staples
staples1
star
star01
star03
star04
star05
star06
star07
star08
star09
star1
star10
star101
star11
star12
star123
star1234
star13
star14
star15
star16
star17
star18
star19
star20
star21
star22
star23
star24
star25
star26
star27
star33
star44
star45
star55
star66
star67
star69
star77
star87
star88
star89
star92
star99
starangel
starbaby
starboy
starbright
starbuck
starbucks
starbucks1
starburst
starburst1
starchild
starcraft
stardoll
stardom
stardust
stardust1
starfire
starfish
starfish1
starfox
stargate
stargate1
stargatesg1
stargazer
stargirl
starla
starlet
starlight
starlight1
starling
starlite
starlove
starman
starmoon
starr
starr1
starrs
starry
stars
stars!
stars1
stars12
stars123
stars13
stars2
stars3
stars5
stars7
starshine
starship
starsky
starss
starstar
starstruck
start
start1
start123
starter
startrek
starts
starwars
starwars1
starwars2
starwars3
starz
starz1
starzz
stasia
states
static
staticx
station
status
staycool
stayfly
stayout
stayout1
stealth
steaua
steauabucuresti
steele
steelers
steelers1
steelers7
steeve
stefan
stefan1
stefana
stefani
stefania
stefanie
stefanny
stefano
stefany
steff
steffan
steffany
steffen
steffi
steffie
steffy
stefi
stefy
stelios
stelista
stelistu
stella
stella1
stella123
stellar
stellar1
stellina
steluta
steph
steph07
steph1
steph11
steph12
steph123
steph13
steph15
steph16
steph2
steph21
steph22
steph3
stepha
stephan
stephane
stephani
stephania
stephanie
stephanie1
stephanie2
stephano
stephany
stephen
stephen1
stephen2
stephens
stephi
stephie
stephon
stephy
stephy1
stepup
stereo
sterling
sterling1
stetson
steve
steve-o
steve1
steve123
steven
steven!
steven01
steven06
steven07
steven1
steven11
steven12
steven123
steven13
steven14
steven16
steven17
steven2
steven21
steven22
steven23
steven3
steven4
steven5
steven69
steven7
steven8
stevenash
stevengerrard
stevens
stevenson
steveo
steves
stevey
stevie
stevie1
stevieg
stevo
steward
stewart
stewart1
stewart20
stewie
stewie1
stick
sticker
stickers
stickman
sticks
sticky
stiffler
stifler
stigmata
stillwater
stimpy
sting
stinger
stinger1
stingers
stingray
stinka
stinker
stinker1
stinky
stinky1
stirling
stitch
stitch1
stitch626
stitches
stiven
stjimmy
stjohn
stlouis
stmarys
stockholm
stockton
stokecity
stokes
stolen
stomper
stone
stone1
stonecold
stonecold1
stoned
stoner
stoner1
stoner420
stones
stonesour
stonewall
stoney
stoney1
stoopid
stopit
stopit1
storm
storm1
storm123
stormie
storms
stormy
stormy1
stpaul
straight
strange
strange1
stranger
stratocaster
stratton
stratus
strawberries
strawberry
strawberry1
strawberrys
street
street1
streetball
streets
strella
strength
stress
stressed
stretch
strickland
strider
strike
striker
striker1
strikers
string
stringer
stripe
stripes
stripped
stripper
stripper1
stroke
strokes
strong
strong1
strongbow
stronger
stronger1
stryker
stuart
stuart1
stubborn
stubbs
stubby
student
student1
students
studio
studio54
studioworks
studmuffin
stuff
stumpy
stunna
stunna1
stunner
stunning
stunt101
stuntman
stupid
stupid!
stupid1
stupid2
stupidbitch
stupidgirl
stussy
style
styles
stylish
stylist
stylus
suankularb
suarez
suave
subaru
subaru1
subhanallah
sublime
sublime1
submit
subway
subway1
subwoofer
subzero
succes
success
success1
successful
sucess
sucesso
suckdick
sucker
sucker1
suckers
suckit
suckit1
suckme
suckmyballs
suckmydick
sucks
sudoku
suerte
suesue
suferinta
suflet
sufletel
sugababe
sugababes
sugamama
sugaplum
sugar
sugar01
sugar1
sugar11
sugar12
sugar123
sugar13
sugar2
sugar3
sugar5
sugar7
sugarandspice
sugarbabe
sugarbabes
sugarbaby
sugarbaby1
sugarbear
sugarbear1
sugarcane
sugarcult
sugardaddy
sugarfree
sugarlips
sugarmama
sugarpie
sugarplum
sugarpop
sugarray
sugars
sugarsugar
sugary
sugasuga
sugipula
suhaila
suhaimi
suhana
suicidal
suicide
suikoden
sukabumi
sukanya
sukkel
sukses
sulaiman
sulley
sullivan
sully
sultan
sultana
sum41
summer
summer!
summer.
summer00
summer01
summer02
summer03
summer04
summer05
summer06
summer07
summer08
summer09
summer1
summer10
summer11
summer12
summer123
summer13
summer14
summer16
summer2
summer2006
summer2007
summer2008
summer2024
summer2026
summer21
summer22
summer23
summer3
summer4
summer5
summer6
summer69
summer7
summer8
summer99
summerfun
summergirl
summerland
summerlove
summerof69
summers
summertime
summit
sumner
sun123
sunako
sunbeam
sundae
sundance
sunday
sunday1
sunderland
sundown
sundrop
sunfire
sunfire1
sunflower
sunflower1
sunflowers
sungit
sunglasses
sunisa
sunita
sunkiss
sunkissed
sunkist
sunkist1
sunlight
sunmoon
sunnie
sunny
sunny1
sunny12
sunny123
sunny2
sunny7
sunnyboy
sunnyd
sunnyday
sunnydays
sunnys
sunnyside
sunrise
sunrise1
sunset
sunset1
sunsets
sunsh1ne
sunshine
sunshine!
sunshine.
sunshine01
sunshine05
sunshine06
sunshine07
sunshine08
sunshine1
sunshine10
sunshine11
sunshine12
sunshine123
sunshine13
sunshine14
sunshine16
sunshine18
sunshine2
sunshine21
sunshine22
sunshine23
sunshine24
sunshine3
sunshine33
sunshine4
sunshine5
sunshine6
sunshine69
sunshine7
sunshine8
sunshine88
sunshine9
sunshyne
sunstar
sunsun
supafly
supaman
supaporn
supastar
super
super1
super12
super123
super7
super8
superb
superbitch
superbowl
superboy
supercali
supercat
superchick
supercool
supercute
superdog
superdude
superduper
superestrella
superfly
superfly1
superfreak
supergal
supergirl
supergirl1
supergurl
superhero
superior
superjunior
superlinda
superman
superman!
superman01
superman07
superman1
superman10
superman11
superman12
superman123
superman13
superman14
superman2
superman21
superman22
superman23
superman3
superman4
superman5
superman69
superman7
superman8
supermario
superme
supermodel
supermom
supernatural
supernova
superpet
superpets
supers
supersexy
supersonic
superstar
superstar1
superstar2
superstar3
superstars
supertwins
supervisor
superwoman
suplada
supladita
suplado
supper
support
supra
supra1
supreme
supremo
sur13
surabaya
suraya
surena
surena13
sureno
sureno13
surenos13
suresh
surf
surfboard
surfer
surfer1
surfer2
surfergirl
surfgirl
surfin
surfing
surfing1
surfsup
surigao
suriname
suriya
surprise
surrender
surside13
survival
survive
survivor
survivor1
surya
susan
susan1
susana
susana1
susanita
susanna
susanne
susanu
sushi
sushi1
sushmita
susie
susie1
susieq
sutherland
sutton
suyapa
suzaku
suzana
suzanna
suzanne
suzanne1
suzette
suzie
suzie1
suzieq
suzuki
suzuki1
suzzie
svetlana
swagger
swallow
swanky
swanlake
swanny
swansea
swanseacity
swanson
swanton
swastika
swatch
sweaty
sweden
sweeet
sweeney
sweeper
sweepy
sweet
sweet!
sweet01
sweet07
sweet08
sweet09
sweet1
sweet10
sweet101
sweet11
sweet12
sweet123
sweet13
sweet14
sweet15
sweet16
sweet17
sweet18
sweet19
sweet2
sweet20
sweet21
sweet22
sweet23
sweet25
sweet28
sweet3
sweet4
sweet5
sweet6
sweet666
sweet69
sweet7
sweet8
sweet9
sweetangel
sweetas
sweetass
sweetbabe
sweetbaby
sweetboy
sweetcake
sweetcakes
sweetcandy
sweetcheeks
sweetchick
sweetchild
sweetcorn
sweetdream
sweetdreams
sweetdude
sweete
sweeter
sweetest
sweetface
sweetgal
sweetgirl
sweetgirl1
sweetgurl
sweethart
sweetheart
sweethome
sweethoney
sweeti
sweetie
sweetie1
sweetie12
sweetie13
sweetie2
sweetie3
sweetie7
sweetiepie
sweeties
sweetkiss
sweetkisses
sweetlady
sweetlips
sweetlove
sweetlover
sweetluv
sweetme
sweetness
sweetness1
sweetone
sweetp
sweetpea
sweetpea1
sweetpea2
sweetpee
sweetpie
sweetrose
sweets
sweets1
sweets2
sweetsixteen
sweetsmile
sweetstuff
sweetsugar
sweetsweet
sweett
sweettart
sweettea
sweetthang
sweetthing
sweettooth
sweety
sweety1
sweety12
sweety123
sweety2
sweetygirl
sweetypie
sweetz
swetie
swetty
swifty
swim
swimchick
swimfan
swimmer
swimmer1
swimming
swimming1
swimteam
swindon
swinger
swingers
swiper
switch
switchfoot
swithart
switie
switzerland
swoosh
sword
swordfish
swordfish1
swords
swordsman
swthrt
sxcbabe
sxcbitch
syafiq
syafiqah
syahirah
syaoran
syasya
syazwan
syazwani
sycamore
sydnee
sydney
sydney1
sydnie
sylvester
sylvester1
sylvia
sylvia1
sylvie
symone
symphony
syncmaster
synergy
synyster
syracuse
system
system1
systemofadown
syuhada
syukri
szerelem
szeretlek
szivem
t-bone
t-pain
t12345
t123456
t123456789
t1gger
t1nkerbell
tabachoy
tabaco
tabasco
tabata
tabatha
tabbie
tabby
tabby1
tabby123
tabbycat
tabetha
tabita
tabitha
tabitha1
tabletennis
tablou
tacloban
tacobell
tacobell1
tacoma
tacos
tacos1
tadeo
tadpole
tae123
taeka
taekwondo
taemo
taetae
taetae1
tafari
taffy
taffy1
tagalog
tagged
tagged1
tahiti
tahlia
tahnee
tahoe1
taichi
tailor
taisha
taitai
taiwan
tajmahal
takamine
takara
takashi
takecare
takeda
takeme
taken1
takeshi
takethat
takishima
takizawa
taktak
takumi
takuya
talaga
talavera
talent
talented
talia
taliban
talisay
talisha
talisman
talita
talitha
taliyah
talk2me
talking
talktalk
talktome
tallaght
tallulah
talofa
talon
talula
tamagochi
tamagotchi
tamahome
tamaki
tamang
tamanna
tamara
tamara1
tamarindo
tamati
tamayo
tambay
tambok
tameka
tamera
tamia
tamika
tamika1
tamiya
tammie
tammy
tammy1
tammy123
tammys
tampabay
tampan
tampico
tampon
tamsin
tamtam
tamzin
tanaka
tanaya
tanduay
tanesha
tanga
tangas
tangerang
tangerine
tangina
tanginamo
tangmo
tango
tango1
tania
tania1
taniateamo
tanika
taninha
tanis
tanisha
tanita
taniya
tanjung
tanker
tanner
tanner01
tanner1
tanner12
tanner2
tanning
tantan
tantra
tanya
tanya1
tanzania
tapout
tapper
taquito
tara
tara12
tara123
tarada
tarado
taralynn
taranaki
tarantado
tarantula
taratara
taray
tardis
tareco
target
target1
tarheel
tarheels
tarheels1
tarkan
tartan
tartar
tartaruga
tartko
taruna
taryn
tarzan
tasha
tasha1
tasha12
tasha123
tasha2
tashia
tashie
tasia
tasmania
tasneem
tasnim
tassie
tastatura
tasty1
tasuki
tata123
tatang
tatanka
tatata
tatay
tatenda
tater
tater1
taterbug
taters
tatertot
tatertot1
tatiana
tatiana1
tatianita
tatianna
tatica
tatis
tatita
tatito
tatjana
tatoo
tattoo
tattoo1
tattoos
tattyteddy
tatum
tatum1
tatyana
taufik
taufiq
taugamma
taugammaphi
taurean
tauro
tauros
taurus
taurus1
tavares
tavito
tawana
tawanda
tay-tay
tay123
tayla
taylah
tayler
tayler1
taylor
taylor!
taylor01
taylor02
taylor03
taylor04
taylor05
taylor06
taylor07
taylor08
taylor1
taylor10
taylor11
taylor12
taylor123
taylor13
taylor14
taylor15
taylor18
taylor2
taylor21
taylor22
taylor23
taylor24
taylor3
taylor4
taylor5
taylor6
taylor7
taylor8
taylor9
taylor96
taylor97
taylor99
taylormade
taylorswift
tayshaun
tayson
taytay
taytay1
taytay12
taytay2
taz123
tazdevil
tazman
tazmania
tazmanian
tazmin
taztaz
tazzie
tazzy
tazzy1
tbaby
tbone
tbone1
tbs13
te amo
te iubesc
te quiero
teabag
teacher
teacher1
teachers
teacup
teador
teadoro
teagan
teague
teamare
teamareporsiempre
teamaresiempre
teamarex100pre
teamo
teamo.
teamo1
teamo10
teamo12
teamo123
teamo13
teamo14
teamo15
teamo18
teamo2
teamo22
teamo5
teamoa
teamoalan
teamoale
teamoalex
teamoamor
teamoana
teamoandrea
teamoandres
teamoangel
teamoati
teamobb
teamobebe
teamobeto
teamoc
teamocarlos
teamocesar
teamocris
teamocristian
teamodaniel
teamodavid
teamodemasiado
teamodiana
teamodiego
teamodios
teamoedgar
teamoeduardo
teamoerick
teamofer
teamogaby
teamogordo
teamoivan
teamoj
teamojavier
teamojesus
teamojhon
teamojoel
teamojorge
teamojose
teamojuan
teamojulio
teamok
teamokaren
teamokarla
teamokaty
teamokevin
teamokike
teamol
teamolalo
teamoleo
teamoliz
teamoluis
teamom
teamomama
teamomami
teamomanuel
teamomarco
teamomaria
teamomario
teamomiamor
teamomibb
teamomibebe
teamomiguel
teamomivida
teamomucho
teamomuxo
teamonena
teamonene
teamoo
teamoomar
teamooscar
teamop
teamopablo
teamopaola
teamopapi
teamoperu
teamor
teamoraul
teamorosa
teamos
teamosergio
teamosoloati
teamotanto
teamoteamo
teamovictor
teamox100pre
teamwork
teanna
teapot
teardrop
teardrops
tears
teaser
teatro
tecate
techn9ne
technics
techno
techno1
technology
tecktonik
teclado
tecnico
tecson
tedbaker
teddie
teddies
teddy
teddy1
teddy11
teddy12
teddy123
teddy2
teddy3
teddy7
teddyb
teddybear
teddybear1
teddybear2
teddybears
teddyboy
teddys
tedeseo
tedybear
teegan
teehee
teejay
teenager
teenagers
teenie
teentitans
teetee
teetee1
teextraã±o
tefita
tegan
tegocalderon
teigan
teiubesc
teiubescmult
teiubesk
teixeira
tejada
tekelo
tekelomucho
tekelomuxo
tekiero
tekieromucho
tekieromuxo
tekila
tekken
tekken5
teknik
telcel
telecaster
telecom
telecomanda
telefon
telefone
telefonica
telefono
telefoon
telemovel
telephone
telephone1
teletubbies
television
televisor
televizor
telkom
tellme
telma
telmex
telmo
temari
tembem
temitope
temper
tempest
temple
tempo
temptation
tenchi
tender
tenecesito
tenerife
tengounamor
tennessee
tennessee1
tennis
tennis1
tennis12
tennis123
tennis2
tennis7
tenorio
tenshi
tenten
tenzin
teodio
teodor
teodora
teodoro
teofilo
teolvidare
teptep
tequiero
tequiero1
tequieromucho
tequieromuxo
tequila
tequila1
tequilla
terell
terence
terengganu
teresa
teresa1
terese
teresita
tereza
terminal
terminator
termite
ternura
terra
terrace
terran
terrance
terrance1
terrel
terrell
terrell1
terremoto
terrence
terrence1
terri
terri1
terrible
terrie
terrier
terron
terror
terry
terry1
terry123
terry2
terry26
terrys
terserah
tesakam
tesigoamando
tesorito
tesoro
tessa
tessa1
tessa123
tessie
test123
test1234
tester
testing
testtest
tetris
teurasc
tevin
tevin1
tevita
texans
texas
texas06
texas1
texas10
texas12
texas123
texas2
texas22
texas3
texasgirl
texass
texastech
text only ad
teytey
tezuka
th0mas
thaddeus
thailand
thaitanium
thalia
thalia1
thamara
thanatos
thania
thankful
thankgod
thanks
thanksgod
thanku
thankyou
thankyou1
thart
thatgirl
thatha
thatshot
thatshot1
thatshott
thatsme
the best
the123
the1andonly
theanimal
theanswer
theart
theater
theatre
thebaby
thebadboy
thebeach
thebear
thebeast
thebeatles
thebest
thebest1
thebible
thebigboss
thebitch
theblackparade
theblues
thebomb
theboss
theboss1
theboy
theboys
thecalling
thecat
thechamp
theclash
thecorrs
thecrazy
thecrew
thecrow
thecure
thedevil
thedoctor
thedog
thedon
thedons
thedoors
thedude
theend
theforce
thegame
thegame1
thegers
thegirl
thegirls
thegreat
thegreat1
thehoops
thehulk
thejoker
thekid
thekids
thekill
thekiller
thekillers
theking
theking1
thekooks
thekop
thelma
thelma1
thelord
thelove
theman
theman1
themaster
thematrix
themoon
theoc
theodora
theodore
theone
theone1
theoneandonly
theonly1
theonlyone
thepars
thepast
thepimp
thepooh
theprincess
thequeen
therapy
therasmus
thereason
thereds
theresa
theresa1
therese
theresia
thering
therion
thermo
therock
therock1
theron
theshit
thesimpsons
thesims
thesims1
thesims2
thess
thessa
thestar
thestrokes
thesun
thethe
thetruth
thetwins
theundertaker
theused
theused1
thewho
theworld
thiago
thick1
thickness
thierry
thierryhenry
thina
thine
thing1
thing2
things
think
thinker
thinking
thinkpink
thinlizzy
third
thirdy
thirteen
thirteen13
thirty
thisisit
thisisme
thisismine
thisismypassword
thislove
thissucks
thistle
thizz
thizz1
thomas
thomas!
thomas01
thomas05
thomas06
thomas07
thomas08
thomas1
thomas10
thomas11
thomas12
thomas123
thomas13
thomas16
thomas18
thomas2
thomas21
thomas22
thomas23
thomas3
thomas5
thomas69
thomas7
thompson
thompson1
thomson
thongs
thorne
thornton
thought
thrasher
three
three3
threeboys
threedaysgrace
threekids
thrice
thriller
thug4life
thugangel
thuggin
thuglife
thuglife1
thugline
thuglove
thugluv
thugs
thugstools
thugz
thumper
thumper1
thumpstar
thunder
thunder1
thunder2
thunder7
thunderbird
thunderbirds
thunderbolt
thundercats
thunderstorm
thurman
thursday
thurston
thx1138
tia123
tiago
tiaguinho
tiamaria
tiamo
tiana
tiana1
tianna
tianna1
tiara
tiara1
tiarra
tiatia
tibbles
tiberiu
tiburon
ticket
tickle
tickleme
tickles
ticktock
tictac
tiddles
tiegan
tiempo
tierna
tiernan
tierney
tierno
tierra
tierra1
tiesha
tiesto
tifani
tifany
tiff123
tiffani
tiffanie
tiffany
tiffany1
tiffany123
tiffany2
tiffany3
tiffany7
tiffanys
tiffers
tifftiff
tiffy
tiffy1
tiger
tiger01
tiger05
tiger06
tiger07
tiger1
tiger10
tiger11
tiger12
tiger123
tiger13
tiger14
tiger15
tiger18
tiger2
tiger21
tiger22
tiger23
tiger24
tiger3
tiger4
tiger45
tiger5
tiger55
tiger6
tiger69
tiger7
tiger8
tiger9
tigerboy
tigercat
tigeress
tigerlilly
tigerlily
tigerman
tigers
tigers05
tigers06
tigers07
tigers08
tigers1
tigers11
tigers12
tigers123
tigers13
tigers2
tigers7
tigerwoods
tigerz
tigga
tigger
tigger!
tigger01
tigger02
tigger03
tigger04
tigger05
tigger06
tigger07
tigger08
tigger09
tigger1
tigger10
tigger101
tigger11
tigger12
tigger123
tigger13
tigger14
tigger15
tigger16
tigger17
tigger18
tigger19
tigger2
tigger20
tigger21
tigger22
tigger23
tigger24
tigger25
tigger26
tigger27
tigger3
tigger4
tigger5
tigger6
tigger69
tigger7
tigger77
tigger8
tigger88
tigger89
tigger9
tigger92
tigger99
tiggerific
tiggers
tiggy1
tigre
tigres
tigresa
tigress
tigris
tijger
tijgertje
tijuana
tikboy
tikitiki
tiktik
tilley
tillie
tillman
tilly
tilly1
tilly123
tim123
timbaland
timber
timber1
timberlake
timberland
timberwolf
timbiriche
timburton
timebomb
timeless
timeout
timer
timike
timisoara
timmcgraw
timmie
timmy
timmy1
timmy123
timmy2
timon
timone
timoteo
timothy
timothy1
timothy2
timtam
timtim
tina
tina1
tina11
tina12
tina123
tina13
tinamarie
tinapay
tinatina
tinay
tingting
tingtong
tinhyeu
tininha
tink
tink01
tink05
tink06
tink07
tink08
tink09
tink10
tink101
tink11
tink12
tink123
tink13
tink14
tink15
tink16
tink17
tink18
tink21
tink22
tink23
tink69
tinka
tinkabell
tinker
tinker01
tinker1
tinker10
tinker11
tinker12
tinker123
tinker13
tinker14
tinker2
tinker3
tinker5
tinker7
tinkerbe11
tinkerbel
tinkerbel1
tinkerbell
tinkerbell1
tinkerbell12
tinkerbell123
tinkerbell2
tinkerbelle
tinkers
tinkie
tinkle
tinktink
tinky
tinky1
tinkywinky
tinman
tinsel
tintin
tiny12
tiny123
tinydancer
tinytim
tionna
tipper
tipper1
tipperary
tippy
tippy1
tipsy
tipsy1
tiptip
tiptoe
tipton
tiptop
tiramisu
tirana
tisay
tisdale
tisha
tisoy
tissue
titan
titan1
titanic
titanic1
titanium
titans
titans1
titch
titina
titing
titinha
titino
titis
titita
tititi
titito
titleist
tito123
titotito
titties
titus
tivogliobene
tiziano
tkiero
tmac01
tmnet123
tmobile
tmoney
toast
toaster
toasty
tobago
tobby
tobias
tobias1
toblerone
toby
toby12
toby123
tobydog
tobytoby
tocool
tocute
today
today1
todocambio
todopoderoso
toejam
toenail
toenails
toffee
toffee1
togepi
together
together1
togetherforever
tohoshinki
toilet
toink
toinks
toinkz
tokio
tokio hotel
tokiohotel
tokita
tokyo
tokyodrift
toledo
tolentino
tolima
tolits
tolkien
toluca
tom123
tomahawk
tomandjerry
tomas
tomas1
tomasa
tomasito
tomate
tomato
tomatoes
tomboy
tombrady
tombrady12
tombraider
tombstone
tomcat
tomcat1
tomcruise
tomdelonge
tomfelton
tomgreen
tomika
tomita
tomjerry
tomkaulitz
tomlinson
tommie
tommy
tommy1
tommy12
tommy123
tommy13
tommy2
tommy3
tommy5
tommy69
tommy7
tommyb
tommyboy
tommyg
tommygirl
tommylee
tommys
tomodachi
tomorrow
tomoyo
tomtom
tomtom1
tomwelling
tonette
tonga
tongan
tongtong
tongue
toniann
tonight
tonio
tonito
tonka
tonny
tonta
tontin
tontita
tonto
tonton
tontos
tony
tony01
tony06
tony07
tony1
tony11
tony12
tony123
tony13
tony14
tony17
tony18
tony20
tony21
tony22
tony23
tony69
tonya
tonya1
tonyboy
tonyhawk
tonymontana
tonytony
toobad
toocool
toocute
toodles
toogood
toohot
tookie
tookie1
tookta
toomuch
toonarmy
toosexy
tooshort
toosweet
tooter
toothbrush
toothfairy
toothpaste
toothpick
tootie
tootie1
tootles
tootoo
toots
tootsie
tootsie1
tootsieroll
toottoot
topacio
topak
topanga
topaz
topcat
topdog
topgear
topgun
topgun1
tophat
topher
topman
topmodel
topnotch
topogigio
topoyiyo
topper
topsecret
topshop
toptop
torchwood
torero
tori
tori12
tori123
toriamos
toribio
torino
torito
tormenta
tornado
toronto
torpedo
torque
torrance
torres
torres1
torres9
torrey
torrie
tortilla
tortoise
tortor
tortuga
tortugas
tosexy
toshiba
toshiba1
total90
totalgirl
totally
totito
totnak
totong
totoro
tototo
totoy
tottenham
tottenham1
totti
totti10
tottie
touch
touchdown
touchme
toulouse
tourism
toutou
towers
townsend
toxic
toxicity
toyang
toyboy
toyota
toyota1
toystory
toytoy
toã±o
trabajo
trace
tracer
tracey
tracey1
tracie
track
track1
tracker
tracks
trackstar
trackstar1
tractor
tractor1
tractors
tracy
tracy1
tracybeaker
trademark
traffic
trafford
tragedy
traian
traicion
trainer
trainers
training
trains
tralala
tramaine
trampoline
trance
trandafir
tranmere
transam
transformer
transformers
transit
trapper
trapstar
trashcan
trasher
trauma
travel
travel1
traveler
traviesa
traviesa1
travieso
travieza
travis
travis1
travis12
travis123
travis18
travis2
travis21
travis3
travis69
travis7
travolta
travon
tre123
treacle
treasure
treasure1
treble
trebol
trebor
trece
trecool
tree
tree123
treefrog
treehouse
treehugger
trees
treetop
treetree
trell
tremaine
tremayne
tremenda
tremolo
trendy
trent
trent1
trenton
trenton1
trese
tresor
tressa
tretre
trever
trevino
trevon
trevon1
trevor
trevor1
trey
trey123
treysongz
treytrey
treyvon
triana
triangle
tribal
tribilin
tricey
tricia
tricia1
trick
tricks
trickster
tricky
tricky1
trident
triforce
triger
trigger
trigger1
trigun
trina
trina1
trini
trini1
trinidad
trinidad1
trinitron
trinity
trinity1
trinity2
trinity3
trinity7
triple
triple7
triplea
tripleh
tripleh1
triplej
triplet
triplets
triplex
tripod
tripper
trippin
trippy
trisakti
trish
trish1
trisha
trisha1
trishia
triskelion
trista
tristan
tristan1
tristan2
triste
tristen
tristen1
tristeza
tristian
tristin
tristin1
triston
triton
triumph
triunfo
trival
trivium
trivium1
trixia
trixie
trixie1
trixy
trojan
trojan1
trojans
trojans1
trolls
trollz
trombone
trompeta
trooper
trooper1
tropa
tropical
tropical1
tropicana
trotter
trouble
trouble1
trouble2
troubles
trouwen
troy123
troybolton
troyboy
trucha
truck
truck1
trucker
trucker1
truckin
trucking
trucks
trucks1
trudy
trueblue
truefriend
truelove
truelove1
trueluv
trueno
truffle
truffles
trujillo
trulove
truluv
truman
trumpet
trumpet1
trunks
trunks1
trust
trust1
trustgod
trustme
trustme1
trustno1
trustnoone
trusty
truth
truth1
tryagain
trystan
tsering
tshering
tst213
tsubasa
tsukasa
tsunade
tsunami
ttttt
tttttt
tttttttt
tuamor
tuazon
tubby
tubby1
tubebe
tucker
tucker1
tucker12
tucker2
tucson
tuculo
tueresmivida
tuesday
tuffy
tuffy1
tugger
tukmol
tuktuk
tulip
tulipa
tulipan
tulipanes
tulips
tuliro
tulokita
tumadre
tumama
tumami
tumbin
tumble
tumtum
tunafish
tundra
tuning
tunisia
tunning
tuntun
tupac
tupac1
tupac2
tupacs
tupacshakur
tupapa
tupapi
tuppence
tuputamadre
turbo
turbo1
turbos
turismo
turkey
turkey1
turkish
turkiye
turner
turner1
turnip
turquesa
turquoise
turtle
turtle!
turtle1
turtle12
turtle123
turtle2
turtle3
turtle5
turtle7
turtles
turtles1
tururu
tutifruti
tuttifrutti
tututu
tuvieja
tuxedo
tuyyo
tuyyox100pre
tw33ty
tweedy
tweeling
tweenies
tweet
tweet1
tweeter
tweetie
tweetums
tweety
tweety01
tweety05
tweety06
tweety07
tweety08
tweety09
tweety1
tweety10
tweety101
tweety11
tweety12
tweety123
tweety13
tweety14
tweety15
tweety16
tweety17
tweety18
tweety19
tweety2
tweety21
tweety22
tweety23
tweety24
tweety3
tweety4
tweety5
tweety6
tweety7
tweety8
tweety88
tweety9
tweetybird
tweetygirl
tweetypie
twelve
twelve12
twenty
twenty1
twenty2
twenty20
twenty3
twenty4
twenty7
twentyeight
twentyfive
twentyfour
twentynine
twentyone
twentyseven
twentysix
twentythree
twentytwo
twetty
twiggy
twiglet
twilight
twilight1
twinboys
twincam
twingirls
twinkie
twinkie1
twinkies
twinkle
twinkle1
twinkles
twinkletoes
twinky
twins
twins06
twins1
twins2
twinss
twirler
twista
twisted
twisted1
twister
twister1
twisters
twitch
twiztid
twizzler
twoboys
twogirls
twokids
tyanna
tycoon
tyesha
tyler
tyler!
tyler01
tyler02
tyler03
tyler04
tyler05
tyler06
tyler07
tyler08
tyler1
tyler10
tyler101
tyler11
tyler12
tyler123
tyler13
tyler14
tyler15
tyler16
tyler2
tyler21
tyler22
tyler23
tyler3
tyler4
tyler5
tyler6
tyler69
tyler7
tyler8
tyler98
tyler99
tylerb
tylerc
tylerd
tylerh
tylerj
tylerjames
tylerlee
tylerm
tylerr
tylers
tylert
typecast
typewriter
typhoon
tyquan
tyrabanks
tyrant
tyree
tyree1
tyreece
tyrell
tyrell1
tyrese
tyrese1
tyron
tyrone
tyrone1
tyshawn
tyson
tyson1
tyson12
tyson123
tyson2
tysons
tytyty
tyuiop
uandme
ubaldo
uchiha
uchihasasuke
udontknow
uganda
uglybetty
ukraine
ulises
uloveme
ulrich
ulster
ultima
ultimate
ultraman
ultras
ultraviolet
ulysses
umbrella
umpalumpa
unbreakable
undead
under18
undercover
underdog
underground
underoath
underoath1
underpants
underscore
understand
undertaker
underwater
underwear
underwood
underworld
unfaithful
unforgiven
unggoy
unhappy
unica
unicahija
unicorn
unicorn1
unicornio
unicorns
uniden
unique
unique1
united
united1
unitedkingdom
unitedstates
univers
universal
universe
universidad
universitario
university
universo
unknown
unknown1
unleashed
unlimited
unlock
unloved
unlucky
unpredictable
unpretty
unreal
untitled
untouchable
unwanted
unwell
unwritten
uoykcor
upgrade
uprising
upsidedown
uptown
upyours
uragon
uranus
urban
urbano
urgay
uriel
urlacher54
urmama
urmine
urmom
urmom1
urmomma
urmother
urmum
urock
ursinho
ursula
ursulet
ursuletz
urthe1
uruguay
usa123
usa777
usarmy
usausa
useless
username
usher
usher1
usher123
usher8701
usherr
usherraymond
ushers
usmell
usnavy
usuck
usuck1
usuck2
utopia
uuuuu
uuuuuu
uzumaki
uzumakinaruto
uzumymw
v-ball
v12345
v123456
vacaciones
vacanta
vacation
vacation1
vader
vader1
vaffanculo
vagina
vagina1
vainilla
vakantie
vakita
valarie
valdes
valdez
valdivia
valen
valencia
valent
valente
valentin
valentina
valentina1
valentine
valentine1
valentines
valentino
valenzuela
valera
valeri
valeria
valeria1
valerie
valerie1
valerio
valerita
valery
valeska
valhalla
valiant
valiente
valkyrie
vallejo
valletta
valley
valley1
valleyforge
valter
valverde
vampir
vampira
vampire
vampire1
vampire13
vampire666
vampires
vampiro
vampiros
vampyre
vance
vancouver
vanda
vandal
vandam
vandersar
vandread
vanes
vanesa
vanesita
vaness
vanessa
vanessa1
vanessa12
vanessa123
vanessa13
vanessa2
vanessahudgens
vanessita
vanexa
vaneza
vangie
vangogh
vanguard
vanhalen
vanhelsing
vania
vanila
vanilla
vanilla1
vanilla2
vanille
vanita
vanity
vanna
vannah
vanne
vannesa
vanness
vannessa
vannie
vanny
vanpersie
vanquish
vanvan
vaquero
vaquita
varadero
varela
vargas
varsator
varsha
varsity
varsity1
vasco
vaseline
vashti
vasile
vasilica
vasquez
vatoloco
vatoslocos
vaughan
vaughn
vauxhall
vavavoom
vazquez
vball
vball1
vball10
vball11
vball12
vball13
vball14
vball15
vball2
vball21
vball3
vball4
vball5
vball7
vball8
vectra
vedder
veejay
vegas
vegas1
vegeta
vegeta1
veggie
velarde
velasco
velasquez
velazquez
velcro
velocity
veloso
velvet
velvet1
venado
vendetta
venecia
venegas
veneno
venessa
venezia
venezuela
venezuela1
venganza
vengeance
venice
venom
venom1
ventana
ventura
venture
venus
venus1
veracruz
verano
verbatim
verdad
verde
verdes
verdolaga
verena
verenice
vergara
vergel
vergeten
vergil
verinha
verita
veritas
veritaserum
verito
verity
verizon
verizon1
verjaardag
verliefd
vermelho
vermilion
vermillion
vermont
verna
vernie
vernon
vernon1
vero123
veron
verona
veronica
veronica1
veronicas
veronik
veronika
veronique
versace
versace1
versatile
versus
vertical
vertigo
verygood
verynice
verysexy
vesper
vetealamierda
veterinaria
veverita
vhente
vhenteuno
viagra
vialactea
vianca
vianey
vianney
viatamea
vicecity
vicelord
vicente
vicious
vick07
vickey
vicki
vicki1
vickie
vicky
vicky1
vicky123
victim
victor
victor1
victor12
victor123
victor13
victor2
victorhugo
victoria
victoria1
victoria12
victoria2
victorian
victormanuel
victorteamo
victory
victory1
vicvic
viczhou
vidal
vidaloca
vidaloka
vidanueva
videogames
videos
vieira
vienna
viento
viernes
viernes13
vietnam
viewsonic
vijay
viking
viking1
vikings
vikings1
vikki
vikram
viktor
viktoria
villa
villa1
villacorta
village
villalobos
villamor
villanueva
villar
villareal
villarin
villarreal
villas
ville
villegas
villevalo
vilma
vince
vince1
vince15
vincecarter
vincent
vincent1
vincenzo
vindicated
vindiesel
vineyard
vinicio
vinicius
vinnie
vinnie1
vinny
vinny1
vinson
vintage
vinvin
viola
violet
violet1
violeta
violette
violin
violin1
viorel
viorica
viper
viper1
vipera
vipers
virgem
virgen
virgie
virgil
virgilio
virgin
virgin1
virginia
virginia1
virginie
virginity
virgo
virgo1
virgo21
virgo9
virgogirl
virgos
viridiana
viris
virtual
virtue
virus
vishal
vishnu
vision
vision1
vissen
vista
visual
vitamin
vitinho
vitor
vitoria
vivaelrock
vivalabam
vivalaraza
vivalavida
vivamexico
vivayo
vivelavida
vivian
vivian1
viviana
viviane
vivianita
vivien
vivienne
vivis
vixen
vladimir
vladut
vladutz
vlinder
vodafone
vodka
vodka1
voetbal
voices
voiture
volcano
volcom
volcom1
volcom12
volcom2
volcom7
volcomstone
voldemort
voleibol
volimte
volkswagen
volkswagon
volley
volley1
volley12
volleyball
volleyball1
vollyball
voltage
voltaire
volume
volunteer
volvic
volvo
vondutch
vonnie
vonvon
voodoo
voodoo1
vortex
vote4pedro
voyage
voyager
vpjkglnvd
vrienden
vuitton
vulnerable
vvvvvv
vwgolf
w12345
w123456
w1ll1am
w8woord
wabbit
wachtwoord
wacky
waco254
waddle
waddles
wade03
wafako
waffle
waffles
waffles1
wagner
wahaha
waheguru
wahida
wahine
wahyu
wahyuni
waiting
waiwai
wakeboard
wakefield
wakeup
wakoko
wakwak
walalang
walana
waldo
waleed
wales
wales1
wales4eva
waleska
walker
walker1
walkers
walking
walkitout
walkman
wallace
wallace1
wallet
wallis
wallpaper
wally
wally1
walmart
walmart1
walnut
walrus
walsall
waltdisney
walter
walter1
walters
walton
wanda
wanda1
wander
wanderers
wangbu
wanie
wanita
wanker
wanker1
wankers
wanksta
wannabe
wanted
wanted1
wanwan
warcraft
warcraft1
warcraft3
warden
wardrobe
wareagle
wareagle1
warehouse
warfreak
warhammer
warior
warlock
warlord
warner
warning
warning1
warren
warren1
warrior
warrior1
warriors
warriors1
warwick
was123
wasabi
wasalak
washburn
washington
wassaw
wasser
wassup
wassup1
wasted
waswas
watanabe
watashi
watashiwa
watchout
water
water1
water12
water123
water2
water3
water5
waterbaby
waterbottle
waterboy
waterfall
waterfall1
waterfalls
waterford
waterlily
waterloo
waterman
watermelon
waterpolo
waters
waters1
waterski
wateva
watever
watever1
watford
watitdo
watkins
watson
watson1
watsup
watup
watzup
wawan
wawawa
waylon
wayne
wayne1
wayne12
wayne123
wayne2
waynerooney
waynes
wazup
wazzup
weapon
weareone
weasel
weasley
weather
weather1
weaver
webber
webbie
webcam
webkinz
webkinz1
webmaster
website
webstar
webster
webster1
wedding
wedding1
wednesday
wednesday13
weed
weed12
weed123
weed420
weed69
weedhead
weedman
weeds
weekend
weeman
weener
weenie
weewee
weewee1
weezer
weezer1
weezie
weezy
weezy1
weezybaby
weezyfbaby
weiner
weird
weirdo
weiwei
welcom
welcome
welcome1
welcome12
welcome123
welcome2
welder
welkom
welkom01
wella
wellcome
weller
wellies
welling
wellington
wenceslao
wendel
wendell
wendy
wendy1
wendy12
wendy123
wendys
wengweng
wennie
wentworth
wentworthmiller
wenwen
wer123
werdna
werewolf
werita
werner
werock
werty
werty1
werty123
wertyu
werwer
wesley
wesley1
westbrom
westbrook
westbury
westcoast
westend
wester
western
western1
westfield
westgate
westham
westham1
westie
westlake
westley
westlife
westlife1
weston
weston1
westport
westside
westside1
westside13
westtigers
westwest
westwood
wethepeople
wetpussy
wetseal
wetwet
wetwilly
wewewe
wewillrockyou
wexford
weymouth
whales
whammy
whanau
what
what123
whateva
whatever
whatever!
whatever.
whatever1
whatever12
whatever123
whatever2
whatever3
whatever4
whatever5
whatever7
whatisit
whatislove
whatitdo
whatitis
whatnow
whatsup
whatsup1
whatthe
whatthefuck
whatthehell
whatup
whatup1
whatwhat
wheelchair
wheeler
wheels
wheng
whereisthelove
whiplash
whiskas
whiskers
whiskers1
whiskey
whiskey1
whisky
whisper
whisper1
whitaker
white
white1
whiteangel
whiteboy
whiteboy1
whitegirl
whitehead
whitehorse
whitehouse
whiteout
whitepower
whiterose
whites
whitesox
whitesox1
whitetiger
whitewolf
whitey
whitley
whitney
whitney1
whittier
whitty
whoami
whoareyou
whocares
whocares1
whoknows
whopper
whore
whore1
whores
whosyourdaddy
whyme
whyme1
whyme?
whynot
wibowo
wicca
wiccan
wiccan1
wicked
wicked1
wicked13
wicket
widget
wierdo
wifey
wifey1
wigger
wiggins
wiggle
wiggles
wiggles1
wijaya
wilber
wilbert
wilbur
wilcox
wildan
wildcat
wildcat1
wildcats
wildcats1
wildcherry
wildchild
wildchild1
wilder
wildfire
wildflower
wildgirl
wildhorses
wildlife
wildman
wildone
wildrose
wildthing
wildwood
wilfred
wilfredo
wilhelm
wiliam
wilkins
wilkinson
will
will123
willam
willard
willem
william
william07
william1
william11
william12
william123
william13
william2
william21
william22
william23
william3
william4
william5
william6
william69
william7
william8
william9
williams
williams1
williamson
willian
willie
willie1
willie2
willies
willis
willis1
willow
willow1
willsmith
willy
willy1
willys
willywonka
wilma
wilmar
wilmer
wilson
wilson1
wilton
wimbledon
winamp
winchester
winda
windex
windmill
window
window1
windows
windows1
windows98
windowsxp
windsor
windstar
windy
winfield
winger
wingman
wingnut
wings
wingwing
wingzero
winifred
winkie
winkle
winkwink
winky
winner
winner1
winners
winnie
winnie1
winniepooh
winniethepooh
winny
winona
winslow
winsome
winston
winston1
winter
winter06
winter07
winter08
winter1
winter11
winter5
winter99
winterfresh
winters
winwin
winxclub
wipemedown
wireless
wiremu
wisconsin
wisdom
wisdom1
wiseman
wishart
wishbone
wishbone1
wishes
wishing
wishmaster
wisin
wisinyyandel
wiskers
witch
witch1
witchcraft
witches
witchy
withlove
withoutyou
withyou
witness
wizard
wizard1
wizards
wizkid
wizzard
wizzer
wlk3dgs
woaini
wobble
wolfgang
wolfgirl
wolfie
wolfman
wolfpack
wolfpack1
wolverine
wolverine1
wolverines
wolves
wolves1
womanizer
wombat
womble
wonbin
wonder
wonder1
wonderboy
wonderful
wonderful1
wonderfull
wonderland
wonders
wonderwall
wonderwoman
wonka
woobie
woodie
woodland
woodlands
woodlawn
woodpecker
woodrow
woods
woodside
woodson
woodstock
woodward
woody
woody1
woody123
woofer
woofwoof
woogie
woohoo
woohoo1
wookie
woopwoop
wootwoot
woowoo
woowoo1
word
wordlife
wordpass
wordpass1
wordup
working
workit
workout
workshop
world
world1
worldcup
worldofwarcraft
worldpeace
worlds
worship
worship1
worthy
woteva
wouter
wow123
wowowee
wowwow
wowzers
wraith
wrangler
wrangler1
wrestle
wrestlemania
wrestler
wrestler1
wrestling
wrestling1
wrexham
wright
wright1
wrigley
wrinkles
writer
writing
wuchun
wulan
wulandari
wutang
wutangclan
wutever
wwe123
wwe619
wwefan
wweraw
wwewwe
wwwww
wwwwww
wxcvbn
wyatt
wyatt1
wynter
wyoming
x0x0x0
x100pre
xanadu
xander
xander1
xandra
xaninha
xavier
xavier05
xavier1
xavier2
xbox360
xboxlive
xcountry
xenia
xerxes
xfactor
xfiles
xgames
xikita
ximena
ximenita
xinita
xiomara
xiomy
xlovex
xochitl
xoxo
xoxo123
xoxoxo
xoxoxoxo
xrated
xristina
xsiempre
xterra
xtian
xtina
xtreme
xtreme1
xxx123
xxx666
xxxxx
xxxxxx
xxxxxxx
xxxxxxxx
xxxxxxxxxx
xyz123
xzavier
xzibit
y123456
yaallah
yadiel
yadira
yaelyuzon
yagami
yahaira
yahir
yahoo
yahoo!
yahoo.com
yahoo1
yahoo12
yahoo123
yahoo2
yahoocom
yahooid
yahoomail
yahooo
yahoos
yahtzee
yahweh
yahyah
yajaira
yakult
yakuza
yamaha
yamaha1
yamaha125
yamahar1
yamahar6
yamapi
yamashita
yamato
yamil
yamila
yamile
yamilet
yamileth
yamum
yamyam
yandel
yandel1
yaneli
yanet
yaneth
yangyang
yanina
yanique
yanira
yankee
yankee1
yankee13
yankee2
yankees
yankees1
yankees12
yankees13
yankees2
yankumi
yanna
yannah
yannick
yannie
yanyan
yaoming
yareli
yarely
yarina
yaritza
yasemin
yashiro
yasmeen
yasmin
yasmin1
yasmina
yasmine
yasser
yassin
yawaka
yayang
yayank
yayaya
yayis
yayita
yazmin
yazmine
yazzie
ydaleu
yeah
yeahbaby
yeahboy
yeahh
yeahman
yeahright
yeahyeah
yearbook
yeayea
yeehaw
yeison
yelena
yelhsa
yelitza
yell0w
yeller
yellow
yellow!
yellow.
yellow01
yellow1
yellow10
yellow11
yellow12
yellow123
yellow13
yellow14
yellow2
yellow21
yellow22
yellow23
yellow24
yellow25
yellow3
yellow33
yellow4
yellow5
yellow55
yellow6
yellow7
yellow8
yellow88
yellow9
yellowcard
yellowpages
yellowrose
yemaya
yenifer
yennifer
yenny
yenyen
yeppers
yeraldin
yermaw
yermom
yerson
yesenia
yesenia1
yeshua
yesica
yesika
yeslek
yessenia
yessi
yessica
yessir
yessy
yesterday
yesus
yesyes
yeuanh
yeyita
yfz450
yhang
yijeong
yingyang
yingying
yinyang
yinyin
yloveyou
ynaffit
ynattirb
yngwie
yoanna
yodude
yogibear
yogurt
yogyakarta
yohana
yohanes
yohanna
yokohama
yolanda
yolanda1
yolande
yolita
yomama
yomama1
yomama2
yomamma
yomamma1
yomeamo
yomera
yomero
yomisma
yomismo
yomomma
yomomma1
yonatan
yonathan
yondaime
yonkers
yonose
yoohoo
yorkie
yorkshire
yoselin
yoselyn
yosemite
yoshi
yoshi1
yosoylamejor
yosoylinda
yosoysexy
yosoyyo
yoteamo
yotequiero
you rock
you&me
you123
youandi
youandme
youandme1
youaregay
youbitch
youcantseeme
youdontknow
yougogirl
youknow
youknow1
youlove
youloveme
young
young1
youngblood
youngbuck
younger
younglife
younglove
youngmoney
youngone
youngs
youngster
younme
yourface
yourgay
yourgay1
yourlove
yourmama
yourmine
yourmom
yourmom!
yourmom1
yourmom2
yourmom3
yourmomma
yourmother
yourmum
yourname
yourock
yours
yousef
yousmell
youssef
yousuck
yousuck!
yousuck1
yousuck2
youth
youtube
youwish
youyou
yovana
yoyita
yoyo
yoyo123
yoyong
yoyoyo
yoyoyo1
yoyoyoyo
yoysoloyo
ysabel
ysabella
ysabelle
ysmael
ytrewq
yudith
yugioh
yugioh1
yuiop
yuiyui
yukari
yukiko
yukino
yukito
yulia
yulian
yuliana
yulieth
yulisa
yulissa
yulita
yumiko
yummie
yummy
yummy1
yummymummy
yumyum
yumyum1
yunior
yunita
yunuen
yupyup
yuridia
yurika
yuriko
yusuf
yusuke
yuyuyu
yvette
yvette1
yvonne
yvonne1
yyyyy
yyyyyy
z12345
z123456
zabala
zac efron
zac123
zacarias
zacatecas
zacefron
zacefron1
zach
zach123
zachariah
zachary
zachary1
zachary2
zachary7
zachery
zachery1
zack12
zack123
zackary
zackery
zacky
zafira
zafiro
zahara
zahira
zahra
zaido
zainab
zainal
zaira
zaizai
zakaria
zakiah
zakiya
zakura
zaldy
zambia
zamboanga
zambrano
zamira
zamora
zamudio
zamzam
zanahoria
zander
zander1
zandra
zandro
zanessa
zangetsu
zanzibar
zapacita
zapanta
zapata
zapato
zapatos
zapper
zaq!2wsx
zaq123
zaq12wsx
zaq1xsw2
zaqwsx
zaqxsw
zaqxswcde
zaragoza
zarah
zarate
zariah
zarina
zashley
zavala
zavier
zayra
zayzay
zazaza
zebedee
zebra
zebra1
zebras
zedrick
zeeshan
zelaya
zelda
zelda1
zenaida
zenith
zenzen
zepeda
zephyr
zeppelin
zeppelin1
zerimar
zero00
zero123
zerocool
zeronine
zeroone
zeroordie
zezinho
zidane
zidane10
ziggy
ziggy1
ziggy123
zigzag
zildjian
zimbabwe
zimmer
zimmer483
zimmerman
zinger
zinnia
zionbaby
zipper
zipper1
zippy
zippy1
zircon
zlatan
zodiac
zodiaco
zoe101
zoe123
zoegirl
zoey101
zoey123
zoezoe
zolika
zoltan
zombie
zombie1
zombies
zonnebloem
zonnetje
zoolander
zoomer
zoomzoom
zooyork
zoozoo
zoraida
zorra
zorrita
zorrito
zorro
zorro1
zorros
zouzou
zsazsa
zulaikha
zuleika
zulema
zuleyma
zumiez
zuniga
zuriel
zvezda
zwinky
zxasqw
zxasqw12
zxc123
zxcasd
zxcv123
zxcv1234
zxcvb
zxcvb1
zxcvbn
zxcvbn1
zxcvbnm
zxcvbnm,
zxcvbnm,./
zxcvbnm1
zxcvbnm123
zxczxc
zxzxzx
zxzxzxzxzx
zzzzz
zzzzzz
zzzzzzz
zzzzzzzz
zzzzzzzzzz
à¹/-à¸ à¸à¸¸
